case_index,k,delt,c1sn,c2sn,isice,ivgtyp,seaice,gsw,tabs,tsnav,prcpms,newsnms,vegfra,lai,sat,soilt,snowfallac,alb_snow,alb_snow_free,snowrat,grauprat,icerat,curat,iland_before,snwe_before,snhei_before,snowfrac_before,rhosn_before,rhosnfall_before,cst_before,alb_before,emiss_before,znt_before,ts1d,snhei_crit,snhei_crit_newsn,zntsn,snow_mosaic,snfr,newsn,newsnowratio,snowfracnewsn,rhonewsn,smelt,rainf,rsm,dd1,infiltr,vegfrac,drip,dripsn,dripliq,smf,interw,intersn,infwater,intwratio,gswnew,gswin,albice,albsn,emissn,emiss_snowfree,keep_snow_albedo,snowfrac2,iland_after,snwe_after,snhei_after,snowfrac_after,rhosn_after,rhosnfall_after,cst_after,alb_after,emiss_after,znt_after,tice,rhosice,capice,thdifice
1,1,60,0.0260000005,21,15,10,0,520,291,0,3.99999999e-06,0,65,2.9000001,0.000500000024,292,0,0.699999988,0.180000007,0,0,0,0,10,0,0,0,200,100,0.000479999988,0.219999999,0.920000017,0.075000003,291,0.0800499991,0.00249999994,0.0109999999,1,1,0,0,0,100,0,1,0,0.000509851729,0,0.649999976,9.85170482e-06,0,0,0,2.98517571e-05,0,3.50247069e-06,1,520,666.666687,0.180000007,0.699999988,0.980000019,0.920000017,nan,nan,10,0,0,0,200,100,0.000500000024,0.219999999,0.920000017,0.075000003,0,0,0,0
1,2,60,0.0260000005,21,15,10,0,520,291,0,3.99999999e-06,0,65,2.9000001,0.000500000024,292,0,0.699999988,0.180000007,0,0,0,0,10,0,0,0,200,100,0.000479999988,0.219999999,0.920000017,0.075000003,290.200012,0.0800499991,0.00249999994,0.0109999999,1,1,0,0,0,100,0,1,0,0.000509851729,0,0.649999976,9.85170482e-06,0,0,0,2.98517571e-05,0,3.50247069e-06,1,520,666.666687,0.180000007,0.699999988,0.980000019,0.920000017,nan,nan,10,0,0,0,200,100,0.000500000024,0.219999999,0.920000017,0.075000003,0,0,0,0
1,3,60,0.0260000005,21,15,10,0,520,291,0,3.99999999e-06,0,65,2.9000001,0.000500000024,292,0,0.699999988,0.180000007,0,0,0,0,10,0,0,0,200,100,0.000479999988,0.219999999,0.920000017,0.075000003,289.399994,0.0800499991,0.00249999994,0.0109999999,1,1,0,0,0,100,0,1,0,0.000509851729,0,0.649999976,9.85170482e-06,0,0,0,2.98517571e-05,0,3.50247069e-06,1,520,666.666687,0.180000007,0.699999988,0.980000019,0.920000017,nan,nan,10,0,0,0,200,100,0.000500000024,0.219999999,0.920000017,0.075000003,0,0,0,0
1,4,60,0.0260000005,21,15,10,0,520,291,0,3.99999999e-06,0,65,2.9000001,0.000500000024,292,0,0.699999988,0.180000007,0,0,0,0,10,0,0,0,200,100,0.000479999988,0.219999999,0.920000017,0.075000003,288.600006,0.0800499991,0.00249999994,0.0109999999,1,1,0,0,0,100,0,1,0,0.000509851729,0,0.649999976,9.85170482e-06,0,0,0,2.98517571e-05,0,3.50247069e-06,1,520,666.666687,0.180000007,0.699999988,0.980000019,0.920000017,nan,nan,10,0,0,0,200,100,0.000500000024,0.219999999,0.920000017,0.075000003,0,0,0,0
1,5,60,0.0260000005,21,15,10,0,520,291,0,3.99999999e-06,0,65,2.9000001,0.000500000024,292,0,0.699999988,0.180000007,0,0,0,0,10,0,0,0,200,100,0.000479999988,0.219999999,0.920000017,0.075000003,287.799988,0.0800499991,0.00249999994,0.0109999999,1,1,0,0,0,100,0,1,0,0.000509851729,0,0.649999976,9.85170482e-06,0,0,0,2.98517571e-05,0,3.50247069e-06,1,520,666.666687,0.180000007,0.699999988,0.980000019,0.920000017,nan,nan,10,0,0,0,200,100,0.000500000024,0.219999999,0.920000017,0.075000003,0,0,0,0
1,6,60,0.0260000005,21,15,10,0,520,291,0,3.99999999e-06,0,65,2.9000001,0.000500000024,292,0,0.699999988,0.180000007,0,0,0,0,10,0,0,0,200,100,0.000479999988,0.219999999,0.920000017,0.075000003,287,0.0800499991,0.00249999994,0.0109999999,1,1,0,0,0,100,0,1,0,0.000509851729,0,0.649999976,9.85170482e-06,0,0,0,2.98517571e-05,0,3.50247069e-06,1,520,666.666687,0.180000007,0.699999988,0.980000019,0.920000017,nan,nan,10,0,0,0,200,100,0.000500000024,0.219999999,0.920000017,0.075000003,0,0,0,0
1,7,60,0.0260000005,21,15,10,0,520,291,0,3.99999999e-06,0,65,2.9000001,0.000500000024,292,0,0.699999988,0.180000007,0,0,0,0,10,0,0,0,200,100,0.000479999988,0.219999999,0.920000017,0.075000003,286.200012,0.0800499991,0.00249999994,0.0109999999,1,1,0,0,0,100,0,1,0,0.000509851729,0,0.649999976,9.85170482e-06,0,0,0,2.98517571e-05,0,3.50247069e-06,1,520,666.666687,0.180000007,0.699999988,0.980000019,0.920000017,nan,nan,10,0,0,0,200,100,0.000500000024,0.219999999,0.920000017,0.075000003,0,0,0,0
1,8,60,0.0260000005,21,15,10,0,520,291,0,3.99999999e-06,0,65,2.9000001,0.000500000024,292,0,0.699999988,0.180000007,0,0,0,0,10,0,0,0,200,100,0.000479999988,0.219999999,0.920000017,0.075000003,285.399994,0.0800499991,0.00249999994,0.0109999999,1,1,0,0,0,100,0,1,0,0.000509851729,0,0.649999976,9.85170482e-06,0,0,0,2.98517571e-05,0,3.50247069e-06,1,520,666.666687,0.180000007,0.699999988,0.980000019,0.920000017,nan,nan,10,0,0,0,200,100,0.000500000024,0.219999999,0.920000017,0.075000003,0,0,0,0
1,9,60,0.0260000005,21,15,10,0,520,291,0,3.99999999e-06,0,65,2.9000001,0.000500000024,292,0,0.699999988,0.180000007,0,0,0,0,10,0,0,0,200,100,0.000479999988,0.219999999,0.920000017,0.075000003,284.600006,0.0800499991,0.00249999994,0.0109999999,1,1,0,0,0,100,0,1,0,0.000509851729,0,0.649999976,9.85170482e-06,0,0,0,2.98517571e-05,0,3.50247069e-06,1,520,666.666687,0.180000007,0.699999988,0.980000019,0.920000017,nan,nan,10,0,0,0,200,100,0.000500000024,0.219999999,0.920000017,0.075000003,0,0,0,0
2,1,30,0.0260000005,21,15,16,0,480,288,0,6.00000021e-06,0,0,0.75,0.000500000024,289,0,0.699999988,0.180000007,0,0,0,0,16,0,0,0,200,100,9.99999975e-05,0.180000007,0.930000007,0.0649999976,288,0.0800499991,0.00249999994,0.0109999999,1,1,0,0,0,100,0,1,0,0,0,0,0,0,0,0,0,0,6.00000021e-06,0,480,585.365845,0.180000007,0.699999988,0.980000019,0.850000024,nan,nan,16,0,0,0,200,100,0,0.180000007,0.930000007,0.0649999976,0,0,0,0
2,2,30,0.0260000005,21,15,16,0,480,288,0,6.00000021e-06,0,0,0.75,0.000500000024,289,0,0.699999988,0.180000007,0,0,0,0,16,0,0,0,200,100,9.99999975e-05,0.180000007,0.930000007,0.0649999976,287.5,0.0800499991,0.00249999994,0.0109999999,1,1,0,0,0,100,0,1,0,0,0,0,0,0,0,0,0,0,6.00000021e-06,0,480,585.365845,0.180000007,0.699999988,0.980000019,0.850000024,nan,nan,16,0,0,0,200,100,0,0.180000007,0.930000007,0.0649999976,0,0,0,0
2,3,30,0.0260000005,21,15,16,0,480,288,0,6.00000021e-06,0,0,0.75,0.000500000024,289,0,0.699999988,0.180000007,0,0,0,0,16,0,0,0,200,100,9.99999975e-05,0.180000007,0.930000007,0.0649999976,287,0.0800499991,0.00249999994,0.0109999999,1,1,0,0,0,100,0,1,0,0,0,0,0,0,0,0,0,0,6.00000021e-06,0,480,585.365845,0.180000007,0.699999988,0.980000019,0.850000024,nan,nan,16,0,0,0,200,100,0,0.180000007,0.930000007,0.0649999976,0,0,0,0
2,4,30,0.0260000005,21,15,16,0,480,288,0,6.00000021e-06,0,0,0.75,0.000500000024,289,0,0.699999988,0.180000007,0,0,0,0,16,0,0,0,200,100,9.99999975e-05,0.180000007,0.930000007,0.0649999976,286.5,0.0800499991,0.00249999994,0.0109999999,1,1,0,0,0,100,0,1,0,0,0,0,0,0,0,0,0,0,6.00000021e-06,0,480,585.365845,0.180000007,0.699999988,0.980000019,0.850000024,nan,nan,16,0,0,0,200,100,0,0.180000007,0.930000007,0.0649999976,0,0,0,0
2,5,30,0.0260000005,21,15,16,0,480,288,0,6.00000021e-06,0,0,0.75,0.000500000024,289,0,0.699999988,0.180000007,0,0,0,0,16,0,0,0,200,100,9.99999975e-05,0.180000007,0.930000007,0.0649999976,286,0.0800499991,0.00249999994,0.0109999999,1,1,0,0,0,100,0,1,0,0,0,0,0,0,0,0,0,0,6.00000021e-06,0,480,585.365845,0.180000007,0.699999988,0.980000019,0.850000024,nan,nan,16,0,0,0,200,100,0,0.180000007,0.930000007,0.0649999976,0,0,0,0
2,6,30,0.0260000005,21,15,16,0,480,288,0,6.00000021e-06,0,0,0.75,0.000500000024,289,0,0.699999988,0.180000007,0,0,0,0,16,0,0,0,200,100,9.99999975e-05,0.180000007,0.930000007,0.0649999976,285.5,0.0800499991,0.00249999994,0.0109999999,1,1,0,0,0,100,0,1,0,0,0,0,0,0,0,0,0,0,6.00000021e-06,0,480,585.365845,0.180000007,0.699999988,0.980000019,0.850000024,nan,nan,16,0,0,0,200,100,0,0.180000007,0.930000007,0.0649999976,0,0,0,0
2,7,30,0.0260000005,21,15,16,0,480,288,0,6.00000021e-06,0,0,0.75,0.000500000024,289,0,0.699999988,0.180000007,0,0,0,0,16,0,0,0,200,100,9.99999975e-05,0.180000007,0.930000007,0.0649999976,285,0.0800499991,0.00249999994,0.0109999999,1,1,0,0,0,100,0,1,0,0,0,0,0,0,0,0,0,0,6.00000021e-06,0,480,585.365845,0.180000007,0.699999988,0.980000019,0.850000024,nan,nan,16,0,0,0,200,100,0,0.180000007,0.930000007,0.0649999976,0,0,0,0
2,8,30,0.0260000005,21,15,16,0,480,288,0,6.00000021e-06,0,0,0.75,0.000500000024,289,0,0.699999988,0.180000007,0,0,0,0,16,0,0,0,200,100,9.99999975e-05,0.180000007,0.930000007,0.0649999976,284.5,0.0800499991,0.00249999994,0.0109999999,1,1,0,0,0,100,0,1,0,0,0,0,0,0,0,0,0,0,6.00000021e-06,0,480,585.365845,0.180000007,0.699999988,0.980000019,0.850000024,nan,nan,16,0,0,0,200,100,0,0.180000007,0.930000007,0.0649999976,0,0,0,0
2,9,30,0.0260000005,21,15,16,0,480,288,0,6.00000021e-06,0,0,0.75,0.000500000024,289,0,0.699999988,0.180000007,0,0,0,0,16,0,0,0,200,100,9.99999975e-05,0.180000007,0.930000007,0.0649999976,284,0.0800499991,0.00249999994,0.0109999999,1,1,0,0,0,100,0,1,0,0,0,0,0,0,0,0,0,0,6.00000021e-06,0,480,585.365845,0.180000007,0.699999988,0.980000019,0.850000024,nan,nan,16,0,0,0,200,100,0,0.180000007,0.930000007,0.0649999976,0,0,0,0
3,1,120,0.0260000005,21,15,10,0,120,271,-2,0,0,0,2.9000001,0.000500000024,271.200012,0,0.349999994,0.180000007,0,0,0,0,10,0.5,5,1,100,100,0,0.349999994,0.920000017,0.150000006,272,0.160099998,0.00499999989,0.0109999999,0,1,0,0,0,100,0,0,0,0,0,0,0,0,0,0,0,0,0,0,120,184.615387,0.180000007,0.349999994,0.980000019,0.920000017,0,1,15,0.5,5,1,100.22657,100,0,0.349999994,0.980000019,0.0109999999,0,0,0,0
3,2,120,0.0260000005,21,15,10,0,120,271,-2,0,0,0,2.9000001,0.000500000024,271.200012,0,0.349999994,0.180000007,0,0,0,0,10,0.5,5,1,100,100,0,0.349999994,0.920000017,0.150000006,272.299988,0.160099998,0.00499999989,0.0109999999,0,1,0,0,0,100,0,0,0,0,0,0,0,0,0,0,0,0,0,0,120,184.615387,0.180000007,0.349999994,0.980000019,0.920000017,0,1,15,0.5,5,1,100.22657,100,0,0.349999994,0.980000019,0.0109999999,0,0,0,0
3,3,120,0.0260000005,21,15,10,0,120,271,-2,0,0,0,2.9000001,0.000500000024,271.200012,0,0.349999994,0.180000007,0,0,0,0,10,0.5,5,1,100,100,0,0.349999994,0.920000017,0.150000006,272.600006,0.160099998,0.00499999989,0.0109999999,0,1,0,0,0,100,0,0,0,0,0,0,0,0,0,0,0,0,0,0,120,184.615387,0.180000007,0.349999994,0.980000019,0.920000017,0,1,15,0.5,5,1,100.22657,100,0,0.349999994,0.980000019,0.0109999999,0,0,0,0
3,4,120,0.0260000005,21,15,10,0,120,271,-2,0,0,0,2.9000001,0.000500000024,271.200012,0,0.349999994,0.180000007,0,0,0,0,10,0.5,5,1,100,100,0,0.349999994,0.920000017,0.150000006,272.899994,0.160099998,0.00499999989,0.0109999999,0,1,0,0,0,100,0,0,0,0,0,0,0,0,0,0,0,0,0,0,120,184.615387,0.180000007,0.349999994,0.980000019,0.920000017,0,1,15,0.5,5,1,100.22657,100,0,0.349999994,0.980000019,0.0109999999,0,0,0,0
3,5,120,0.0260000005,21,15,10,0,120,271,-2,0,0,0,2.9000001,0.000500000024,271.200012,0,0.349999994,0.180000007,0,0,0,0,10,0.5,5,1,100,100,0,0.349999994,0.920000017,0.150000006,273.200012,0.160099998,0.00499999989,0.0109999999,0,1,0,0,0,100,0,0,0,0,0,0,0,0,0,0,0,0,0,0,120,184.615387,0.180000007,0.349999994,0.980000019,0.920000017,0,1,15,0.5,5,1,100.22657,100,0,0.349999994,0.980000019,0.0109999999,0,0,0,0
3,6,120,0.0260000005,21,15,10,0,120,271,-2,0,0,0,2.9000001,0.000500000024,271.200012,0,0.349999994,0.180000007,0,0,0,0,10,0.5,5,1,100,100,0,0.349999994,0.920000017,0.150000006,273.5,0.160099998,0.00499999989,0.0109999999,0,1,0,0,0,100,0,0,0,0,0,0,0,0,0,0,0,0,0,0,120,184.615387,0.180000007,0.349999994,0.980000019,0.920000017,0,1,15,0.5,5,1,100.22657,100,0,0.349999994,0.980000019,0.0109999999,0,0,0,0
3,7,120,0.0260000005,21,15,10,0,120,271,-2,0,0,0,2.9000001,0.000500000024,271.200012,0,0.349999994,0.180000007,0,0,0,0,10,0.5,5,1,100,100,0,0.349999994,0.920000017,0.150000006,273.799988,0.160099998,0.00499999989,0.0109999999,0,1,0,0,0,100,0,0,0,0,0,0,0,0,0,0,0,0,0,0,120,184.615387,0.180000007,0.349999994,0.980000019,0.920000017,0,1,15,0.5,5,1,100.22657,100,0,0.349999994,0.980000019,0.0109999999,0,0,0,0
3,8,120,0.0260000005,21,15,10,0,120,271,-2,0,0,0,2.9000001,0.000500000024,271.200012,0,0.349999994,0.180000007,0,0,0,0,10,0.5,5,1,100,100,0,0.349999994,0.920000017,0.150000006,274.100006,0.160099998,0.00499999989,0.0109999999,0,1,0,0,0,100,0,0,0,0,0,0,0,0,0,0,0,0,0,0,120,184.615387,0.180000007,0.349999994,0.980000019,0.920000017,0,1,15,0.5,5,1,100.22657,100,0,0.349999994,0.980000019,0.0109999999,0,0,0,0
3,9,120,0.0260000005,21,15,10,0,120,271,-2,0,0,0,2.9000001,0.000500000024,271.200012,0,0.349999994,0.180000007,0,0,0,0,10,0.5,5,1,100,100,0,0.349999994,0.920000017,0.150000006,274.399994,0.160099998,0.00499999989,0.0109999999,0,1,0,0,0,100,0,0,0,0,0,0,0,0,0,0,0,0,0,0,120,184.615387,0.180000007,0.349999994,0.980000019,0.920000017,0,1,15,0.5,5,1,100.22657,100,0,0.349999994,0.980000019,0.0109999999,0,0,0,0
4,1,60,0.0260000005,21,15,10,0,60,266,-8,0,0,20,2.9000001,0.000500000024,265,0,0.699999988,0.180000007,0,0,0,0,10,0.00499999989,0.0250000004,0.800000012,200,100,0,0.400000006,0.920000017,0.0500000007,264,0.0800499991,0.00249999994,0.0109999999,1,1,0,0,0,100,0,0,0,0,0,0.199999988,0,0,0,0,0,0,0,0,60,99.9999924,0.180000007,0.699999988,0.980000019,0.920000017,0,0.0996679962,15,0.00499999989,0.0250000004,0.127910197,200,100,0,0.687049925,0.980000019,0.0324500017,0,0,0,0
4,2,60,0.0260000005,21,15,10,0,60,266,-8,0,0,20,2.9000001,0.000500000024,265,0,0.699999988,0.180000007,0,0,0,0,10,0.00499999989,0.0250000004,0.800000012,200,100,0,0.400000006,0.920000017,0.0500000007,264.799988,0.0800499991,0.00249999994,0.0109999999,1,1,0,0,0,100,0,0,0,0,0,0.199999988,0,0,0,0,0,0,0,0,60,99.9999924,0.180000007,0.699999988,0.980000019,0.920000017,0,0.0996679962,15,0.00499999989,0.0250000004,0.127910197,200,100,0,0.687049925,0.980000019,0.0324500017,0,0,0,0
4,3,60,0.0260000005,21,15,10,0,60,266,-8,0,0,20,2.9000001,0.000500000024,265,0,0.699999988,0.180000007,0,0,0,0,10,0.00499999989,0.0250000004,0.800000012,200,100,0,0.400000006,0.920000017,0.0500000007,265.600006,0.0800499991,0.00249999994,0.0109999999,1,1,0,0,0,100,0,0,0,0,0,0.199999988,0,0,0,0,0,0,0,0,60,99.9999924,0.180000007,0.699999988,0.980000019,0.920000017,0,0.0996679962,15,0.00499999989,0.0250000004,0.127910197,200,100,0,0.687049925,0.980000019,0.0324500017,0,0,0,0
4,4,60,0.0260000005,21,15,10,0,60,266,-8,0,0,20,2.9000001,0.000500000024,265,0,0.699999988,0.180000007,0,0,0,0,10,0.00499999989,0.0250000004,0.800000012,200,100,0,0.400000006,0.920000017,0.0500000007,266.399994,0.0800499991,0.00249999994,0.0109999999,1,1,0,0,0,100,0,0,0,0,0,0.199999988,0,0,0,0,0,0,0,0,60,99.9999924,0.180000007,0.699999988,0.980000019,0.920000017,0,0.0996679962,15,0.00499999989,0.0250000004,0.127910197,200,100,0,0.687049925,0.980000019,0.0324500017,0,0,0,0
4,5,60,0.0260000005,21,15,10,0,60,266,-8,0,0,20,2.9000001,0.000500000024,265,0,0.699999988,0.180000007,0,0,0,0,10,0.00499999989,0.0250000004,0.800000012,200,100,0,0.400000006,0.920000017,0.0500000007,267.200012,0.0800499991,0.00249999994,0.0109999999,1,1,0,0,0,100,0,0,0,0,0,0.199999988,0,0,0,0,0,0,0,0,60,99.9999924,0.180000007,0.699999988,0.980000019,0.920000017,0,0.0996679962,15,0.00499999989,0.0250000004,0.127910197,200,100,0,0.687049925,0.980000019,0.0324500017,0,0,0,0
4,6,60,0.0260000005,21,15,10,0,60,266,-8,0,0,20,2.9000001,0.000500000024,265,0,0.699999988,0.180000007,0,0,0,0,10,0.00499999989,0.0250000004,0.800000012,200,100,0,0.400000006,0.920000017,0.0500000007,268,0.0800499991,0.00249999994,0.0109999999,1,1,0,0,0,100,0,0,0,0,0,0.199999988,0,0,0,0,0,0,0,0,60,99.9999924,0.180000007,0.699999988,0.980000019,0.920000017,0,0.0996679962,15,0.00499999989,0.0250000004,0.127910197,200,100,0,0.687049925,0.980000019,0.0324500017,0,0,0,0
4,7,60,0.0260000005,21,15,10,0,60,266,-8,0,0,20,2.9000001,0.000500000024,265,0,0.699999988,0.180000007,0,0,0,0,10,0.00499999989,0.0250000004,0.800000012,200,100,0,0.400000006,0.920000017,0.0500000007,268.799988,0.0800499991,0.00249999994,0.0109999999,1,1,0,0,0,100,0,0,0,0,0,0.199999988,0,0,0,0,0,0,0,0,60,99.9999924,0.180000007,0.699999988,0.980000019,0.920000017,0,0.0996679962,15,0.00499999989,0.0250000004,0.127910197,200,100,0,0.687049925,0.980000019,0.0324500017,0,0,0,0
4,8,60,0.0260000005,21,15,10,0,60,266,-8,0,0,20,2.9000001,0.000500000024,265,0,0.699999988,0.180000007,0,0,0,0,10,0.00499999989,0.0250000004,0.800000012,200,100,0,0.400000006,0.920000017,0.0500000007,269.600006,0.0800499991,0.00249999994,0.0109999999,1,1,0,0,0,100,0,0,0,0,0,0.199999988,0,0,0,0,0,0,0,0,60,99.9999924,0.180000007,0.699999988,0.980000019,0.920000017,0,0.0996679962,15,0.00499999989,0.0250000004,0.127910197,200,100,0,0.687049925,0.980000019,0.0324500017,0,0,0,0
4,9,60,0.0260000005,21,15,10,0,60,266,-8,0,0,20,2.9000001,0.000500000024,265,0,0.699999988,0.180000007,0,0,0,0,10,0.00499999989,0.0250000004,0.800000012,200,100,0,0.400000006,0.920000017,0.0500000007,270.399994,0.0800499991,0.00249999994,0.0109999999,1,1,0,0,0,100,0,0,0,0,0,0.199999988,0,0,0,0,0,0,0,0,60,99.9999924,0.180000007,0.699999988,0.980000019,0.920000017,0,0.0996679962,15,0.00499999989,0.0250000004,0.127910197,200,100,0,0.687049925,0.980000019,0.0324500017,0,0,0,0
5,1,60,0.0260000005,21,15,1,0,25,258,-12,0,0,45,6.4000001,0.000500000024,257,0,0.699999988,0.180000007,0,0,0,0,1,0.0359999985,0.0900000036,0.899999976,400,250,0,0.600000024,0.949999988,0.0299999993,265,0.0400249995,0.00124999997,0.0109999999,1,1,0,0,0,100,0,0,0,0,0,0.449999988,0,0,0,0,0,0,0,0,25,62.5000038,0.180000007,0.699999988,0.980000019,0.949999988,0,0.291312665,15,0.0359999985,0.0900000036,0.645656347,400,250,0,0.699999988,0.980000019,0.0148,0,0,0,0
5,2,60,0.0260000005,21,15,1,0,25,258,-12,0,0,45,6.4000001,0.000500000024,257,0,0.699999988,0.180000007,0,0,0,0,1,0.0359999985,0.0900000036,0.899999976,400,250,0,0.600000024,0.949999988,0.0299999993,265.899994,0.0400249995,0.00124999997,0.0109999999,1,1,0,0,0,100,0,0,0,0,0,0.449999988,0,0,0,0,0,0,0,0,25,62.5000038,0.180000007,0.699999988,0.980000019,0.949999988,0,0.291312665,15,0.0359999985,0.0900000036,0.645656347,400,250,0,0.699999988,0.980000019,0.0148,0,0,0,0
5,3,60,0.0260000005,21,15,1,0,25,258,-12,0,0,45,6.4000001,0.000500000024,257,0,0.699999988,0.180000007,0,0,0,0,1,0.0359999985,0.0900000036,0.899999976,400,250,0,0.600000024,0.949999988,0.0299999993,266.799988,0.0400249995,0.00124999997,0.0109999999,1,1,0,0,0,100,0,0,0,0,0,0.449999988,0,0,0,0,0,0,0,0,25,62.5000038,0.180000007,0.699999988,0.980000019,0.949999988,0,0.291312665,15,0.0359999985,0.0900000036,0.645656347,400,250,0,0.699999988,0.980000019,0.0148,0,0,0,0
5,4,60,0.0260000005,21,15,1,0,25,258,-12,0,0,45,6.4000001,0.000500000024,257,0,0.699999988,0.180000007,0,0,0,0,1,0.0359999985,0.0900000036,0.899999976,400,250,0,0.600000024,0.949999988,0.0299999993,267.700012,0.0400249995,0.00124999997,0.0109999999,1,1,0,0,0,100,0,0,0,0,0,0.449999988,0,0,0,0,0,0,0,0,25,62.5000038,0.180000007,0.699999988,0.980000019,0.949999988,0,0.291312665,15,0.0359999985,0.0900000036,0.645656347,400,250,0,0.699999988,0.980000019,0.0148,0,0,0,0
5,5,60,0.0260000005,21,15,1,0,25,258,-12,0,0,45,6.4000001,0.000500000024,257,0,0.699999988,0.180000007,0,0,0,0,1,0.0359999985,0.0900000036,0.899999976,400,250,0,0.600000024,0.949999988,0.0299999993,268.600006,0.0400249995,0.00124999997,0.0109999999,1,1,0,0,0,100,0,0,0,0,0,0.449999988,0,0,0,0,0,0,0,0,25,62.5000038,0.180000007,0.699999988,0.980000019,0.949999988,0,0.291312665,15,0.0359999985,0.0900000036,0.645656347,400,250,0,0.699999988,0.980000019,0.0148,0,0,0,0
5,6,60,0.0260000005,21,15,1,0,25,258,-12,0,0,45,6.4000001,0.000500000024,257,0,0.699999988,0.180000007,0,0,0,0,1,0.0359999985,0.0900000036,0.899999976,400,250,0,0.600000024,0.949999988,0.0299999993,269.5,0.0400249995,0.00124999997,0.0109999999,1,1,0,0,0,100,0,0,0,0,0,0.449999988,0,0,0,0,0,0,0,0,25,62.5000038,0.180000007,0.699999988,0.980000019,0.949999988,0,0.291312665,15,0.0359999985,0.0900000036,0.645656347,400,250,0,0.699999988,0.980000019,0.0148,0,0,0,0
5,7,60,0.0260000005,21,15,1,0,25,258,-12,0,0,45,6.4000001,0.000500000024,257,0,0.699999988,0.180000007,0,0,0,0,1,0.0359999985,0.0900000036,0.899999976,400,250,0,0.600000024,0.949999988,0.0299999993,270.399994,0.0400249995,0.00124999997,0.0109999999,1,1,0,0,0,100,0,0,0,0,0,0.449999988,0,0,0,0,0,0,0,0,25,62.5000038,0.180000007,0.699999988,0.980000019,0.949999988,0,0.291312665,15,0.0359999985,0.0900000036,0.645656347,400,250,0,0.699999988,0.980000019,0.0148,0,0,0,0
5,8,60,0.0260000005,21,15,1,0,25,258,-12,0,0,45,6.4000001,0.000500000024,257,0,0.699999988,0.180000007,0,0,0,0,1,0.0359999985,0.0900000036,0.899999976,400,250,0,0.600000024,0.949999988,0.0299999993,271.299988,0.0400249995,0.00124999997,0.0109999999,1,1,0,0,0,100,0,0,0,0,0,0.449999988,0,0,0,0,0,0,0,0,25,62.5000038,0.180000007,0.699999988,0.980000019,0.949999988,0,0.291312665,15,0.0359999985,0.0900000036,0.645656347,400,250,0,0.699999988,0.980000019,0.0148,0,0,0,0
5,9,60,0.0260000005,21,15,1,0,25,258,-12,0,0,45,6.4000001,0.000500000024,257,0,0.699999988,0.180000007,0,0,0,0,1,0.0359999985,0.0900000036,0.899999976,400,250,0,0.600000024,0.949999988,0.0299999993,272.200012,0.0400249995,0.00124999997,0.0109999999,1,1,0,0,0,100,0,0,0,0,0,0.449999988,0,0,0,0,0,0,0,0,25,62.5000038,0.180000007,0.699999988,0.980000019,0.949999988,0,0.291312665,15,0.0359999985,0.0900000036,0.645656347,400,250,0,0.699999988,0.980000019,0.0148,0,0,0,0
6,1,60,0.0260000005,21,15,10,0,90,272.5,-1.5,3.00000011e-06,1.99999999e-06,55,2.9000001,0.000500000024,271.799988,0.0199999996,0.699999988,0.180000007,0.75,0.100000001,0.100000001,0.0500000007,10,0.00999999978,0.0666666701,0.5,150,100,0.000490000006,0.449999988,0.920000017,0.075000003,271.5,0.106733337,0.00333333341,0.0109999999,1,1,0.000725347782,0.0118577071,0.00600000005,165.437881,0,1,0,0.000521573995,0,0.550000012,2.1573971e-05,0,0,0,1.89443872e-05,1.26295909e-05,1.56286442e-05,0.600000024,90,163.636353,0.180000007,0.699999988,0.980000019,0.920000017,0,0.376290739,15,0.0101159997,0.0673578009,0.345916599,150.18306,165.437881,0.000500000024,0.649999976,0.980000019,0.075000003,0,0,0,0
6,2,60,0.0260000005,21,15,10,0,90,272.5,-1.5,3.00000011e-06,1.99999999e-06,55,2.9000001,0.000500000024,271.799988,0.0199999996,0.699999988,0.180000007,0.75,0.100000001,0.100000001,0.0500000007,10,0.00999999978,0.0666666701,0.5,150,100,0.000490000006,0.449999988,0.920000017,0.075000003,271.899994,0.106733337,0.00333333341,0.0109999999,1,1,0.000725347782,0.0118577071,0.00600000005,165.437881,0,1,0,0.000521573995,0,0.550000012,2.1573971e-05,0,0,0,1.89443872e-05,1.26295909e-05,1.56286442e-05,0.600000024,90,163.636353,0.180000007,0.699999988,0.980000019,0.920000017,0,0.376290739,15,0.0101159997,0.0673578009,0.345916599,150.18306,165.437881,0.000500000024,0.649999976,0.980000019,0.075000003,0,0,0,0
6,3,60,0.0260000005,21,15,10,0,90,272.5,-1.5,3.00000011e-06,1.99999999e-06,55,2.9000001,0.000500000024,271.799988,0.0199999996,0.699999988,0.180000007,0.75,0.100000001,0.100000001,0.0500000007,10,0.00999999978,0.0666666701,0.5,150,100,0.000490000006,0.449999988,0.920000017,0.075000003,272.299988,0.106733337,0.00333333341,0.0109999999,1,1,0.000725347782,0.0118577071,0.00600000005,165.437881,0,1,0,0.000521573995,0,0.550000012,2.1573971e-05,0,0,0,1.89443872e-05,1.26295909e-05,1.56286442e-05,0.600000024,90,163.636353,0.180000007,0.699999988,0.980000019,0.920000017,0,0.376290739,15,0.0101159997,0.0673578009,0.345916599,150.18306,165.437881,0.000500000024,0.649999976,0.980000019,0.075000003,0,0,0,0
6,4,60,0.0260000005,21,15,10,0,90,272.5,-1.5,3.00000011e-06,1.99999999e-06,55,2.9000001,0.000500000024,271.799988,0.0199999996,0.699999988,0.180000007,0.75,0.100000001,0.100000001,0.0500000007,10,0.00999999978,0.0666666701,0.5,150,100,0.000490000006,0.449999988,0.920000017,0.075000003,272.700012,0.106733337,0.00333333341,0.0109999999,1,1,0.000725347782,0.0118577071,0.00600000005,165.437881,0,1,0,0.000521573995,0,0.550000012,2.1573971e-05,0,0,0,1.89443872e-05,1.26295909e-05,1.56286442e-05,0.600000024,90,163.636353,0.180000007,0.699999988,0.980000019,0.920000017,0,0.376290739,15,0.0101159997,0.0673578009,0.345916599,150.18306,165.437881,0.000500000024,0.649999976,0.980000019,0.075000003,0,0,0,0
6,5,60,0.0260000005,21,15,10,0,90,272.5,-1.5,3.00000011e-06,1.99999999e-06,55,2.9000001,0.000500000024,271.799988,0.0199999996,0.699999988,0.180000007,0.75,0.100000001,0.100000001,0.0500000007,10,0.00999999978,0.0666666701,0.5,150,100,0.000490000006,0.449999988,0.920000017,0.075000003,273.100006,0.106733337,0.00333333341,0.0109999999,1,1,0.000725347782,0.0118577071,0.00600000005,165.437881,0,1,0,0.000521573995,0,0.550000012,2.1573971e-05,0,0,0,1.89443872e-05,1.26295909e-05,1.56286442e-05,0.600000024,90,163.636353,0.180000007,0.699999988,0.980000019,0.920000017,0,0.376290739,15,0.0101159997,0.0673578009,0.345916599,150.18306,165.437881,0.000500000024,0.649999976,0.980000019,0.075000003,0,0,0,0
6,6,60,0.0260000005,21,15,10,0,90,272.5,-1.5,3.00000011e-06,1.99999999e-06,55,2.9000001,0.000500000024,271.799988,0.0199999996,0.699999988,0.180000007,0.75,0.100000001,0.100000001,0.0500000007,10,0.00999999978,0.0666666701,0.5,150,100,0.000490000006,0.449999988,0.920000017,0.075000003,273.5,0.106733337,0.00333333341,0.0109999999,1,1,0.000725347782,0.0118577071,0.00600000005,165.437881,0,1,0,0.000521573995,0,0.550000012,2.1573971e-05,0,0,0,1.89443872e-05,1.26295909e-05,1.56286442e-05,0.600000024,90,163.636353,0.180000007,0.699999988,0.980000019,0.920000017,0,0.376290739,15,0.0101159997,0.0673578009,0.345916599,150.18306,165.437881,0.000500000024,0.649999976,0.980000019,0.075000003,0,0,0,0
6,7,60,0.0260000005,21,15,10,0,90,272.5,-1.5,3.00000011e-06,1.99999999e-06,55,2.9000001,0.000500000024,271.799988,0.0199999996,0.699999988,0.180000007,0.75,0.100000001,0.100000001,0.0500000007,10,0.00999999978,0.0666666701,0.5,150,100,0.000490000006,0.449999988,0.920000017,0.075000003,273.899994,0.106733337,0.00333333341,0.0109999999,1,1,0.000725347782,0.0118577071,0.00600000005,165.437881,0,1,0,0.000521573995,0,0.550000012,2.1573971e-05,0,0,0,1.89443872e-05,1.26295909e-05,1.56286442e-05,0.600000024,90,163.636353,0.180000007,0.699999988,0.980000019,0.920000017,0,0.376290739,15,0.0101159997,0.0673578009,0.345916599,150.18306,165.437881,0.000500000024,0.649999976,0.980000019,0.075000003,0,0,0,0
6,8,60,0.0260000005,21,15,10,0,90,272.5,-1.5,3.00000011e-06,1.99999999e-06,55,2.9000001,0.000500000024,271.799988,0.0199999996,0.699999988,0.180000007,0.75,0.100000001,0.100000001,0.0500000007,10,0.00999999978,0.0666666701,0.5,150,100,0.000490000006,0.449999988,0.920000017,0.075000003,274.299988,0.106733337,0.00333333341,0.0109999999,1,1,0.000725347782,0.0118577071,0.00600000005,165.437881,0,1,0,0.000521573995,0,0.550000012,2.1573971e-05,0,0,0,1.89443872e-05,1.26295909e-05,1.56286442e-05,0.600000024,90,163.636353,0.180000007,0.699999988,0.980000019,0.920000017,0,0.376290739,15,0.0101159997,0.0673578009,0.345916599,150.18306,165.437881,0.000500000024,0.649999976,0.980000019,0.075000003,0,0,0,0
6,9,60,0.0260000005,21,15,10,0,90,272.5,-1.5,3.00000011e-06,1.99999999e-06,55,2.9000001,0.000500000024,271.799988,0.0199999996,0.699999988,0.180000007,0.75,0.100000001,0.100000001,0.0500000007,10,0.00999999978,0.0666666701,0.5,150,100,0.000490000006,0.449999988,0.920000017,0.075000003,274.700012,0.106733337,0.00333333341,0.0109999999,1,1,0.000725347782,0.0118577071,0.00600000005,165.437881,0,1,0,0.000521573995,0,0.550000012,2.1573971e-05,0,0,0,1.89443872e-05,1.26295909e-05,1.56286442e-05,0.600000024,90,163.636353,0.180000007,0.699999988,0.980000019,0.920000017,0,0.376290739,15,0.0101159997,0.0673578009,0.345916599,150.18306,165.437881,0.000500000024,0.649999976,0.980000019,0.075000003,0,0,0,0
7,1,60,0.0260000005,21,15,10,0,70,268,-6,9.99999997e-07,4.99999987e-06,35,2.9000001,0.00039999999,267,8,0.349999994,0.180000007,1,0,0,0,10,0.0199999996,0.166666672,0.850000024,120,100,0.000494999986,0.330000013,0.920000017,0.075000003,266,0.133416668,0.00416666688,0.0109999999,0,1,0.00439149747,0.0147783253,1,68.3138199,0,1,0,0.000519110996,0,0.349999994,0.000119111006,0,0,0,4.01850593e-06,2.00925278e-05,9.33024921e-07,0.166666687,70,104.477615,0.180000007,0.699999988,0.980000019,0.920000017,1,0.479825705,15,0.0203990173,0.171080783,0.560488939,119.236168,68.3138199,0.00039999999,0.699999988,0.980000019,0.075000003,0,0,0,0
7,2,60,0.0260000005,21,15,10,0,70,268,-6,9.99999997e-07,4.99999987e-06,35,2.9000001,0.00039999999,267,8,0.349999994,0.180000007,1,0,0,0,10,0.0199999996,0.166666672,0.850000024,120,100,0.000494999986,0.330000013,0.920000017,0.075000003,266.700012,0.133416668,0.00416666688,0.0109999999,0,1,0.00439149747,0.0147783253,1,68.3138199,0,1,0,0.000519110996,0,0.349999994,0.000119111006,0,0,0,4.01850593e-06,2.00925278e-05,9.33024921e-07,0.166666687,70,104.477615,0.180000007,0.699999988,0.980000019,0.920000017,1,0.479825705,15,0.0203990173,0.171080783,0.560488939,119.236168,68.3138199,0.00039999999,0.699999988,0.980000019,0.075000003,0,0,0,0
7,3,60,0.0260000005,21,15,10,0,70,268,-6,9.99999997e-07,4.99999987e-06,35,2.9000001,0.00039999999,267,8,0.349999994,0.180000007,1,0,0,0,10,0.0199999996,0.166666672,0.850000024,120,100,0.000494999986,0.330000013,0.920000017,0.075000003,267.399994,0.133416668,0.00416666688,0.0109999999,0,1,0.00439149747,0.0147783253,1,68.3138199,0,1,0,0.000519110996,0,0.349999994,0.000119111006,0,0,0,4.01850593e-06,2.00925278e-05,9.33024921e-07,0.166666687,70,104.477615,0.180000007,0.699999988,0.980000019,0.920000017,1,0.479825705,15,0.0203990173,0.171080783,0.560488939,119.236168,68.3138199,0.00039999999,0.699999988,0.980000019,0.075000003,0,0,0,0
7,4,60,0.0260000005,21,15,10,0,70,268,-6,9.99999997e-07,4.99999987e-06,35,2.9000001,0.00039999999,267,8,0.349999994,0.180000007,1,0,0,0,10,0.0199999996,0.166666672,0.850000024,120,100,0.000494999986,0.330000013,0.920000017,0.075000003,268.100006,0.133416668,0.00416666688,0.0109999999,0,1,0.00439149747,0.0147783253,1,68.3138199,0,1,0,0.000519110996,0,0.349999994,0.000119111006,0,0,0,4.01850593e-06,2.00925278e-05,9.33024921e-07,0.166666687,70,104.477615,0.180000007,0.699999988,0.980000019,0.920000017,1,0.479825705,15,0.0203990173,0.171080783,0.560488939,119.236168,68.3138199,0.00039999999,0.699999988,0.980000019,0.075000003,0,0,0,0
7,5,60,0.0260000005,21,15,10,0,70,268,-6,9.99999997e-07,4.99999987e-06,35,2.9000001,0.00039999999,267,8,0.349999994,0.180000007,1,0,0,0,10,0.0199999996,0.166666672,0.850000024,120,100,0.000494999986,0.330000013,0.920000017,0.075000003,268.799988,0.133416668,0.00416666688,0.0109999999,0,1,0.00439149747,0.0147783253,1,68.3138199,0,1,0,0.000519110996,0,0.349999994,0.000119111006,0,0,0,4.01850593e-06,2.00925278e-05,9.33024921e-07,0.166666687,70,104.477615,0.180000007,0.699999988,0.980000019,0.920000017,1,0.479825705,15,0.0203990173,0.171080783,0.560488939,119.236168,68.3138199,0.00039999999,0.699999988,0.980000019,0.075000003,0,0,0,0
7,6,60,0.0260000005,21,15,10,0,70,268,-6,9.99999997e-07,4.99999987e-06,35,2.9000001,0.00039999999,267,8,0.349999994,0.180000007,1,0,0,0,10,0.0199999996,0.166666672,0.850000024,120,100,0.000494999986,0.330000013,0.920000017,0.075000003,269.5,0.133416668,0.00416666688,0.0109999999,0,1,0.00439149747,0.0147783253,1,68.3138199,0,1,0,0.000519110996,0,0.349999994,0.000119111006,0,0,0,4.01850593e-06,2.00925278e-05,9.33024921e-07,0.166666687,70,104.477615,0.180000007,0.699999988,0.980000019,0.920000017,1,0.479825705,15,0.0203990173,0.171080783,0.560488939,119.236168,68.3138199,0.00039999999,0.699999988,0.980000019,0.075000003,0,0,0,0
7,7,60,0.0260000005,21,15,10,0,70,268,-6,9.99999997e-07,4.99999987e-06,35,2.9000001,0.00039999999,267,8,0.349999994,0.180000007,1,0,0,0,10,0.0199999996,0.166666672,0.850000024,120,100,0.000494999986,0.330000013,0.920000017,0.075000003,270.200012,0.133416668,0.00416666688,0.0109999999,0,1,0.00439149747,0.0147783253,1,68.3138199,0,1,0,0.000519110996,0,0.349999994,0.000119111006,0,0,0,4.01850593e-06,2.00925278e-05,9.33024921e-07,0.166666687,70,104.477615,0.180000007,0.699999988,0.980000019,0.920000017,1,0.479825705,15,0.0203990173,0.171080783,0.560488939,119.236168,68.3138199,0.00039999999,0.699999988,0.980000019,0.075000003,0,0,0,0
7,8,60,0.0260000005,21,15,10,0,70,268,-6,9.99999997e-07,4.99999987e-06,35,2.9000001,0.00039999999,267,8,0.349999994,0.180000007,1,0,0,0,10,0.0199999996,0.166666672,0.850000024,120,100,0.000494999986,0.330000013,0.920000017,0.075000003,270.899994,0.133416668,0.00416666688,0.0109999999,0,1,0.00439149747,0.0147783253,1,68.3138199,0,1,0,0.000519110996,0,0.349999994,0.000119111006,0,0,0,4.01850593e-06,2.00925278e-05,9.33024921e-07,0.166666687,70,104.477615,0.180000007,0.699999988,0.980000019,0.920000017,1,0.479825705,15,0.0203990173,0.171080783,0.560488939,119.236168,68.3138199,0.00039999999,0.699999988,0.980000019,0.075000003,0,0,0,0
7,9,60,0.0260000005,21,15,10,0,70,268,-6,9.99999997e-07,4.99999987e-06,35,2.9000001,0.00039999999,267,8,0.349999994,0.180000007,1,0,0,0,10,0.0199999996,0.166666672,0.850000024,120,100,0.000494999986,0.330000013,0.920000017,0.075000003,271.600006,0.133416668,0.00416666688,0.0109999999,0,1,0.00439149747,0.0147783253,1,68.3138199,0,1,0,0.000519110996,0,0.349999994,0.000119111006,0,0,0,4.01850593e-06,2.00925278e-05,9.33024921e-07,0.166666687,70,104.477615,0.180000007,0.699999988,0.980000019,0.920000017,1,0.479825705,15,0.0203990173,0.171080783,0.560488939,119.236168,68.3138199,0.00039999999,0.699999988,0.980000019,0.075000003,0,0,0,0
8,1,60,0.0260000005,21,15,12,0,110,274,-0.5,0,7.99999998e-06,30,5.67999983,0.000500000024,272.899994,5,0.699999988,0.180000007,0,1,0,0,12,0.0299999993,0.119999997,0.949999988,250,100,0,0.550000012,0.935000002,0.200000003,272,0.0640399978,0.00200000009,0.0109999999,1,1,0.000959999976,0.0157480314,1,500,0,0,0,3.38966747e-05,0,0.299999982,0,0,0,0,0,3.38966747e-05,0,0,110,244.444458,0.180000007,0.699999988,0.980000019,0.935000002,0,0.439934582,15,0.0304461028,0.119896278,0.688019633,253.937012,500,3.38966747e-05,0.649999976,0.980000019,0.200000003,0,0,0,0
8,2,60,0.0260000005,21,15,12,0,110,274,-0.5,0,7.99999998e-06,30,5.67999983,0.000500000024,272.899994,5,0.699999988,0.180000007,0,1,0,0,12,0.0299999993,0.119999997,0.949999988,250,100,0,0.550000012,0.935000002,0.200000003,272.299988,0.0640399978,0.00200000009,0.0109999999,1,1,0.000959999976,0.0157480314,1,500,0,0,0,3.38966747e-05,0,0.299999982,0,0,0,0,0,3.38966747e-05,0,0,110,244.444458,0.180000007,0.699999988,0.980000019,0.935000002,0,0.439934582,15,0.0304461028,0.119896278,0.688019633,253.937012,500,3.38966747e-05,0.649999976,0.980000019,0.200000003,0,0,0,0
8,3,60,0.0260000005,21,15,12,0,110,274,-0.5,0,7.99999998e-06,30,5.67999983,0.000500000024,272.899994,5,0.699999988,0.180000007,0,1,0,0,12,0.0299999993,0.119999997,0.949999988,250,100,0,0.550000012,0.935000002,0.200000003,272.600006,0.0640399978,0.00200000009,0.0109999999,1,1,0.000959999976,0.0157480314,1,500,0,0,0,3.38966747e-05,0,0.299999982,0,0,0,0,0,3.38966747e-05,0,0,110,244.444458,0.180000007,0.699999988,0.980000019,0.935000002,0,0.439934582,15,0.0304461028,0.119896278,0.688019633,253.937012,500,3.38966747e-05,0.649999976,0.980000019,0.200000003,0,0,0,0
8,4,60,0.0260000005,21,15,12,0,110,274,-0.5,0,7.99999998e-06,30,5.67999983,0.000500000024,272.899994,5,0.699999988,0.180000007,0,1,0,0,12,0.0299999993,0.119999997,0.949999988,250,100,0,0.550000012,0.935000002,0.200000003,272.899994,0.0640399978,0.00200000009,0.0109999999,1,1,0.000959999976,0.0157480314,1,500,0,0,0,3.38966747e-05,0,0.299999982,0,0,0,0,0,3.38966747e-05,0,0,110,244.444458,0.180000007,0.699999988,0.980000019,0.935000002,0,0.439934582,15,0.0304461028,0.119896278,0.688019633,253.937012,500,3.38966747e-05,0.649999976,0.980000019,0.200000003,0,0,0,0
8,5,60,0.0260000005,21,15,12,0,110,274,-0.5,0,7.99999998e-06,30,5.67999983,0.000500000024,272.899994,5,0.699999988,0.180000007,0,1,0,0,12,0.0299999993,0.119999997,0.949999988,250,100,0,0.550000012,0.935000002,0.200000003,273.200012,0.0640399978,0.00200000009,0.0109999999,1,1,0.000959999976,0.0157480314,1,500,0,0,0,3.38966747e-05,0,0.299999982,0,0,0,0,0,3.38966747e-05,0,0,110,244.444458,0.180000007,0.699999988,0.980000019,0.935000002,0,0.439934582,15,0.0304461028,0.119896278,0.688019633,253.937012,500,3.38966747e-05,0.649999976,0.980000019,0.200000003,0,0,0,0
8,6,60,0.0260000005,21,15,12,0,110,274,-0.5,0,7.99999998e-06,30,5.67999983,0.000500000024,272.899994,5,0.699999988,0.180000007,0,1,0,0,12,0.0299999993,0.119999997,0.949999988,250,100,0,0.550000012,0.935000002,0.200000003,273.5,0.0640399978,0.00200000009,0.0109999999,1,1,0.000959999976,0.0157480314,1,500,0,0,0,3.38966747e-05,0,0.299999982,0,0,0,0,0,3.38966747e-05,0,0,110,244.444458,0.180000007,0.699999988,0.980000019,0.935000002,0,0.439934582,15,0.0304461028,0.119896278,0.688019633,253.937012,500,3.38966747e-05,0.649999976,0.980000019,0.200000003,0,0,0,0
8,7,60,0.0260000005,21,15,12,0,110,274,-0.5,0,7.99999998e-06,30,5.67999983,0.000500000024,272.899994,5,0.699999988,0.180000007,0,1,0,0,12,0.0299999993,0.119999997,0.949999988,250,100,0,0.550000012,0.935000002,0.200000003,273.799988,0.0640399978,0.00200000009,0.0109999999,1,1,0.000959999976,0.0157480314,1,500,0,0,0,3.38966747e-05,0,0.299999982,0,0,0,0,0,3.38966747e-05,0,0,110,244.444458,0.180000007,0.699999988,0.980000019,0.935000002,0,0.439934582,15,0.0304461028,0.119896278,0.688019633,253.937012,500,3.38966747e-05,0.649999976,0.980000019,0.200000003,0,0,0,0
8,8,60,0.0260000005,21,15,12,0,110,274,-0.5,0,7.99999998e-06,30,5.67999983,0.000500000024,272.899994,5,0.699999988,0.180000007,0,1,0,0,12,0.0299999993,0.119999997,0.949999988,250,100,0,0.550000012,0.935000002,0.200000003,274.100006,0.0640399978,0.00200000009,0.0109999999,1,1,0.000959999976,0.0157480314,1,500,0,0,0,3.38966747e-05,0,0.299999982,0,0,0,0,0,3.38966747e-05,0,0,110,244.444458,0.180000007,0.699999988,0.980000019,0.935000002,0,0.439934582,15,0.0304461028,0.119896278,0.688019633,253.937012,500,3.38966747e-05,0.649999976,0.980000019,0.200000003,0,0,0,0
8,9,60,0.0260000005,21,15,12,0,110,274,-0.5,0,7.99999998e-06,30,5.67999983,0.000500000024,272.899994,5,0.699999988,0.180000007,0,1,0,0,12,0.0299999993,0.119999997,0.949999988,250,100,0,0.550000012,0.935000002,0.200000003,274.399994,0.0640399978,0.00200000009,0.0109999999,1,1,0.000959999976,0.0157480314,1,500,0,0,0,3.38966747e-05,0,0.299999982,0,0,0,0,0,3.38966747e-05,0,0,110,244.444458,0.180000007,0.699999988,0.980000019,0.935000002,0,0.439934582,15,0.0304461028,0.119896278,0.688019633,253.937012,500,3.38966747e-05,0.649999976,0.980000019,0.200000003,0,0,0,0
9,1,60,0.0260000005,21,15,13,0,100,269,-0.5,0,0,10,1,0.000500000024,268,0,0.699999988,0.180000007,0,0,0,0,13,0.219999999,1.22222221,0.949999988,180,300,0,0.5,0.879999995,0.5,267,0.0889444426,0.00277777785,0.0109999999,0,1,0,0,0,100,0,0,0,0,0,0.099999994,0,0,0,0,0,0,0,0,100,200,0.180000007,0.569999993,0.980000019,0.879999995,0,0.875861406,15,0.219999999,1.22222221,0.75,180.041397,300,0,0.542354941,0.955000043,0.5,0,0,0,0
9,2,60,0.0260000005,21,15,13,0,100,269,-0.5,0,0,10,1,0.000500000024,268,0,0.699999988,0.180000007,0,0,0,0,13,0.219999999,1.22222221,0.949999988,180,300,0,0.5,0.879999995,0.5,267.600006,0.0889444426,0.00277777785,0.0109999999,0,1,0,0,0,100,0,0,0,0,0,0.099999994,0,0,0,0,0,0,0,0,100,200,0.180000007,0.569999993,0.980000019,0.879999995,0,0.875861406,15,0.219999999,1.22222221,0.75,180.041397,300,0,0.542354941,0.955000043,0.5,0,0,0,0
9,3,60,0.0260000005,21,15,13,0,100,269,-0.5,0,0,10,1,0.000500000024,268,0,0.699999988,0.180000007,0,0,0,0,13,0.219999999,1.22222221,0.949999988,180,300,0,0.5,0.879999995,0.5,268.200012,0.0889444426,0.00277777785,0.0109999999,0,1,0,0,0,100,0,0,0,0,0,0.099999994,0,0,0,0,0,0,0,0,100,200,0.180000007,0.569999993,0.980000019,0.879999995,0,0.875861406,15,0.219999999,1.22222221,0.75,180.041397,300,0,0.542354941,0.955000043,0.5,0,0,0,0
9,4,60,0.0260000005,21,15,13,0,100,269,-0.5,0,0,10,1,0.000500000024,268,0,0.699999988,0.180000007,0,0,0,0,13,0.219999999,1.22222221,0.949999988,180,300,0,0.5,0.879999995,0.5,268.799988,0.0889444426,0.00277777785,0.0109999999,0,1,0,0,0,100,0,0,0,0,0,0.099999994,0,0,0,0,0,0,0,0,100,200,0.180000007,0.569999993,0.980000019,0.879999995,0,0.875861406,15,0.219999999,1.22222221,0.75,180.041397,300,0,0.542354941,0.955000043,0.5,0,0,0,0
9,5,60,0.0260000005,21,15,13,0,100,269,-0.5,0,0,10,1,0.000500000024,268,0,0.699999988,0.180000007,0,0,0,0,13,0.219999999,1.22222221,0.949999988,180,300,0,0.5,0.879999995,0.5,269.399994,0.0889444426,0.00277777785,0.0109999999,0,1,0,0,0,100,0,0,0,0,0,0.099999994,0,0,0,0,0,0,0,0,100,200,0.180000007,0.569999993,0.980000019,0.879999995,0,0.875861406,15,0.219999999,1.22222221,0.75,180.041397,300,0,0.542354941,0.955000043,0.5,0,0,0,0
9,6,60,0.0260000005,21,15,13,0,100,269,-0.5,0,0,10,1,0.000500000024,268,0,0.699999988,0.180000007,0,0,0,0,13,0.219999999,1.22222221,0.949999988,180,300,0,0.5,0.879999995,0.5,270,0.0889444426,0.00277777785,0.0109999999,0,1,0,0,0,100,0,0,0,0,0,0.099999994,0,0,0,0,0,0,0,0,100,200,0.180000007,0.569999993,0.980000019,0.879999995,0,0.875861406,15,0.219999999,1.22222221,0.75,180.041397,300,0,0.542354941,0.955000043,0.5,0,0,0,0
9,7,60,0.0260000005,21,15,13,0,100,269,-0.5,0,0,10,1,0.000500000024,268,0,0.699999988,0.180000007,0,0,0,0,13,0.219999999,1.22222221,0.949999988,180,300,0,0.5,0.879999995,0.5,270.600006,0.0889444426,0.00277777785,0.0109999999,0,1,0,0,0,100,0,0,0,0,0,0.099999994,0,0,0,0,0,0,0,0,100,200,0.180000007,0.569999993,0.980000019,0.879999995,0,0.875861406,15,0.219999999,1.22222221,0.75,180.041397,300,0,0.542354941,0.955000043,0.5,0,0,0,0
9,8,60,0.0260000005,21,15,13,0,100,269,-0.5,0,0,10,1,0.000500000024,268,0,0.699999988,0.180000007,0,0,0,0,13,0.219999999,1.22222221,0.949999988,180,300,0,0.5,0.879999995,0.5,271.200012,0.0889444426,0.00277777785,0.0109999999,0,1,0,0,0,100,0,0,0,0,0,0.099999994,0,0,0,0,0,0,0,0,100,200,0.180000007,0.569999993,0.980000019,0.879999995,0,0.875861406,15,0.219999999,1.22222221,0.75,180.041397,300,0,0.542354941,0.955000043,0.5,0,0,0,0
9,9,60,0.0260000005,21,15,13,0,100,269,-0.5,0,0,10,1,0.000500000024,268,0,0.699999988,0.180000007,0,0,0,0,13,0.219999999,1.22222221,0.949999988,180,300,0,0.5,0.879999995,0.5,271.799988,0.0889444426,0.00277777785,0.0109999999,0,1,0,0,0,100,0,0,0,0,0,0.099999994,0,0,0,0,0,0,0,0,100,200,0.180000007,0.569999993,0.980000019,0.879999995,0,0.875861406,15,0.219999999,1.22222221,0.75,180.041397,300,0,0.542354941,0.955000043,0.5,0,0,0,0
10,1,60,0.0260000005,21,15,15,1,30,250,-20,0,9.99999997e-07,0,0.00999999978,0.000500000024,252,0,0.699999988,0.550000012,0.899999976,0.100000001,0,0,15,0.150000006,0.5,1,300,100,0,0.699999988,0.980000019,0.0109999999,250,0.0533666685,0.00166666671,0.0109999999,0,1,0.000735760026,0.000399840006,0,81.5483246,0,0,0,0,0,0,0,0,0,0,0,0,0,0,30,99.9999924,0.550000012,0.699992418,0.980000019,0.980000019,0,0.999899089,15,0.150060013,0.500345767,0.999949574,299.912628,81.5483246,0,0.699992418,0.980000019,0.0109999999,-23.1499939,914.108337,1769165.75,1.27793112e-06
10,2,60,0.0260000005,21,15,15,1,30,250,-20,0,9.99999997e-07,0,0.00999999978,0.000500000024,252,0,0.699999988,0.550000012,0.899999976,0.100000001,0,0,15,0.150000006,0.5,1,300,100,0,0.699999988,0.980000019,0.0109999999,252,0.0533666685,0.00166666671,0.0109999999,0,1,0.000735760026,0.000399840006,0,81.5483246,0,0,0,0,0,0,0,0,0,0,0,0,0,0,30,99.9999924,0.550000012,0.699992418,0.980000019,0.980000019,0,0.999899089,15,0.150060013,0.500345767,0.999949574,299.912628,81.5483246,0,0.699992418,0.980000019,0.0109999999,-21.1499939,914.408936,1784002.75,1.26730288e-06
10,3,60,0.0260000005,21,15,15,1,30,250,-20,0,9.99999997e-07,0,0.00999999978,0.000500000024,252,0,0.699999988,0.550000012,0.899999976,0.100000001,0,0,15,0.150000006,0.5,1,300,100,0,0.699999988,0.980000019,0.0109999999,254,0.0533666685,0.00166666671,0.0109999999,0,1,0.000735760026,0.000399840006,0,81.5483246,0,0,0,0,0,0,0,0,0,0,0,0,0,0,30,99.9999924,0.550000012,0.699992418,0.980000019,0.980000019,0,0.999899089,15,0.150060013,0.500345767,0.999949574,299.912628,81.5483246,0,0.699992418,0.980000019,0.0109999999,-19.1499939,914.709717,1798849.62,1.25684323e-06
10,4,60,0.0260000005,21,15,15,1,30,250,-20,0,9.99999997e-07,0,0.00999999978,0.000500000024,252,0,0.699999988,0.550000012,0.899999976,0.100000001,0,0,15,0.150000006,0.5,1,300,100,0,0.699999988,0.980000019,0.0109999999,256,0.0533666685,0.00166666671,0.0109999999,0,1,0.000735760026,0.000399840006,0,81.5483246,0,0,0,0,0,0,0,0,0,0,0,0,0,0,30,99.9999924,0.550000012,0.699992418,0.980000019,0.980000019,0,0.999899089,15,0.150060013,0.500345767,0.999949574,299.912628,81.5483246,0,0.699992418,0.980000019,0.0109999999,-17.1499939,915.010681,1813706.12,1.24654809e-06
10,5,60,0.0260000005,21,15,15,1,30,250,-20,0,9.99999997e-07,0,0.00999999978,0.000500000024,252,0,0.699999988,0.550000012,0.899999976,0.100000001,0,0,15,0.150000006,0.5,1,300,100,0,0.699999988,0.980000019,0.0109999999,258,0.0533666685,0.00166666671,0.0109999999,0,1,0.000735760026,0.000399840006,0,81.5483246,0,0,0,0,0,0,0,0,0,0,0,0,0,0,30,99.9999924,0.550000012,0.699992418,0.980000019,0.980000019,0,0.999899089,15,0.150060013,0.500345767,0.999949574,299.912628,81.5483246,0,0.699992418,0.980000019,0.0109999999,-15.1499939,915.311951,1828572.62,1.23641348e-06
10,6,60,0.0260000005,21,15,15,1,30,250,-20,0,9.99999997e-07,0,0.00999999978,0.000500000024,252,0,0.699999988,0.550000012,0.899999976,0.100000001,0,0,15,0.150000006,0.5,1,300,100,0,0.699999988,0.980000019,0.0109999999,260,0.0533666685,0.00166666671,0.0109999999,0,1,0.000735760026,0.000399840006,0,81.5483246,0,0,0,0,0,0,0,0,0,0,0,0,0,0,30,99.9999924,0.550000012,0.699992418,0.980000019,0.980000019,0,0.999899089,15,0.150060013,0.500345767,0.999949574,299.912628,81.5483246,0,0.699992418,0.980000019,0.0109999999,-13.1499939,915.613342,1843448.75,1.22643598e-06
10,7,60,0.0260000005,21,15,15,1,30,250,-20,0,9.99999997e-07,0,0.00999999978,0.000500000024,252,0,0.699999988,0.550000012,0.899999976,0.100000001,0,0,15,0.150000006,0.5,1,300,100,0,0.699999988,0.980000019,0.0109999999,262,0.0533666685,0.00166666671,0.0109999999,0,1,0.000735760026,0.000399840006,0,81.5483246,0,0,0,0,0,0,0,0,0,0,0,0,0,0,30,99.9999924,0.550000012,0.699992418,0.980000019,0.980000019,0,0.999899089,15,0.150060013,0.500345767,0.999949574,299.912628,81.5483246,0,0.699992418,0.980000019,0.0109999999,-11.1499939,915.914917,1858334.62,1.21661185e-06
10,8,60,0.0260000005,21,15,15,1,30,250,-20,0,9.99999997e-07,0,0.00999999978,0.000500000024,252,0,0.699999988,0.550000012,0.899999976,0.100000001,0,0,15,0.150000006,0.5,1,300,100,0,0.699999988,0.980000019,0.0109999999,264,0.0533666685,0.00166666671,0.0109999999,0,1,0.000735760026,0.000399840006,0,81.5483246,0,0,0,0,0,0,0,0,0,0,0,0,0,0,30,99.9999924,0.550000012,0.699992418,0.980000019,0.980000019,0,0.999899089,15,0.150060013,0.500345767,0.999949574,299.912628,81.5483246,0,0.699992418,0.980000019,0.0109999999,-9.1499939,916.216675,1873230.38,1.20693744e-06
10,9,60,0.0260000005,21,15,15,1,30,250,-20,0,9.99999997e-07,0,0.00999999978,0.000500000024,252,0,0.699999988,0.550000012,0.899999976,0.100000001,0,0,15,0.150000006,0.5,1,300,100,0,0.699999988,0.980000019,0.0109999999,266,0.0533666685,0.00166666671,0.0109999999,0,1,0.000735760026,0.000399840006,0,81.5483246,0,0,0,0,0,0,0,0,0,0,0,0,0,0,30,99.9999924,0.550000012,0.699992418,0.980000019,0.980000019,0,0.999899089,15,0.150060013,0.500345767,0.999949574,299.912628,81.5483246,0,0.699992418,0.980000019,0.0109999999,-7.1499939,916.518738,1888136.25,1.19740935e-06
11,1,60,0.0260000005,21,15,15,1,150,270,-1,0,0,0,0.00999999978,0.000500000024,270.799988,0,0.699999988,0.550000012,0,0,0,0,15,0.0419999994,0.119999997,0.800000012,350,100,0,0.600000024,0.980000019,0.0109999999,270.5,0.0457428582,0.00142857141,0.0109999999,0,1,0,0,0,100,0,0,0,0,0,0,0,0,0,0,0,0,0,0,150,375.000031,0.5,0.684737086,0.980000019,0.980000019,0,0.847370684,15,0.0419999994,0.119999997,0.923685312,350,100,0,0.684737086,0.980000019,0.0109999999,-2.6499939,917.198914,1921709.5,1.17648995e-06
11,2,60,0.0260000005,21,15,15,1,150,270,-1,0,0,0,0.00999999978,0.000500000024,270.799988,0,0.699999988,0.550000012,0,0,0,0,15,0.0419999994,0.119999997,0.800000012,350,100,0,0.600000024,0.980000019,0.0109999999,270.600006,0.0457428582,0.00142857141,0.0109999999,0,1,0,0,0,100,0,0,0,0,0,0,0,0,0,0,0,0,0,0,150,375.000031,0.5,0.684737086,0.980000019,0.980000019,0,0.847370684,15,0.0419999994,0.119999997,0.923685312,350,100,0,0.684737086,0.980000019,0.0109999999,-2.54998779,917.214111,1922456.38,1.17603292e-06
11,3,60,0.0260000005,21,15,15,1,150,270,-1,0,0,0,0.00999999978,0.000500000024,270.799988,0,0.699999988,0.550000012,0,0,0,0,15,0.0419999994,0.119999997,0.800000012,350,100,0,0.600000024,0.980000019,0.0109999999,270.700012,0.0457428582,0.00142857141,0.0109999999,0,1,0,0,0,100,0,0,0,0,0,0,0,0,0,0,0,0,0,0,150,375.000031,0.5,0.684737086,0.980000019,0.980000019,0,0.847370684,15,0.0419999994,0.119999997,0.923685312,350,100,0,0.684737086,0.980000019,0.0109999999,-2.44998169,917.229187,1923203,1.17557636e-06
11,4,60,0.0260000005,21,15,15,1,150,270,-1,0,0,0,0.00999999978,0.000500000024,270.799988,0,0.699999988,0.550000012,0,0,0,0,15,0.0419999994,0.119999997,0.800000012,350,100,0,0.600000024,0.980000019,0.0109999999,270.799988,0.0457428582,0.00142857141,0.0109999999,0,1,0,0,0,100,0,0,0,0,0,0,0,0,0,0,0,0,0,0,150,375.000031,0.5,0.684737086,0.980000019,0.980000019,0,0.847370684,15,0.0419999994,0.119999997,0.923685312,350,100,0,0.684737086,0.980000019,0.0109999999,-2.3500061,917.244263,1923949.38,1.17512025e-06
11,5,60,0.0260000005,21,15,15,1,150,270,-1,0,0,0,0.00999999978,0.000500000024,270.799988,0,0.699999988,0.550000012,0,0,0,0,15,0.0419999994,0.119999997,0.800000012,350,100,0,0.600000024,0.980000019,0.0109999999,270.899994,0.0457428582,0.00142857141,0.0109999999,0,1,0,0,0,100,0,0,0,0,0,0,0,0,0,0,0,0,0,0,150,375.000031,0.5,0.684737086,0.980000019,0.980000019,0,0.847370684,15,0.0419999994,0.119999997,0.923685312,350,100,0,0.684737086,0.980000019,0.0109999999,-2.25,917.25946,1924696.38,1.17466413e-06
11,6,60,0.0260000005,21,15,15,1,150,270,-1,0,0,0,0.00999999978,0.000500000024,270.799988,0,0.699999988,0.550000012,0,0,0,0,15,0.0419999994,0.119999997,0.800000012,350,100,0,0.600000024,0.980000019,0.0109999999,271,0.0457428582,0.00142857141,0.0109999999,0,1,0,0,0,100,0,0,0,0,0,0,0,0,0,0,0,0,0,0,150,375.000031,0.5,0.684737086,0.980000019,0.980000019,0,0.847370684,15,0.0419999994,0.119999997,0.923685312,350,100,0,0.684737086,0.980000019,0.0109999999,-2.1499939,917.274536,1925443,1.17420871e-06
11,7,60,0.0260000005,21,15,15,1,150,270,-1,0,0,0,0.00999999978,0.000500000024,270.799988,0,0.699999988,0.550000012,0,0,0,0,15,0.0419999994,0.119999997,0.800000012,350,100,0,0.600000024,0.980000019,0.0109999999,271.100006,0.0457428582,0.00142857141,0.0109999999,0,1,0,0,0,100,0,0,0,0,0,0,0,0,0,0,0,0,0,0,150,375.000031,0.5,0.684737086,0.980000019,0.980000019,0,0.847370684,15,0.0419999994,0.119999997,0.923685312,350,100,0,0.684737086,0.980000019,0.0109999999,-2.04998779,917.289734,1926190,1.17375328e-06
11,8,60,0.0260000005,21,15,15,1,150,270,-1,0,0,0,0.00999999978,0.000500000024,270.799988,0,0.699999988,0.550000012,0,0,0,0,15,0.0419999994,0.119999997,0.800000012,350,100,0,0.600000024,0.980000019,0.0109999999,271.200012,0.0457428582,0.00142857141,0.0109999999,0,1,0,0,0,100,0,0,0,0,0,0,0,0,0,0,0,0,0,0,150,375.000031,0.5,0.684737086,0.980000019,0.980000019,0,0.847370684,15,0.0419999994,0.119999997,0.923685312,350,100,0,0.684737086,0.980000019,0.0109999999,-1.94998169,917.30481,1926936.75,1.17329841e-06
11,9,60,0.0260000005,21,15,15,1,150,270,-1,0,0,0,0.00999999978,0.000500000024,270.799988,0,0.699999988,0.550000012,0,0,0,0,15,0.0419999994,0.119999997,0.800000012,350,100,0,0.600000024,0.980000019,0.0109999999,271.299988,0.0457428582,0.00142857141,0.0109999999,0,1,0,0,0,100,0,0,0,0,0,0,0,0,0,0,0,0,0,0,150,375.000031,0.5,0.684737086,0.980000019,0.980000019,0,0.847370684,15,0.0419999994,0.119999997,0.923685312,350,100,0,0.684737086,0.980000019,0.0109999999,-1.8500061,917.319946,1927683.38,1.17284401e-06
12,1,60,0.0260000005,21,15,15,1,70,272,-0.300000012,0,0,0,0.00999999978,0.000500000024,272.899994,0,0.699999988,0.550000012,0,0,0,0,15,0.00400000019,0.0160000008,0.850000024,250,100,0,0.649999976,0.980000019,0.0109999999,271,0.0640399978,0.00200000009,0.0109999999,1,1,0,0,0,100,0,0,0,0,0,0,0,0,0,0,0,0,0,0,70,199.999985,0.5,0.699999988,0.980000019,0.980000019,0,0.228614718,15,0.00400000019,0.0160000008,0.176768333,250,100,0,0.599999964,0.980000019,0.0109999999,-2.1499939,917.274536,1925443,1.17420871e-06
12,2,60,0.0260000005,21,15,15,1,70,272,-0.300000012,0,0,0,0.00999999978,0.000500000024,272.899994,0,0.699999988,0.550000012,0,0,0,0,15,0.00400000019,0.0160000008,0.850000024,250,100,0,0.649999976,0.980000019,0.0109999999,271.049988,0.0640399978,0.00200000009,0.0109999999,1,1,0,0,0,100,0,0,0,0,0,0,0,0,0,0,0,0,0,0,70,199.999985,0.5,0.699999988,0.980000019,0.980000019,0,0.228614718,15,0.00400000019,0.0160000008,0.176768333,250,100,0,0.599999964,0.980000019,0.0109999999,-2.1000061,917.282104,1925816.25,1.1739811e-06
12,3,60,0.0260000005,21,15,15,1,70,272,-0.300000012,0,0,0,0.00999999978,0.000500000024,272.899994,0,0.699999988,0.550000012,0,0,0,0,15,0.00400000019,0.0160000008,0.850000024,250,100,0,0.649999976,0.980000019,0.0109999999,271.100006,0.0640399978,0.00200000009,0.0109999999,1,1,0,0,0,100,0,0,0,0,0,0,0,0,0,0,0,0,0,0,70,199.999985,0.5,0.699999988,0.980000019,0.980000019,0,0.228614718,15,0.00400000019,0.0160000008,0.176768333,250,100,0,0.599999964,0.980000019,0.0109999999,-2.04998779,917.289734,1926190,1.17375328e-06
12,4,60,0.0260000005,21,15,15,1,70,272,-0.300000012,0,0,0,0.00999999978,0.000500000024,272.899994,0,0.699999988,0.550000012,0,0,0,0,15,0.00400000019,0.0160000008,0.850000024,250,100,0,0.649999976,0.980000019,0.0109999999,271.149994,0.0640399978,0.00200000009,0.0109999999,1,1,0,0,0,100,0,0,0,0,0,0,0,0,0,0,0,0,0,0,70,199.999985,0.5,0.699999988,0.980000019,0.980000019,0,0.228614718,15,0.00400000019,0.0160000008,0.176768333,250,100,0,0.599999964,0.980000019,0.0109999999,-2,917.297302,1926563.25,1.1735259e-06
12,5,60,0.0260000005,21,15,15,1,70,272,-0.300000012,0,0,0,0.00999999978,0.000500000024,272.899994,0,0.699999988,0.550000012,0,0,0,0,15,0.00400000019,0.0160000008,0.850000024,250,100,0,0.649999976,0.980000019,0.0109999999,271.200012,0.0640399978,0.00200000009,0.0109999999,1,1,0,0,0,100,0,0,0,0,0,0,0,0,0,0,0,0,0,0,70,199.999985,0.5,0.699999988,0.980000019,0.980000019,0,0.228614718,15,0.00400000019,0.0160000008,0.176768333,250,100,0,0.599999964,0.980000019,0.0109999999,-1.94998169,917.30481,1926936.75,1.17329841e-06
12,6,60,0.0260000005,21,15,15,1,70,272,-0.300000012,0,0,0,0.00999999978,0.000500000024,272.899994,0,0.699999988,0.550000012,0,0,0,0,15,0.00400000019,0.0160000008,0.850000024,250,100,0,0.649999976,0.980000019,0.0109999999,271.25,0.0640399978,0.00200000009,0.0109999999,1,1,0,0,0,100,0,0,0,0,0,0,0,0,0,0,0,0,0,0,70,199.999985,0.5,0.699999988,0.980000019,0.980000019,0,0.228614718,15,0.00400000019,0.0160000008,0.176768333,250,100,0,0.599999964,0.980000019,0.0109999999,-1.8999939,917.312378,1927310,1.17307127e-06
12,7,60,0.0260000005,21,15,15,1,70,272,-0.300000012,0,0,0,0.00999999978,0.000500000024,272.899994,0,0.699999988,0.550000012,0,0,0,0,15,0.00400000019,0.0160000008,0.850000024,250,100,0,0.649999976,0.980000019,0.0109999999,271.299988,0.0640399978,0.00200000009,0.0109999999,1,1,0,0,0,100,0,0,0,0,0,0,0,0,0,0,0,0,0,0,70,199.999985,0.5,0.699999988,0.980000019,0.980000019,0,0.228614718,15,0.00400000019,0.0160000008,0.176768333,250,100,0,0.599999964,0.980000019,0.0109999999,-1.8500061,917.319946,1927683.38,1.17284401e-06
12,8,60,0.0260000005,21,15,15,1,70,272,-0.300000012,0,0,0,0.00999999978,0.000500000024,272.899994,0,0.699999988,0.550000012,0,0,0,0,15,0.00400000019,0.0160000008,0.850000024,250,100,0,0.649999976,0.980000019,0.0109999999,271.350006,0.0640399978,0.00200000009,0.0109999999,1,1,0,0,0,100,0,0,0,0,0,0,0,0,0,0,0,0,0,0,70,199.999985,0.5,0.699999988,0.980000019,0.980000019,0,0.228614718,15,0.00400000019,0.0160000008,0.176768333,250,100,0,0.599999964,0.980000019,0.0109999999,-1.79998779,917.327576,1928057,1.17261675e-06
12,9,60,0.0260000005,21,15,15,1,70,272,-0.300000012,0,0,0,0.00999999978,0.000500000024,272.899994,0,0.699999988,0.550000012,0,0,0,0,15,0.00400000019,0.0160000008,0.850000024,250,100,0,0.649999976,0.980000019,0.0109999999,271.399994,0.0640399978,0.00200000009,0.0109999999,1,1,0,0,0,100,0,0,0,0,0,0,0,0,0,0,0,0,0,0,70,199.999985,0.5,0.699999988,0.980000019,0.980000019,0,0.228614718,15,0.00400000019,0.0160000008,0.176768333,250,100,0,0.599999964,0.980000019,0.0109999999,-1.75,917.335144,1928430.38,1.17238972e-06
13,1,60,0.0260000005,21,15,15,1,95,271.5,0,1.99999999e-06,0,0,0.00999999978,0.000500000024,270.899994,0,0.699999988,0.550000012,0,0,0,0,15,0,0,0.300000012,200,100,0,0.550000012,0.980000019,0.0109999999,270.799988,0.0800499991,0.00249999994,0.0109999999,1,1,0,0,0,100,0,1,0,0,0,0,0,0,0,0,0,0,1.99999999e-06,0,95,211.111115,0.5,0.699999988,0.980000019,0.980000019,nan,nan,15,0,0,0,200,100,0,0.550000012,0.980000019,0.0109999999,-2.3500061,917.244263,1923949.38,1.17512025e-06
13,2,60,0.0260000005,21,15,15,1,95,271.5,0,1.99999999e-06,0,0,0.00999999978,0.000500000024,270.899994,0,0.699999988,0.550000012,0,0,0,0,15,0,0,0.300000012,200,100,0,0.550000012,0.980000019,0.0109999999,270.849976,0.0800499991,0.00249999994,0.0109999999,1,1,0,0,0,100,0,1,0,0,0,0,0,0,0,0,0,0,1.99999999e-06,0,95,211.111115,0.5,0.699999988,0.980000019,0.980000019,nan,nan,15,0,0,0,200,100,0,0.550000012,0.980000019,0.0109999999,-2.30001831,917.251831,1924322.62,1.1748923e-06
13,3,60,0.0260000005,21,15,15,1,95,271.5,0,1.99999999e-06,0,0,0.00999999978,0.000500000024,270.899994,0,0.699999988,0.550000012,0,0,0,0,15,0,0,0.300000012,200,100,0,0.550000012,0.980000019,0.0109999999,270.899994,0.0800499991,0.00249999994,0.0109999999,1,1,0,0,0,100,0,1,0,0,0,0,0,0,0,0,0,0,1.99999999e-06,0,95,211.111115,0.5,0.699999988,0.980000019,0.980000019,nan,nan,15,0,0,0,200,100,0,0.550000012,0.980000019,0.0109999999,-2.25,917.25946,1924696.38,1.17466413e-06
13,4,60,0.0260000005,21,15,15,1,95,271.5,0,1.99999999e-06,0,0,0.00999999978,0.000500000024,270.899994,0,0.699999988,0.550000012,0,0,0,0,15,0,0,0.300000012,200,100,0,0.550000012,0.980000019,0.0109999999,270.949982,0.0800499991,0.00249999994,0.0109999999,1,1,0,0,0,100,0,1,0,0,0,0,0,0,0,0,0,0,1.99999999e-06,0,95,211.111115,0.5,0.699999988,0.980000019,0.980000019,nan,nan,15,0,0,0,200,100,0,0.550000012,0.980000019,0.0109999999,-2.20001221,917.267029,1925069.62,1.17443642e-06
13,5,60,0.0260000005,21,15,15,1,95,271.5,0,1.99999999e-06,0,0,0.00999999978,0.000500000024,270.899994,0,0.699999988,0.550000012,0,0,0,0,15,0,0,0.300000012,200,100,0,0.550000012,0.980000019,0.0109999999,271,0.0800499991,0.00249999994,0.0109999999,1,1,0,0,0,100,0,1,0,0,0,0,0,0,0,0,0,0,1.99999999e-06,0,95,211.111115,0.5,0.699999988,0.980000019,0.980000019,nan,nan,15,0,0,0,200,100,0,0.550000012,0.980000019,0.0109999999,-2.1499939,917.274536,1925443,1.17420871e-06
13,6,60,0.0260000005,21,15,15,1,95,271.5,0,1.99999999e-06,0,0,0.00999999978,0.000500000024,270.899994,0,0.699999988,0.550000012,0,0,0,0,15,0,0,0.300000012,200,100,0,0.550000012,0.980000019,0.0109999999,271.049988,0.0800499991,0.00249999994,0.0109999999,1,1,0,0,0,100,0,1,0,0,0,0,0,0,0,0,0,0,1.99999999e-06,0,95,211.111115,0.5,0.699999988,0.980000019,0.980000019,nan,nan,15,0,0,0,200,100,0,0.550000012,0.980000019,0.0109999999,-2.1000061,917.282104,1925816.25,1.1739811e-06
13,7,60,0.0260000005,21,15,15,1,95,271.5,0,1.99999999e-06,0,0,0.00999999978,0.000500000024,270.899994,0,0.699999988,0.550000012,0,0,0,0,15,0,0,0.300000012,200,100,0,0.550000012,0.980000019,0.0109999999,271.099976,0.0800499991,0.00249999994,0.0109999999,1,1,0,0,0,100,0,1,0,0,0,0,0,0,0,0,0,0,1.99999999e-06,0,95,211.111115,0.5,0.699999988,0.980000019,0.980000019,nan,nan,15,0,0,0,200,100,0,0.550000012,0.980000019,0.0109999999,-2.05001831,917.289734,1926189.75,1.1737535e-06
13,8,60,0.0260000005,21,15,15,1,95,271.5,0,1.99999999e-06,0,0,0.00999999978,0.000500000024,270.899994,0,0.699999988,0.550000012,0,0,0,0,15,0,0,0.300000012,200,100,0,0.550000012,0.980000019,0.0109999999,271.149994,0.0800499991,0.00249999994,0.0109999999,1,1,0,0,0,100,0,1,0,0,0,0,0,0,0,0,0,0,1.99999999e-06,0,95,211.111115,0.5,0.699999988,0.980000019,0.980000019,nan,nan,15,0,0,0,200,100,0,0.550000012,0.980000019,0.0109999999,-2,917.297302,1926563.25,1.1735259e-06
13,9,60,0.0260000005,21,15,15,1,95,271.5,0,1.99999999e-06,0,0,0.00999999978,0.000500000024,270.899994,0,0.699999988,0.550000012,0,0,0,0,15,0,0,0.300000012,200,100,0,0.550000012,0.980000019,0.0109999999,271.199982,0.0800499991,0.00249999994,0.0109999999,1,1,0,0,0,100,0,1,0,0,0,0,0,0,0,0,0,0,1.99999999e-06,0,95,211.111115,0.5,0.699999988,0.980000019,0.980000019,nan,nan,15,0,0,0,200,100,0,0.550000012,0.980000019,0.0109999999,-1.95001221,917.30481,1926936.5,1.17329864e-06
14,1,30,0.0260000005,21,15,16,0,150,270,0,0,0,0,0.75,0.000500000024,269.5,0,0.699999988,0.180000007,0,0,0,0,1,0.0120000001,0,0.600000024,220,400,0,0.300000012,0.870000005,0.0649999976,269,0.0727727264,0.0022727272,0.0109999999,1,1,0,0,0,100,0,0,0,0,0,0,0,0,0,0,0,0,0,0,150,214.285721,0.180000007,0.699999988,0.980000019,0.850000024,nan,nan,1,0.0120000001,0,0,220,400,0,0.300000012,0.870000005,0.0649999976,0,0,0,0
14,2,30,0.0260000005,21,15,16,0,150,270,0,0,0,0,0.75,0.000500000024,269.5,0,0.699999988,0.180000007,0,0,0,0,1,0.0120000001,0,0.600000024,220,400,0,0.300000012,0.870000005,0.0649999976,269.5,0.0727727264,0.0022727272,0.0109999999,1,1,0,0,0,100,0,0,0,0,0,0,0,0,0,0,0,0,0,0,150,214.285721,0.180000007,0.699999988,0.980000019,0.850000024,nan,nan,1,0.0120000001,0,0,220,400,0,0.300000012,0.870000005,0.0649999976,0,0,0,0
14,3,30,0.0260000005,21,15,16,0,150,270,0,0,0,0,0.75,0.000500000024,269.5,0,0.699999988,0.180000007,0,0,0,0,1,0.0120000001,0,0.600000024,220,400,0,0.300000012,0.870000005,0.0649999976,270,0.0727727264,0.0022727272,0.0109999999,1,1,0,0,0,100,0,0,0,0,0,0,0,0,0,0,0,0,0,0,150,214.285721,0.180000007,0.699999988,0.980000019,0.850000024,nan,nan,1,0.0120000001,0,0,220,400,0,0.300000012,0.870000005,0.0649999976,0,0,0,0
14,4,30,0.0260000005,21,15,16,0,150,270,0,0,0,0,0.75,0.000500000024,269.5,0,0.699999988,0.180000007,0,0,0,0,1,0.0120000001,0,0.600000024,220,400,0,0.300000012,0.870000005,0.0649999976,270.5,0.0727727264,0.0022727272,0.0109999999,1,1,0,0,0,100,0,0,0,0,0,0,0,0,0,0,0,0,0,0,150,214.285721,0.180000007,0.699999988,0.980000019,0.850000024,nan,nan,1,0.0120000001,0,0,220,400,0,0.300000012,0.870000005,0.0649999976,0,0,0,0
14,5,30,0.0260000005,21,15,16,0,150,270,0,0,0,0,0.75,0.000500000024,269.5,0,0.699999988,0.180000007,0,0,0,0,1,0.0120000001,0,0.600000024,220,400,0,0.300000012,0.870000005,0.0649999976,271,0.0727727264,0.0022727272,0.0109999999,1,1,0,0,0,100,0,0,0,0,0,0,0,0,0,0,0,0,0,0,150,214.285721,0.180000007,0.699999988,0.980000019,0.850000024,nan,nan,1,0.0120000001,0,0,220,400,0,0.300000012,0.870000005,0.0649999976,0,0,0,0
14,6,30,0.0260000005,21,15,16,0,150,270,0,0,0,0,0.75,0.000500000024,269.5,0,0.699999988,0.180000007,0,0,0,0,1,0.0120000001,0,0.600000024,220,400,0,0.300000012,0.870000005,0.0649999976,271.5,0.0727727264,0.0022727272,0.0109999999,1,1,0,0,0,100,0,0,0,0,0,0,0,0,0,0,0,0,0,0,150,214.285721,0.180000007,0.699999988,0.980000019,0.850000024,nan,nan,1,0.0120000001,0,0,220,400,0,0.300000012,0.870000005,0.0649999976,0,0,0,0
14,7,30,0.0260000005,21,15,16,0,150,270,0,0,0,0,0.75,0.000500000024,269.5,0,0.699999988,0.180000007,0,0,0,0,1,0.0120000001,0,0.600000024,220,400,0,0.300000012,0.870000005,0.0649999976,272,0.0727727264,0.0022727272,0.0109999999,1,1,0,0,0,100,0,0,0,0,0,0,0,0,0,0,0,0,0,0,150,214.285721,0.180000007,0.699999988,0.980000019,0.850000024,nan,nan,1,0.0120000001,0,0,220,400,0,0.300000012,0.870000005,0.0649999976,0,0,0,0
14,8,30,0.0260000005,21,15,16,0,150,270,0,0,0,0,0.75,0.000500000024,269.5,0,0.699999988,0.180000007,0,0,0,0,1,0.0120000001,0,0.600000024,220,400,0,0.300000012,0.870000005,0.0649999976,272.5,0.0727727264,0.0022727272,0.0109999999,1,1,0,0,0,100,0,0,0,0,0,0,0,0,0,0,0,0,0,0,150,214.285721,0.180000007,0.699999988,0.980000019,0.850000024,nan,nan,1,0.0120000001,0,0,220,400,0,0.300000012,0.870000005,0.0649999976,0,0,0,0
14,9,30,0.0260000005,21,15,16,0,150,270,0,0,0,0,0.75,0.000500000024,269.5,0,0.699999988,0.180000007,0,0,0,0,1,0.0120000001,0,0.600000024,220,400,0,0.300000012,0.870000005,0.0649999976,273,0.0727727264,0.0022727272,0.0109999999,1,1,0,0,0,100,0,0,0,0,0,0,0,0,0,0,0,0,0,0,150,214.285721,0.180000007,0.699999988,0.980000019,0.850000024,nan,nan,1,0.0120000001,0,0,220,400,0,0.300000012,0.870000005,0.0649999976,0,0,0,0
15,1,30,0.0260000005,21,24,2,0,540,293,0,4.99999987e-06,0,50,5.67999983,0.000349999988,294,0,0.699999988,0.180000007,0,0,0,0,2,0,0,0,200,100,0.000300000014,0.25,0.899999976,0.200000003,293,0.0800499991,0.00249999994,0.0109999999,1,1,0,0,0,100,0,1,0,0.000317654543,0,0.5,0,0,0,0,1.76545182e-05,0,4.41151587e-06,1,540,720,0.180000007,0.699999988,0.980000019,0.920000017,nan,nan,2,0,0,0,200,100,0.000317654543,0.25,0.899999976,0.200000003,0,0,0,0
15,2,30,0.0260000005,21,24,2,0,540,293,0,4.99999987e-06,0,50,5.67999983,0.000349999988,294,0,0.699999988,0.180000007,0,0,0,0,2,0,0,0,200,100,0.000300000014,0.25,0.899999976,0.200000003,292.100006,0.0800499991,0.00249999994,0.0109999999,1,1,0,0,0,100,0,1,0,0.000317654543,0,0.5,0,0,0,0,1.76545182e-05,0,4.41151587e-06,1,540,720,0.180000007,0.699999988,0.980000019,0.920000017,nan,nan,2,0,0,0,200,100,0.000317654543,0.25,0.899999976,0.200000003,0,0,0,0
15,3,30,0.0260000005,21,24,2,0,540,293,0,4.99999987e-06,0,50,5.67999983,0.000349999988,294,0,0.699999988,0.180000007,0,0,0,0,2,0,0,0,200,100,0.000300000014,0.25,0.899999976,0.200000003,291.200012,0.0800499991,0.00249999994,0.0109999999,1,1,0,0,0,100,0,1,0,0.000317654543,0,0.5,0,0,0,0,1.76545182e-05,0,4.41151587e-06,1,540,720,0.180000007,0.699999988,0.980000019,0.920000017,nan,nan,2,0,0,0,200,100,0.000317654543,0.25,0.899999976,0.200000003,0,0,0,0
15,4,30,0.0260000005,21,24,2,0,540,293,0,4.99999987e-06,0,50,5.67999983,0.000349999988,294,0,0.699999988,0.180000007,0,0,0,0,2,0,0,0,200,100,0.000300000014,0.25,0.899999976,0.200000003,290.299988,0.0800499991,0.00249999994,0.0109999999,1,1,0,0,0,100,0,1,0,0.000317654543,0,0.5,0,0,0,0,1.76545182e-05,0,4.41151587e-06,1,540,720,0.180000007,0.699999988,0.980000019,0.920000017,nan,nan,2,0,0,0,200,100,0.000317654543,0.25,0.899999976,0.200000003,0,0,0,0
15,5,30,0.0260000005,21,24,2,0,540,293,0,4.99999987e-06,0,50,5.67999983,0.000349999988,294,0,0.699999988,0.180000007,0,0,0,0,2,0,0,0,200,100,0.000300000014,0.25,0.899999976,0.200000003,289.399994,0.0800499991,0.00249999994,0.0109999999,1,1,0,0,0,100,0,1,0,0.000317654543,0,0.5,0,0,0,0,1.76545182e-05,0,4.41151587e-06,1,540,720,0.180000007,0.699999988,0.980000019,0.920000017,nan,nan,2,0,0,0,200,100,0.000317654543,0.25,0.899999976,0.200000003,0,0,0,0
15,6,30,0.0260000005,21,24,2,0,540,293,0,4.99999987e-06,0,50,5.67999983,0.000349999988,294,0,0.699999988,0.180000007,0,0,0,0,2,0,0,0,200,100,0.000300000014,0.25,0.899999976,0.200000003,288.5,0.0800499991,0.00249999994,0.0109999999,1,1,0,0,0,100,0,1,0,0.000317654543,0,0.5,0,0,0,0,1.76545182e-05,0,4.41151587e-06,1,540,720,0.180000007,0.699999988,0.980000019,0.920000017,nan,nan,2,0,0,0,200,100,0.000317654543,0.25,0.899999976,0.200000003,0,0,0,0
15,7,30,0.0260000005,21,24,2,0,540,293,0,4.99999987e-06,0,50,5.67999983,0.000349999988,294,0,0.699999988,0.180000007,0,0,0,0,2,0,0,0,200,100,0.000300000014,0.25,0.899999976,0.200000003,287.600006,0.0800499991,0.00249999994,0.0109999999,1,1,0,0,0,100,0,1,0,0.000317654543,0,0.5,0,0,0,0,1.76545182e-05,0,4.41151587e-06,1,540,720,0.180000007,0.699999988,0.980000019,0.920000017,nan,nan,2,0,0,0,200,100,0.000317654543,0.25,0.899999976,0.200000003,0,0,0,0
15,8,30,0.0260000005,21,24,2,0,540,293,0,4.99999987e-06,0,50,5.67999983,0.000349999988,294,0,0.699999988,0.180000007,0,0,0,0,2,0,0,0,200,100,0.000300000014,0.25,0.899999976,0.200000003,286.700012,0.0800499991,0.00249999994,0.0109999999,1,1,0,0,0,100,0,1,0,0.000317654543,0,0.5,0,0,0,0,1.76545182e-05,0,4.41151587e-06,1,540,720,0.180000007,0.699999988,0.980000019,0.920000017,nan,nan,2,0,0,0,200,100,0.000317654543,0.25,0.899999976,0.200000003,0,0,0,0
15,9,30,0.0260000005,21,24,2,0,540,293,0,4.99999987e-06,0,50,5.67999983,0.000349999988,294,0,0.699999988,0.180000007,0,0,0,0,2,0,0,0,200,100,0.000300000014,0.25,0.899999976,0.200000003,285.799988,0.0800499991,0.00249999994,0.0109999999,1,1,0,0,0,100,0,1,0,0.000317654543,0,0.5,0,0,0,0,1.76545182e-05,0,4.41151587e-06,1,540,720,0.180000007,0.699999988,0.980000019,0.920000017,nan,nan,2,0,0,0,200,100,0.000317654543,0.25,0.899999976,0.200000003,0,0,0,0
16,1,60,0.0299999993,18,24,1,0,95,267,-1,0,0,8,1,0.000500000024,266.5,0,0.649999976,0.200000003,0,0,0,0,1,0.200000003,1.25,0.920000017,160,100,0,0.479999989,0.879999995,0.449999988,266,0.100062504,0.00312500005,0.0109999999,0,1,0,0,0,100,0,0,0,0,0,0.0799999982,0,0,0,0,0,0,0,0,95,182.692322,0.200000003,0.537499964,0.980000019,0.879999995,0,0.915759921,24,0.200000003,1.25,0.75,160.041016,100,0,0.519493699,0.955000043,0.449999988,0,0,0,0
16,2,60,0.0299999993,18,24,1,0,95,267,-1,0,0,8,1,0.000500000024,266.5,0,0.649999976,0.200000003,0,0,0,0,1,0.200000003,1.25,0.920000017,160,100,0,0.479999989,0.879999995,0.449999988,266.5,0.100062504,0.00312500005,0.0109999999,0,1,0,0,0,100,0,0,0,0,0,0.0799999982,0,0,0,0,0,0,0,0,95,182.692322,0.200000003,0.537499964,0.980000019,0.879999995,0,0.915759921,24,0.200000003,1.25,0.75,160.041016,100,0,0.519493699,0.955000043,0.449999988,0,0,0,0
16,3,60,0.0299999993,18,24,1,0,95,267,-1,0,0,8,1,0.000500000024,266.5,0,0.649999976,0.200000003,0,0,0,0,1,0.200000003,1.25,0.920000017,160,100,0,0.479999989,0.879999995,0.449999988,267,0.100062504,0.00312500005,0.0109999999,0,1,0,0,0,100,0,0,0,0,0,0.0799999982,0,0,0,0,0,0,0,0,95,182.692322,0.200000003,0.537499964,0.980000019,0.879999995,0,0.915759921,24,0.200000003,1.25,0.75,160.041016,100,0,0.519493699,0.955000043,0.449999988,0,0,0,0
16,4,60,0.0299999993,18,24,1,0,95,267,-1,0,0,8,1,0.000500000024,266.5,0,0.649999976,0.200000003,0,0,0,0,1,0.200000003,1.25,0.920000017,160,100,0,0.479999989,0.879999995,0.449999988,267.5,0.100062504,0.00312500005,0.0109999999,0,1,0,0,0,100,0,0,0,0,0,0.0799999982,0,0,0,0,0,0,0,0,95,182.692322,0.200000003,0.537499964,0.980000019,0.879999995,0,0.915759921,24,0.200000003,1.25,0.75,160.041016,100,0,0.519493699,0.955000043,0.449999988,0,0,0,0
16,5,60,0.0299999993,18,24,1,0,95,267,-1,0,0,8,1,0.000500000024,266.5,0,0.649999976,0.200000003,0,0,0,0,1,0.200000003,1.25,0.920000017,160,100,0,0.479999989,0.879999995,0.449999988,268,0.100062504,0.00312500005,0.0109999999,0,1,0,0,0,100,0,0,0,0,0,0.0799999982,0,0,0,0,0,0,0,0,95,182.692322,0.200000003,0.537499964,0.980000019,0.879999995,0,0.915759921,24,0.200000003,1.25,0.75,160.041016,100,0,0.519493699,0.955000043,0.449999988,0,0,0,0
16,6,60,0.0299999993,18,24,1,0,95,267,-1,0,0,8,1,0.000500000024,266.5,0,0.649999976,0.200000003,0,0,0,0,1,0.200000003,1.25,0.920000017,160,100,0,0.479999989,0.879999995,0.449999988,268.5,0.100062504,0.00312500005,0.0109999999,0,1,0,0,0,100,0,0,0,0,0,0.0799999982,0,0,0,0,0,0,0,0,95,182.692322,0.200000003,0.537499964,0.980000019,0.879999995,0,0.915759921,24,0.200000003,1.25,0.75,160.041016,100,0,0.519493699,0.955000043,0.449999988,0,0,0,0
16,7,60,0.0299999993,18,24,1,0,95,267,-1,0,0,8,1,0.000500000024,266.5,0,0.649999976,0.200000003,0,0,0,0,1,0.200000003,1.25,0.920000017,160,100,0,0.479999989,0.879999995,0.449999988,269,0.100062504,0.00312500005,0.0109999999,0,1,0,0,0,100,0,0,0,0,0,0.0799999982,0,0,0,0,0,0,0,0,95,182.692322,0.200000003,0.537499964,0.980000019,0.879999995,0,0.915759921,24,0.200000003,1.25,0.75,160.041016,100,0,0.519493699,0.955000043,0.449999988,0,0,0,0
16,8,60,0.0299999993,18,24,1,0,95,267,-1,0,0,8,1,0.000500000024,266.5,0,0.649999976,0.200000003,0,0,0,0,1,0.200000003,1.25,0.920000017,160,100,0,0.479999989,0.879999995,0.449999988,269.5,0.100062504,0.00312500005,0.0109999999,0,1,0,0,0,100,0,0,0,0,0,0.0799999982,0,0,0,0,0,0,0,0,95,182.692322,0.200000003,0.537499964,0.980000019,0.879999995,0,0.915759921,24,0.200000003,1.25,0.75,160.041016,100,0,0.519493699,0.955000043,0.449999988,0,0,0,0
16,9,60,0.0299999993,18,24,1,0,95,267,-1,0,0,8,1,0.000500000024,266.5,0,0.649999976,0.200000003,0,0,0,0,1,0.200000003,1.25,0.920000017,160,100,0,0.479999989,0.879999995,0.449999988,270,0.100062504,0.00312500005,0.0109999999,0,1,0,0,0,100,0,0,0,0,0,0.0799999982,0,0,0,0,0,0,0,0,95,182.692322,0.200000003,0.537499964,0.980000019,0.879999995,0,0.915759921,24,0.200000003,1.25,0.75,160.041016,100,0,0.519493699,0.955000043,0.449999988,0,0,0,0
17,1,90,0.0260000005,21,24,8,0,65,265,1,0,3.00000011e-06,25,3.66000009,0.000600000028,266,6,0.379999995,0.219999999,0.600000024,0.200000003,0.150000006,0.0500000007,8,0.200000003,1,0.879999995,200,100,0.000199999995,0.360000014,0.879999995,0.100000001,265,0.0800499991,0.00249999994,0.0109999999,0,1,0.0022759994,0.00134818011,1,118.629204,0,0,0,0.000214168016,0,0.25,0,0,0,0,0,1.41680221e-05,0,0,65,101.5625,0.219999999,0.699999988,0.980000019,0.879999995,1,0.98298353,24,0.200255826,1.00200975,0.991491795,199.854172,118.629204,0.000214168016,0.699999988,0.980000019,0.100000001,0,0,0,0
17,2,90,0.0260000005,21,24,8,0,65,265,1,0,3.00000011e-06,25,3.66000009,0.000600000028,266,6,0.379999995,0.219999999,0.600000024,0.200000003,0.150000006,0.0500000007,8,0.200000003,1,0.879999995,200,100,0.000199999995,0.360000014,0.879999995,0.100000001,265.600006,0.0800499991,0.00249999994,0.0109999999,0,1,0.0022759994,0.00134818011,1,118.629204,0,0,0,0.000214168016,0,0.25,0,0,0,0,0,1.41680221e-05,0,0,65,101.5625,0.219999999,0.699999988,0.980000019,0.879999995,1,0.98298353,24,0.200255826,1.00200975,0.991491795,199.854172,118.629204,0.000214168016,0.699999988,0.980000019,0.100000001,0,0,0,0
17,3,90,0.0260000005,21,24,8,0,65,265,1,0,3.00000011e-06,25,3.66000009,0.000600000028,266,6,0.379999995,0.219999999,0.600000024,0.200000003,0.150000006,0.0500000007,8,0.200000003,1,0.879999995,200,100,0.000199999995,0.360000014,0.879999995,0.100000001,266.200012,0.0800499991,0.00249999994,0.0109999999,0,1,0.0022759994,0.00134818011,1,118.629204,0,0,0,0.000214168016,0,0.25,0,0,0,0,0,1.41680221e-05,0,0,65,101.5625,0.219999999,0.699999988,0.980000019,0.879999995,1,0.98298353,24,0.200255826,1.00200975,0.991491795,199.854172,118.629204,0.000214168016,0.699999988,0.980000019,0.100000001,0,0,0,0
17,4,90,0.0260000005,21,24,8,0,65,265,1,0,3.00000011e-06,25,3.66000009,0.000600000028,266,6,0.379999995,0.219999999,0.600000024,0.200000003,0.150000006,0.0500000007,8,0.200000003,1,0.879999995,200,100,0.000199999995,0.360000014,0.879999995,0.100000001,266.799988,0.0800499991,0.00249999994,0.0109999999,0,1,0.0022759994,0.00134818011,1,118.629204,0,0,0,0.000214168016,0,0.25,0,0,0,0,0,1.41680221e-05,0,0,65,101.5625,0.219999999,0.699999988,0.980000019,0.879999995,1,0.98298353,24,0.200255826,1.00200975,0.991491795,199.854172,118.629204,0.000214168016,0.699999988,0.980000019,0.100000001,0,0,0,0
17,5,90,0.0260000005,21,24,8,0,65,265,1,0,3.00000011e-06,25,3.66000009,0.000600000028,266,6,0.379999995,0.219999999,0.600000024,0.200000003,0.150000006,0.0500000007,8,0.200000003,1,0.879999995,200,100,0.000199999995,0.360000014,0.879999995,0.100000001,267.399994,0.0800499991,0.00249999994,0.0109999999,0,1,0.0022759994,0.00134818011,1,118.629204,0,0,0,0.000214168016,0,0.25,0,0,0,0,0,1.41680221e-05,0,0,65,101.5625,0.219999999,0.699999988,0.980000019,0.879999995,1,0.98298353,24,0.200255826,1.00200975,0.991491795,199.854172,118.629204,0.000214168016,0.699999988,0.980000019,0.100000001,0,0,0,0
17,6,90,0.0260000005,21,24,8,0,65,265,1,0,3.00000011e-06,25,3.66000009,0.000600000028,266,6,0.379999995,0.219999999,0.600000024,0.200000003,0.150000006,0.0500000007,8,0.200000003,1,0.879999995,200,100,0.000199999995,0.360000014,0.879999995,0.100000001,268,0.0800499991,0.00249999994,0.0109999999,0,1,0.0022759994,0.00134818011,1,118.629204,0,0,0,0.000214168016,0,0.25,0,0,0,0,0,1.41680221e-05,0,0,65,101.5625,0.219999999,0.699999988,0.980000019,0.879999995,1,0.98298353,24,0.200255826,1.00200975,0.991491795,199.854172,118.629204,0.000214168016,0.699999988,0.980000019,0.100000001,0,0,0,0
17,7,90,0.0260000005,21,24,8,0,65,265,1,0,3.00000011e-06,25,3.66000009,0.000600000028,266,6,0.379999995,0.219999999,0.600000024,0.200000003,0.150000006,0.0500000007,8,0.200000003,1,0.879999995,200,100,0.000199999995,0.360000014,0.879999995,0.100000001,268.600006,0.0800499991,0.00249999994,0.0109999999,0,1,0.0022759994,0.00134818011,1,118.629204,0,0,0,0.000214168016,0,0.25,0,0,0,0,0,1.41680221e-05,0,0,65,101.5625,0.219999999,0.699999988,0.980000019,0.879999995,1,0.98298353,24,0.200255826,1.00200975,0.991491795,199.854172,118.629204,0.000214168016,0.699999988,0.980000019,0.100000001,0,0,0,0
17,8,90,0.0260000005,21,24,8,0,65,265,1,0,3.00000011e-06,25,3.66000009,0.000600000028,266,6,0.379999995,0.219999999,0.600000024,0.200000003,0.150000006,0.0500000007,8,0.200000003,1,0.879999995,200,100,0.000199999995,0.360000014,0.879999995,0.100000001,269.200012,0.0800499991,0.00249999994,0.0109999999,0,1,0.0022759994,0.00134818011,1,118.629204,0,0,0,0.000214168016,0,0.25,0,0,0,0,0,1.41680221e-05,0,0,65,101.5625,0.219999999,0.699999988,0.980000019,0.879999995,1,0.98298353,24,0.200255826,1.00200975,0.991491795,199.854172,118.629204,0.000214168016,0.699999988,0.980000019,0.100000001,0,0,0,0
17,9,90,0.0260000005,21,24,8,0,65,265,1,0,3.00000011e-06,25,3.66000009,0.000600000028,266,6,0.379999995,0.219999999,0.600000024,0.200000003,0.150000006,0.0500000007,8,0.200000003,1,0.879999995,200,100,0.000199999995,0.360000014,0.879999995,0.100000001,269.799988,0.0800499991,0.00249999994,0.0109999999,0,1,0.0022759994,0.00134818011,1,118.629204,0,0,0,0.000214168016,0,0.25,0,0,0,0,0,1.41680221e-05,0,0,65,101.5625,0.219999999,0.699999988,0.980000019,0.879999995,1,0.98298353,24,0.200255826,1.00200975,0.991491795,199.854172,118.629204,0.000214168016,0.699999988,0.980000019,0.100000001,0,0,0,0
