case,i,k,dt_s,rho_kg_m3,pressure_pa,exner,temperature_k,target_rain_diameter_m,theta_before_k,qv_before,qr_before,qnr_before_per_kg,qg_before,qng_before_per_kg,qvolg_before_m3_per_kg,theta_after_k,qv_after,qr_after,qnr_after_per_kg,qg_after,qng_after_per_kg,qvolg_after_m3_per_kg,qh_after,qnh_after_per_kg,qvolh_after_m3_per_kg
0,1,1, 1.0000000000000000E+000, 1.3388134241104126E+000, 1.0000000000000000E+005, 1.0000000000000000E+000, 2.6000000000000000E+002, 1.0000000474974513E-003, 2.6000000000000000E+002, 1.3796490384265780E-003, 0.0000000000000000E+000, 0.0000000000000000E+000, 0.0000000000000000E+000, 0.0000000000000000E+000, 0.0000000000000000E+000, 2.6000000000000000E+002, 1.3796490384265780E-003, 0.0000000000000000E+000, 0.0000000000000000E+000, 0.0000000000000000E+000, 0.0000000000000000E+000, 0.0000000000000000E+000, 0.0000000000000000E+000, 0.0000000000000000E+000, 0.0000000000000000E+000
1,2,1, 1.0000000000000000E+000, 1.3341237306594849E+000, 9.9650000000000000E+004, 9.9899810552597046E-001, 2.6000000000000000E+002, 1.0000000474974513E-003, 2.6026074218750000E+002, 1.3844947097823024E-003, 9.9999998245167004E-014, 1.9098580139598198E-007, 0.0000000000000000E+000, 0.0000000000000000E+000, 0.0000000000000000E+000, 2.6026074218750000E+002, 1.3844947097823024E-003, 9.9999998245167004E-014, 1.9098580139598198E-007, 0.0000000000000000E+000, 0.0000000000000000E+000, 0.0000000000000000E+000, 0.0000000000000000E+000, 0.0000000000000000E+000, 0.0000000000000000E+000
2,3,1, 1.0000000000000000E+000, 1.2789182662963867E+000, 9.9300000000000000E+004, 9.9799370765686035E-001, 2.7000000000000000E+002, 5.0000002374872565E-004, 2.7054278564453125E+002, 3.0334256589412689E-003, 3.1622774258721620E-005, 4.8316009521484375E+002, 0.0000000000000000E+000, 0.0000000000000000E+000, 0.0000000000000000E+000, 2.7054278564453125E+002, 3.0334256589412689E-003, 3.1622774258721620E-005, 4.8316006469726562E+002, 0.0000000000000000E+000, 0.0000000000000000E+000, 0.0000000000000000E+000, 0.0000000000000000E+000, 0.0000000000000000E+000, 0.0000000000000000E+000
3,4,1, 1.0000000149011612E-001, 1.2835081815719604E+000, 9.8950000000000000E+004, 9.9698674678802490E-001, 2.6814898681640625E+002, 3.0000001424923539E-004, 2.6895944213867188E+002, 2.6476844213902950E-003, 3.1622774258721620E-005, 2.2368525390625000E+003, 0.0000000000000000E+000, 0.0000000000000000E+000, 0.0000000000000000E+000, 2.6895944213867188E+002, 2.6476844213902950E-003, 3.1622774258721620E-005, 2.2368525390625000E+003, 0.0000000000000000E+000, 0.0000000000000000E+000, 0.0000000000000000E+000, 0.0000000000000000E+000, 0.0000000000000000E+000, 0.0000000000000000E+000
4,1,2, 5.0000000000000000E-001, 1.2846386432647705E+000, 9.8600000000000000E+004, 9.9597728252410889E-001, 2.6700000000000000E+002, 3.0000001424923539E-004, 2.6807839965820312E+002, 2.4341789539903402E-003, 6.3245548517443240E-005, 4.4737050781250000E+003, 0.0000000000000000E+000, 0.0000000000000000E+000, 0.0000000000000000E+000, 2.6807839965820312E+002, 2.4341789539903402E-003, 6.3245548517443240E-005, 4.4737050781250000E+003, 0.0000000000000000E+000, 0.0000000000000000E+000, 0.0000000000000000E+000, 0.0000000000000000E+000, 0.0000000000000000E+000, 0.0000000000000000E+000
5,2,2, 1.0000000000000000E+000, 1.2900068759918213E+000, 9.8250000000000000E+004, 9.9496525526046753E-001, 2.6500000000000000E+002, 5.0000002374872565E-004, 2.6634097290039062E+002, 2.0926322322338820E-003, 1.2649109703488648E-004, 1.9326403808593750E+003, 0.0000000000000000E+000, 0.0000000000000000E+000, 0.0000000000000000E+000, 2.6634097290039062E+002, 2.0926322322338820E-003, 1.2649109703488648E-004, 1.9326403808593750E+003, 0.0000000000000000E+000, 0.0000000000000000E+000, 0.0000000000000000E+000, 0.0000000000000000E+000, 0.0000000000000000E+000, 0.0000000000000000E+000
6,3,2, 5.0000000000000000E+000, 1.3106749057769775E+000, 9.7900000000000000E+004, 9.9395060539245605E-001, 2.6000000000000000E+002, 1.0000000474974513E-003, 2.6158242797851562E+002, 1.4092432102188468E-003, 1.8973666010424495E-004, 3.6237008666992188E+002, 0.0000000000000000E+000, 0.0000000000000000E+000, 0.0000000000000000E+000, 2.6158242797851562E+002, 1.4092432102188468E-003, 1.8973666010424495E-004, 3.6237008666992188E+002, 0.0000000000000000E+000, 0.0000000000000000E+000, 0.0000000000000000E+000, 0.0000000000000000E+000, 0.0000000000000000E+000, 0.0000000000000000E+000
7,4,2, 1.5000000000000000E+001, 1.3319829702377319E+000, 9.7550000000000000E+004, 9.9293339252471924E-001, 2.5500000000000000E+002, 2.0000000949949026E-003, 2.5681481933593750E+002, 9.3191920313984156E-004, 2.5298219406977296E-004, 6.0395011901855469E+001, 0.0000000000000000E+000, 0.0000000000000000E+000, 0.0000000000000000E+000, 2.5682690429687500E+002, 9.3191920313984156E-004, 2.1196225134190172E-004, 6.0225715637207031E+001, 4.1019942727871239E-005, 2.0891278982162476E-001, 4.5577710494626444E-008, 0.0000000000000000E+000, 0.0000000000000000E+000, 0.0000000000000000E+000
8,1,3, 3.0000000000000000E+001, 1.3540173768997192E+000, 9.7200000000000000E+004, 9.9191355705261230E-001, 2.5000000000000000E+002, 4.0000001899898052E-003, 2.5203808593750000E+002, 6.0438853688538074E-004, 3.1622778624296188E-004, 9.4367218017578125E+000, 0.0000000000000000E+000, 0.0000000000000000E+000, 0.0000000000000000E+000, 2.5212641906738281E+002, 6.0438853688538074E-004, 3.2760435715317726E-006, 1.6553855895996094E+001, 3.1295174267143011E-004, 1.3270851135253906E+001, 3.4772418189277232E-007, 0.0000000000000000E+000, 0.0000000000000000E+000, 0.0000000000000000E+000
9,2,3, 6.0000000000000000E+001, 1.4056694507598877E+000, 9.6850000000000000E+004, 9.9089109897613525E-001, 2.4000000000000000E+002, 6.0000000521540642E-003, 2.4220623779296875E+002, 2.3755821166560054E-004, 3.1622778624296188E-004, 2.7960660457611084E+000, 0.0000000000000000E+000, 0.0000000000000000E+000, 0.0000000000000000E+000, 2.4228724670410156E+002, 2.3755821166560054E-004, 4.8894435167312622E-009, 7.6777029037475586E-001, 3.1622289679944515E-004, 2.9056936264038086E+001, 3.5135880693815125E-007, 0.0000000000000000E+000, 0.0000000000000000E+000, 0.0000000000000000E+000
10,3,3, 3.0000000000000000E+002, 1.4304707050323486E+000, 9.6500000000000000E+004, 9.8986601829528809E-001, 2.3500000000000000E+002, 7.9999997979030013E-005, 2.3740586853027344E+002, 1.4403011300601065E-004, 6.3245548517443240E-005, 2.3591807812500000E+005, 0.0000000000000000E+000, 0.0000000000000000E+000, 0.0000000000000000E+000, 2.3742120361328125E+002, 1.4403011300601065E-004, 6.3155312091112137E-009, 2.3558149337768555E+001, 6.3239232986234128E-005, 8.9465166015625000E+003, 7.0265819829273823E-008, 0.0000000000000000E+000, 0.0000000000000000E+000, 0.0000000000000000E+000
11,4,3, 1.0000000000000000E+003, 1.4563190937042236E+000, 9.6150000000000000E+004, 9.8883825540542603E-001, 2.3000000000000000E+002, 3.0000000260770321E-003, 2.3259617614746094E+002, 8.5087827756069601E-005, 3.1622778624296188E-004, 2.2368528366088867E+001, 0.0000000000000000E+000, 0.0000000000000000E+000, 0.0000000000000000E+000, 2.3266835021972656E+002, 8.5087827756069601E-005, 1.7462298274040222E-010, 2.7385935187339783E-002, 3.1622761161997914E-004, 2.9797319412231445E+001, 3.5136403653268644E-007, 0.0000000000000000E+000, 0.0000000000000000E+000, 0.0000000000000000E+000
0,1,4, 1.0000000000000000E+000, 1.2183957099914551E+000, 9.1000000000000000E+004, 9.7339719533920288E-001, 2.5996301269531250E+002, 1.0000000474974513E-003, 2.6706774902343750E+002, 1.5116503927856684E-003, 0.0000000000000000E+000, 0.0000000000000000E+000, 1.9999999494757503E-004, 2.2468918457031250E+003, 1.1764705050154589E-006, 2.6706774902343750E+002, 1.5116503927856684E-003, 0.0000000000000000E+000, 0.0000000000000000E+000, 1.9999999494757503E-004, 2.2468918457031250E+003, 1.1764705050154589E-006, 0.0000000000000000E+000, 0.0000000000000000E+000, 0.0000000000000000E+000
1,2,4, 1.0000000000000000E+000, 1.2137053012847900E+000, 9.0650000000000000E+004, 9.7232532501220703E-001, 2.5996301269531250E+002, 1.0000000474974513E-003, 2.6736218261718750E+002, 1.5174869913607836E-003, 9.9999998245167004E-014, 1.9098580139598198E-007, 2.0999999833293259E-004, 7.4966387939453125E+002, 3.9252336136996746E-007, 2.6736218261718750E+002, 1.5174869913607836E-003, 9.9999998245167004E-014, 1.9098580139598198E-007, 2.0999999833293259E-004, 7.4966387939453125E+002, 3.9252336136996746E-007, 0.0000000000000000E+000, 0.0000000000000000E+000, 0.0000000000000000E+000
2,3,4, 1.0000000000000000E+000, 1.1629564762115479E+000, 9.0300000000000000E+004, 9.7125059366226196E-001, 2.6996301269531250E+002, 5.0000002374872565E-004, 2.7795404052734375E+002, 3.3267922699451447E-003, 9.9999997473787516E-005, 1.5278864746093750E+003, 2.1999998716637492E-004, 4.6685418701171875E+002, 2.4444443624815904E-007, 2.7795404052734375E+002, 3.3267922699451447E-003, 9.9999997473787516E-005, 1.5278864746093750E+003, 2.1999998716637492E-004, 4.6685418701171875E+002, 2.4444443624815904E-007, 0.0000000000000000E+000, 0.0000000000000000E+000, 0.0000000000000000E+000
3,4,4, 1.0000000149011612E-001, 1.1665791273117065E+000, 8.9950000000000000E+004, 9.7017282247543335E-001, 2.6814898681640625E+002, 3.0000001424923539E-004, 2.7639300537109375E+002, 2.9126000590622425E-003, 9.9999997473787516E-005, 7.0735488281250000E+003, 2.2999999055173248E-004, 2.5839255371093750E+003, 1.3529411262425128E-006, 2.7639300537109375E+002, 2.9126000590622425E-003, 9.9999997473787516E-005, 7.0735488281250000E+003, 2.2999999055173248E-004, 2.5839255371093750E+003, 1.3529411262425128E-006, 0.0000000000000000E+000, 0.0000000000000000E+000, 0.0000000000000000E+000
4,1,5, 5.0000000000000000E-001, 1.1673731803894043E+000, 8.9600000000000000E+004, 9.6909207105636597E-001, 2.6696301269531250E+002, 3.0000001424923539E-004, 2.7547744750976562E+002, 2.6712939143180847E-003, 1.9999999494757503E-004, 1.4147097656250000E+004, 2.3999999393709004E-004, 8.5675872802734375E+002, 4.4859811509923020E-007, 2.7547744750976562E+002, 2.6712939143180847E-003, 1.9999999494757503E-004, 1.4147098632812500E+004, 2.3999999393709004E-004, 8.5675872802734375E+002, 4.4859811509923020E-007, 0.0000000000000000E+000, 0.0000000000000000E+000, 0.0000000000000000E+000
5,2,5, 1.0000000000000000E+000, 1.1718565225601196E+000, 8.9250000000000000E+004, 9.6800827980041504E-001, 2.6496301269531250E+002, 5.0000002374872565E-004, 2.7371978759765625E+002, 2.2971876896917820E-003, 3.9999998989515007E-004, 6.1115458984375000E+003, 2.4999998277053237E-004, 5.3051611328125000E+002, 2.7777775812865002E-007, 2.7371978759765625E+002, 2.2971876896917820E-003, 3.9999998989515007E-004, 6.1115458984375000E+003, 2.4999998277053237E-004, 5.3051611328125000E+002, 2.7777775812865002E-007, 0.0000000000000000E+000, 0.0000000000000000E+000, 0.0000000000000000E+000
6,3,5, 5.0000000000000000E+000, 1.1902531385421753E+000, 8.8900000000000000E+004, 9.6692144870758057E-001, 2.5996301269531250E+002, 1.0000000474974513E-003, 2.6885638427734375E+002, 1.5473586972802877E-003, 6.0000002849847078E-004, 1.1459149169921875E+003, 2.6000000070780516E-004, 2.9209594726562500E+003, 1.5294117474695668E-006, 2.6885638427734375E+002, 1.5473586972802877E-003, 6.0000002849847078E-004, 1.1459149169921875E+003, 2.6000000070780516E-004, 2.9209594726562500E+003, 1.5294118611564045E-006, 0.0000000000000000E+000, 0.0000000000000000E+000, 0.0000000000000000E+000
7,4,5, 1.5000000000000000E+001, 1.2092019319534302E+000, 8.8550000000000000E+004, 9.6583157777786255E-001, 2.5496299743652344E+002, 2.0000000949949026E-003, 2.6398287963867188E+002, 1.0234867222607136E-003, 7.9999997979030013E-004, 1.9098580932617188E+002, 2.6999998954124749E-004, 9.6385357666015625E+002, 5.0467286882849294E-007, 2.6402377319335938E+002, 1.0234867222607136E-003, 6.6480302484706044E-004, 1.9041163635253906E+002, 4.0519691538065672E-004, 9.6442779541015625E+002, 6.5489166445331648E-007, 0.0000000000000000E+000, 0.0000000000000000E+000, 0.0000000000000000E+000
8,1,6, 3.0000000000000000E+001, 1.2287828922271729E+000, 8.8200000000000000E+004, 9.6473860740661621E-001, 2.4996299743652344E+002, 4.0000001899898052E-003, 2.5909918212890625E+002, 6.6392053849995136E-004, 1.0000000474974513E-003, 2.9841533660888672E+001, 2.7999997837468982E-004, 5.9417803955078125E+002, 3.1111108000914101E-007, 2.5938641357421875E+002, 6.6392053849995136E-004, 9.8920427262783051E-006, 5.1953796386718750E+001, 1.2701079249382019E-003, 6.3653820800781250E+002, 1.4112312101133284E-006, 0.0000000000000000E+000, 0.0000000000000000E+000, 0.0000000000000000E+000
9,2,6, 6.0000000000000000E+001, 1.2752230167388916E+000, 8.7850000000000000E+004, 9.6364253759384155E-001, 2.3996299743652344E+002, 6.0000000521540642E-003, 2.4901661682128906E+002, 2.6096950750797987E-004, 1.0000000474974513E-003, 8.8419370651245117E+000, 2.8999999631196260E-004, 3.2579931640625000E+003, 1.7058823686966207E-006, 2.4927993774414062E+002, 2.6096950750797987E-004, 1.5366822481155396E-008, 2.3981425762176514E+000, 1.2899846769869328E-003, 3.3499091796875000E+003, 2.8169763481855625E-006, 0.0000000000000000E+000, 0.0000000000000000E+000, 0.0000000000000000E+000
10,3,6, 3.0000000000000000E+002, 1.2972521781921387E+000, 8.7500000000000000E+004, 9.6254336833953857E-001, 2.3496299743652344E+002, 7.9999997979030013E-005, 2.4410639953613281E+002, 1.5825453738216311E-004, 1.9999999494757503E-004, 7.4603850000000000E+005, 2.9999998514540493E-004, 1.0709483642578125E+003, 5.6074765097946511E-007, 2.4415625000000000E+002, 1.5825453738216311E-004, 1.9746948964893818E-008, 7.3659919738769531E+001, 4.9998023314401507E-004, 6.6105312500000000E+004, 7.8294795002875617E-007, 0.0000000000000000E+000, 0.0000000000000000E+000, 0.0000000000000000E+000
11,4,6, 1.0000000000000000E+003, 1.3202079534530640E+000, 8.7150000000000000E+004, 9.6144104003906250E-001, 2.2996299743652344E+002, 3.0000000260770321E-003, 2.3918574523925781E+002, 9.3507958808913827E-005, 1.0000000474974513E-003, 7.0735496520996094E+001, 3.0999997397884727E-004, 6.5783996582031250E+002, 3.4444440188963199E-007, 2.3942036437988281E+002, 9.3507958808913827E-005, 4.6566128730773926E-010, 8.5545562207698822E-002, 1.3099994976073503E-003, 7.5206842041015625E+002, 1.4555550933437189E-006, 0.0000000000000000E+000, 0.0000000000000000E+000, 0.0000000000000000E+000
0,1,7, 1.0000000000000000E+000, 1.0979443788528442E+000, 8.2000000000000000E+004, 9.4484305381774902E-001, 2.5992599487304688E+002, 1.0000000474974513E-003, 2.7509963989257812E+002, 1.6723697772249579E-003, 0.0000000000000000E+000, 0.0000000000000000E+000, 5.0000002374872565E-004, 9.4313987500000000E+005, 1.6666667761455756E-006, 2.7509963989257812E+002, 1.6723697772249579E-003, 0.0000000000000000E+000, 0.0000000000000000E+000, 5.0000002374872565E-004, 1.1789250000000000E+005, 1.6666667761455756E-006, 0.0000000000000000E+000, 0.0000000000000000E+000, 0.0000000000000000E+000
1,2,7, 1.0000000000000000E+000, 1.0932533740997314E+000, 8.1650000000000000E+004, 9.4368833303451538E-001, 2.5992599487304688E+002, 1.0000000474974513E-003, 2.7543627929687500E+002, 1.6795386327430606E-003, 9.9999998245167004E-014, 1.9098580139598198E-007, 5.2000000141561031E-004, 7.3564906250000000E+005, 1.3000000080864993E-006, 2.7543627929687500E+002, 1.6795386327430606E-003, 9.9999998245167004E-014, 1.9098580139598198E-007, 5.2000000141561031E-004, 9.1956140625000000E+004, 1.3000000080864993E-006, 0.0000000000000000E+000, 0.0000000000000000E+000, 0.0000000000000000E+000
2,3,7, 1.0000000000000000E+000, 1.0469635725021362E+000, 8.1300000000000000E+004, 9.4253003597259521E-001, 2.6992599487304688E+002, 5.0000002374872565E-004, 2.8638449096679688E+002, 3.6845875438302755E-003, 3.1622775713913143E-004, 4.8316010742187500E+003, 5.4000003729015589E-004, 6.1115462500000000E+005, 1.0800000609378912E-006, 2.8638449096679688E+002, 3.6845875438302755E-003, 3.1622775713913143E-004, 4.8316010742187500E+003, 5.4000003729015589E-004, 7.6394335937500000E+004, 1.0800000609378912E-006, 0.0000000000000000E+000, 0.0000000000000000E+000, 0.0000000000000000E+000
3,4,7, 1.0000000149011612E-001, 1.0496499538421631E+000, 8.0950000000000000E+004, 9.4136822223663330E-001, 2.6814898681640625E+002, 3.0000001424923539E-004, 2.8485025024414062E+002, 3.2364220824092627E-003, 3.1622775713913143E-004, 2.2368525390625000E+004, 5.6000001495704055E-004, 5.2815831250000000E+005, 9.3333335371426074E-007, 2.8485025024414062E+002, 3.2364220824092627E-003, 3.1622775713913143E-004, 2.2368525390625000E+004, 5.6000001495704055E-004, 6.6019796875000000E+004, 9.3333341055767960E-007, 0.0000000000000000E+000, 0.0000000000000000E+000, 0.0000000000000000E+000
4,1,8, 5.0000000000000000E-001, 1.0500756502151489E+000, 8.0600000000000000E+004, 9.4020277261734009E-001, 2.6692599487304688E+002, 3.0000001424923539E-004, 2.8390258789062500E+002, 2.9609317425638437E-003, 6.3245551427826285E-004, 4.4737050781250000E+004, 5.7999999262392521E-004, 1.0940421250000000E+006, 1.9333333511895034E-006, 2.8390258789062500E+002, 2.9609317425638437E-003, 6.3245551427826285E-004, 4.4737050781250000E+004, 5.7999999262392521E-004, 1.3675528125000000E+005, 1.9333333511895034E-006, 0.0000000000000000E+000, 0.0000000000000000E+000, 0.0000000000000000E+000
5,2,8, 1.0000000000000000E+000, 1.0536732673645020E+000, 8.0250000000000000E+004, 9.3903368711471558E-001, 2.6492599487304688E+002, 5.0000002374872565E-004, 2.8212619018554688E+002, 2.5472475681453943E-003, 1.2649110285565257E-003, 1.9326404296875000E+004, 6.0000002849847078E-004, 8.4882587500000000E+005, 1.5000000530562829E-006, 2.8212619018554688E+002, 2.5472475681453943E-003, 1.2649110285565257E-003, 1.9326404296875000E+004, 6.0000002849847078E-004, 1.0610324218750000E+005, 1.5000000530562829E-006, 0.0000000000000000E+000, 0.0000000000000000E+000, 0.0000000000000000E+000
6,3,8, 5.0000000000000000E+000, 1.0697977542877197E+000, 7.9900000000000000E+004, 9.3786102533340454E-001, 2.5992599487304688E+002, 1.0000000474974513E-003, 2.7714767456054688E+002, 1.7163244774565101E-003, 1.8973667174577713E-003, 3.6237011718750000E+003, 6.2000000616535544E-004, 7.0169600000000000E+005, 1.2399999604895129E-006, 2.7714767456054688E+002, 1.7163244774565101E-003, 1.8973667174577713E-003, 3.6237011718750000E+003, 6.2000000616535544E-004, 8.7712007812500000E+004, 1.2399999604895129E-006, 0.0000000000000000E+000, 0.0000000000000000E+000, 0.0000000000000000E+000
7,4,8, 1.5000000000000000E+001, 1.0863852500915527E+000, 7.9550000000000000E+004, 9.3668460845947266E-001, 2.5492599487304688E+002, 2.0000000949949026E-003, 2.7215777587890625E+002, 1.1355908354744315E-003, 2.5298220571130514E-003, 6.0395013427734375E+002, 6.3999998383224010E-004, 6.0360943750000000E+005, 1.0666666412362247E-006, 2.7229647827148438E+002, 1.1355908354744315E-003, 2.0849108695983887E-003, 6.0200909423828125E+002, 1.0849111713469028E-003, 7.5453132812500000E+004, 1.5610124819431803E-006, 0.0000000000000000E+000, 0.0000000000000000E+000, 0.0000000000000000E+000
8,1,9, 3.0000000000000000E+001, 1.1035113334655762E+000, 7.9200000000000000E+004, 9.3550449609756470E-001, 2.4992599487304688E+002, 4.0000001899898052E-003, 2.6715637207031250E+002, 7.3685852112248540E-004, 3.1622778624296188E-003, 9.4367218017578125E+001, 6.6000001970678568E-004, 1.2449446250000000E+006, 2.2000001536071068E-006, 2.6809313964843750E+002, 7.3685852112248540E-004, 2.9820250347256660E-005, 1.6306138610839844E+002, 3.7924577482044697E-003, 1.5575328125000000E+005, 5.6805088206601795E-006, 0.0000000000000000E+000, 0.0000000000000000E+000, 0.0000000000000000E+000
9,2,9, 6.0000000000000000E+001, 1.1447364091873169E+000, 7.8850000000000000E+004, 9.3432068824768066E-001, 2.3992599487304688E+002, 6.0000000521540642E-003, 2.5679190063476562E+002, 2.8967190883122385E-004, 3.1622778624296188E-003, 2.7960660934448242E+001, 6.8000005558133125E-004, 9.6200268750000000E+005, 1.7000000980260666E-006, 2.5765042114257812E+002, 2.8967190883122385E-004, 4.7730281949043274E-008, 7.4906582832336426E+000, 3.8422301877290010E-003, 1.2054109375000000E+005, 5.2135892474325374E-006, 0.0000000000000000E+000, 0.0000000000000000E+000, 0.0000000000000000E+000
10,3,9, 3.0000000000000000E+002, 1.1639914512634277E+000, 7.8500000000000000E+004, 9.3313312530517578E-001, 2.3492599487304688E+002, 7.9999997979030013E-005, 2.5176042175292969E+002, 1.7570675117895007E-004, 6.3245551427826285E-004, 2.3591810000000000E+006, 7.0000003324821591E-004, 7.9223750000000000E+005, 1.4000000874148100E-006, 2.5192294311523438E+002, 1.7570675117895007E-004, 6.1641912907361984E-008, 2.2993621826171875E+002, 1.3323938474059105E-003, 1.8849507812500000E+005, 2.1026598915341310E-006, 0.0000000000000000E+000, 0.0000000000000000E+000, 0.0000000000000000E+000
11,4,9, 1.0000000000000000E+003, 1.1840525865554810E+000, 7.8150000000000000E+004, 9.3194174766540527E-001, 2.2992599487304688E+002, 3.0000000260770321E-003, 2.4671713256835938E+002, 1.0384652705397457E-004, 3.1622778624296188E-003, 2.2368528747558594E+002, 7.2000001091510057E-004, 6.7906068750000000E+005, 1.2000000424450263E-006, 2.4748217773437500E+002, 1.0384652705397457E-004, 1.3969838619232178E-009, 2.6722314953804016E-001, 3.8822763599455357E-003, 8.5180570312500000E+004, 4.7136404646153096E-006, 0.0000000000000000E+000, 0.0000000000000000E+000, 0.0000000000000000E+000
0,1,10, 1.0000000000000000E+000, 9.7745829820632935E-001, 7.3000000000000000E+004, 9.1395431756973267E-001, 2.5988900756835938E+002, 1.0000000474974513E-003, 2.8435665893554688E+002, 1.8730427836999297E-003, 0.0000000000000000E+000, 0.0000000000000000E+000, 1.0000000474974513E-003, 8.7059080600738525E-001, 1.5384615608127206E-006, 2.8435665893554688E+002, 1.8730427836999297E-003, 0.0000000000000000E+000, 0.0000000000000000E+000, 1.0000000474974513E-003, 3.9176590442657471E+000, 1.5384615608127206E-006, 0.0000000000000000E+000, 0.0000000000000000E+000, 0.0000000000000000E+000
1,2,10, 1.0000000000000000E+000, 9.7276657819747925E-001, 7.2650000000000000E+004, 9.1269940137863159E-001, 2.5988900756835938E+002, 1.0000000474974513E-003, 2.8474765014648438E+002, 1.8820664845407009E-003, 9.9999998245167004E-014, 1.9098580139598198E-007, 1.0400000028312206E-003, 7.8469252586364746E-001, 1.3866666677131434E-006, 2.8474765014648438E+002, 1.8820664845407009E-003, 9.9999998245167004E-014, 1.9098580139598198E-007, 1.0400000028312206E-003, 3.5311167240142822E+000, 1.3866666677131434E-006, 0.0000000000000000E+000, 0.0000000000000000E+000, 0.0000000000000000E+000
2,3,10, 1.0000000000000000E+000, 9.3093842267990112E-001, 7.2300000000000000E+004, 9.1144013404846191E-001, 2.6988900756835938E+002, 5.0000002374872565E-004, 2.9611270141601562E+002, 4.1321129538118839E-003, 9.9999993108212948E-004, 1.5278863281250000E+004, 1.0800000745803118E-003, 7.1900558471679688E-001, 1.2705883136732155E-006, 2.9611270141601562E+002, 4.1321129538118839E-003, 9.9999993108212948E-004, 1.5278863281250000E+004, 1.0800000745803118E-003, 3.2355251312255859E+000, 1.2705883136732155E-006, 0.0000000000000000E+000, 0.0000000000000000E+000, 0.0000000000000000E+000
3,4,10, 1.0000000149011612E-001, 9.3272113800048828E-001, 7.1950000000000000E+004, 9.1017651557922363E-001, 2.6814898681640625E+002, 3.0000001424923539E-004, 2.9461206054687500E+002, 3.6412563640624285E-003, 9.9999993108212948E-004, 7.0735484375000000E+004, 1.1200000299140811E-003, 9.7506171464920044E-001, 1.7230769344678265E-006, 2.9461206054687500E+002, 3.6412563640624285E-003, 9.9999993108212948E-004, 7.0735484375000000E+004, 1.1200000299140811E-003, 4.3877778053283691E+000, 1.7230769344678265E-006, 0.0000000000000000E+000, 0.0000000000000000E+000, 0.0000000000000000E+000
4,1,11, 5.0000000000000000E-001, 9.3274539709091187E-001, 7.1600000000000000E+004, 9.0890848636627197E-001, 2.6688900756835938E+002, 3.0000001424923539E-004, 2.9363684082031250E+002, 3.3239226322621107E-003, 1.9999998621642590E-003, 1.4147096875000000E+005, 1.1599999852478504E-003, 8.7523394823074341E-001, 1.5466666809516028E-006, 2.9363684082031250E+002, 3.3239226322621107E-003, 1.9999998621642590E-003, 1.4147096875000000E+005, 1.1599999852478504E-003, 3.9385530948638916E+000, 1.5466666809516028E-006, 0.0000000000000000E+000, 0.0000000000000000E+000, 0.0000000000000000E+000
5,2,11, 1.0000000000000000E+000, 9.3545675277709961E-001, 7.1250000000000000E+004, 9.0763598680496216E-001, 2.6488900756835938E+002, 5.0000002374872565E-004, 2.9184497070312500E+002, 2.8609535656869411E-003, 3.9999997243285179E-003, 6.1115453125000000E+004, 1.2000000569969416E-003, 7.9889506101608276E-001, 1.4117647424427560E-006, 2.9184497070312500E+002, 2.8609535656869411E-003, 3.9999997243285179E-003, 6.1115453125000000E+004, 1.2000000569969416E-003, 3.5950279235839844E+000, 1.4117647424427560E-006, 0.0000000000000000E+000, 0.0000000000000000E+000, 0.0000000000000000E+000
6,3,11, 5.0000000000000000E+000, 9.4930768013000488E-001, 7.0900000000000000E+004, 9.0635907649993896E-001, 2.5988900756835938E+002, 1.0000000474974513E-003, 2.8673956298828125E+002, 1.9285207381471992E-003, 6.0000000521540642E-003, 1.1459148437500000E+004, 1.2400000123307109E-003, 1.0795326232910156E+000, 1.9076924218097702E-006, 2.8673956298828125E+002, 1.9285207381471992E-003, 6.0000000521540642E-003, 1.1459148437500000E+004, 1.2400000123307109E-003, 4.8578982353210449E+000, 1.9076926491834456E-006, 0.0000000000000000E+000, 0.0000000000000000E+000, 0.0000000000000000E+000
7,4,11, 1.5000000000000000E+001, 9.6353280544281006E-001, 7.0550000000000000E+004, 9.0507763624191284E-001, 2.5488900756835938E+002, 2.0000000949949026E-003, 2.8162115478515625E+002, 1.2765269493684173E-003, 7.9999994486570358E-003, 1.9098579101562500E+003, 1.2799999676644802E-003, 9.6577537059783936E-001, 1.7066665805032244E-006, 2.8209442138671875E+002, 1.2765269493684173E-003, 6.5328367054462433E-003, 1.9032338867187500E+003, 2.7471624780446291E-003, 9.3274536132812500E+000, 3.3368473850714508E-006, 0.0000000000000000E+000, 0.0000000000000000E+000, 0.0000000000000000E+000
8,1,12, 3.0000000000000000E+001, 9.7820264101028442E-001, 7.0200000000000000E+004, 9.0379166603088379E-001, 2.4988900756835938E+002, 4.0000001899898052E-003, 2.7648962402343750E+002, 8.2865549484267831E-004, 1.0000000707805157E-002, 2.9841534423828125E+002, 1.3200000394135714E-003, 8.7878459692001343E-001, 1.5529411712122965E-006, 2.7955630493164062E+002, 8.2865549484267831E-004, 8.9737586677074432E-005, 5.1180212402343750E+002, 1.1230262927711010E-002, 4.3221670532226562E+002, 1.2564344615384471E-005, 0.0000000000000000E+000, 0.0000000000000000E+000, 0.0000000000000000E+000
9,2,12, 6.0000000000000000E+001, 1.0142093896865845E+000, 6.9850000000000000E+004, 9.0250110626220703E-001, 2.3988900756835938E+002, 6.0000000521540642E-003, 2.6580465698242188E+002, 3.2583894790150225E-004, 1.0000000707805157E-002, 8.8419372558593750E+001, 1.3600001111626625E-003, 1.1840035915374756E+000, 2.0923077954648761E-006, 2.6861410522460938E+002, 3.2583894790150225E-004, 1.4901161193847656E-007, 2.3397155761718750E+001, 1.1359851807355881E-002, 9.2092681884765625E+002, 1.3203252819948830E-005, 0.0000000000000000E+000, 0.0000000000000000E+000, 0.0000000000000000E+000
10,3,12, 3.0000000000000000E+002, 1.0306887626647949E+000, 6.9500000000000000E+004, 9.0120589733123779E-001, 2.3488900756835938E+002, 7.9999997979030013E-005, 2.6063854980468750E+002, 1.9772272207774222E-004, 1.9999998621642590E-003, 7.4603850000000000E+006, 1.4000000664964318E-003, 1.0563168525695801E+000, 1.8666667074285215E-006, 2.6117050170898438E+002, 1.9772272207774222E-004, 1.9255094230175018E-007, 7.1825207519531250E+002, 3.3998074941337109E-003, 3.2064937500000000E+005, 4.0886752685764804E-006, 0.0000000000000000E+000, 0.0000000000000000E+000, 0.0000000000000000E+000
11,4,12, 1.0000000000000000E+003, 1.0478538274765015E+000, 6.9150000000000000E+004, 8.9990603923797607E-001, 2.2988900756835938E+002, 3.0000000260770321E-003, 2.5545890808105469E+002, 1.1690350220305845E-004, 1.0000000707805157E-002, 7.0735498046875000E+002, 1.4400000218302011E-003, 9.5867407321929932E-001, 1.6941177136686747E-006, 2.5796310424804688E+002, 1.1690350220305845E-004, 5.5879354476928711E-009, 8.3463239669799805E-001, 1.1439994908869267E-002, 9.4326416015625000E+002, 1.2805223377654329E-005, 0.0000000000000000E+000, 0.0000000000000000E+000, 0.0000000000000000E+000
