case,i,k,dt_s,rho_kg_m3,pressure_pa,exner,temperature_k,rh_ice,target_ice_diameter_m,target_snow_diameter_m,theta_before_k,qv_before,qi_before,qni_before_per_kg,qs_before,qns_before_per_kg,theta_after_k,qv_after,qi_after,qni_after_per_kg,qs_after,qns_after_per_kg
0,1,1, 1.0000000149011612E-001, 1.2799999713897705E+000, 1.0000000000000000E+005, 1.0000000000000000E+000, 2.3800000000000000E+002, 1.0499999523162842E+000, 7.9999997979030013E-005, 5.0000002374872565E-004, 2.3800000000000000E+002, 1.4166707114782184E-004, 2.4999999936881068E-007, 1.6707600097656250E+003, 0.0000000000000000E+000, 0.0000000000000000E+000, 2.3800000000000000E+002, 1.4166705659590662E-004, 2.5000957748488872E-007, 1.6707600097656250E+003, 0.0000000000000000E+000, 0.0000000000000000E+000
1,2,1, 1.0000000000000000E+000, 1.2819999456405640E+000, 9.9650000000000000E+004, 9.9899810552597046E-001, 2.4500000000000000E+002, 1.0499999523162842E+000, 7.9999997979030013E-005, 1.9999999494757503E-004, 2.4524571228027344E+002, 2.9904540861025453E-004, 0.0000000000000000E+000, 0.0000000000000000E+000, 2.4999999936881068E-007, 5.9683087158203125E+002, 2.4524571228027344E+002, 2.9904508846811950E-004, 0.0000000000000000E+000, 0.0000000000000000E+000, 2.5033253336914640E-007, 5.9683087158203125E+002
2,3,1, 5.0000000000000000E+000, 1.2839999198913574E+000, 9.9300000000000000E+004, 9.9799370765686035E-001, 2.5000000000000000E+002, 1.2000000476837158E+000, 7.9999997979030013E-005, 5.0000002374872565E-004, 2.5050257873535156E+002, 5.6821171892806888E-004, 1.2499999968440534E-007, 8.3538000488281250E+002, 1.2499999968440534E-007, 1.9098581314086914E+001, 2.5050259399414062E+002, 5.6820700410753489E-004, 1.2841073271374626E-007, 8.3537994384765625E+002, 1.2632587242933369E-007, 1.9098581314086914E+001
3,4,1, 3.0000000000000000E+001, 1.2860000133514404E+000, 9.8950000000000000E+004, 9.9698674678802490E-001, 2.5500000000000000E+002, 1.5000000000000000E+000, 9.8999997135251760E-005, 2.0000000949949026E-003, 2.5577070617675781E+002, 1.1570235947147012E-003, 2.4999998515795596E-008, 8.9747886657714844E+001, 2.2499999374758772E-007, 5.3714758157730103E-001, 2.5577075195312500E+002, 1.1570049682632089E-003, 3.5994649039139404E-008, 8.9747886657714844E+001, 2.3268381710295216E-007, 5.3714758157730103E-001
4,1,2, 1.0000000000000000E+000, 1.2879999876022339E+000, 9.8600000000000000E+004, 9.9597728252410889E-001, 2.4000000000000000E+002, 9.4999998807907104E-001, 7.9999997979030013E-005, 5.0000002374872565E-004, 2.4096934509277344E+002, 1.6150357259903103E-004, 2.4999999936881068E-007, 1.6707600097656250E+003, 0.0000000000000000E+000, 0.0000000000000000E+000, 2.4096934509277344E+002, 1.6150370356626809E-004, 2.4987613755911298E-007, 1.6699323730468750E+003, 0.0000000000000000E+000, 0.0000000000000000E+000
5,2,2, 5.0000000000000000E+000, 1.2899999618530273E+000, 9.8250000000000000E+004, 9.9496525526046753E-001, 2.4800000000000000E+002, 8.9999997615814209E-001, 7.9999997979030013E-005, 2.5000001187436283E-004, 2.4925492858886719E+002, 3.5284311161376536E-004, 0.0000000000000000E+000, 0.0000000000000000E+000, 2.4999999936881068E-007, 3.0557730102539062E+002, 2.4925491333007812E+002, 3.5284634213894606E-004, 0.0000000000000000E+000, 0.0000000000000000E+000, 2.4676552357050241E-007, 3.0162374877929688E+002
6,3,2, 1.5000000000000000E+001, 1.2919999361038208E+000, 9.7900000000000000E+004, 9.9395060539245605E-001, 2.5800000000000000E+002, 7.5000000000000000E-001, 7.9999997979030013E-005, 1.0000000474974513E-003, 2.5957025146484375E+002, 7.7471951954066753E-004, 1.2499999968440534E-007, 8.3538000488281250E+002, 1.2499999968440534E-007, 2.3873226642608643E+000, 2.5957015991210938E+002, 7.7474967110902071E-004, 9.8496649059143238E-008, 6.5825701904296875E+002, 1.2133449445173028E-007, 2.3173165321350098E+000
7,4,2, 6.0000000000000000E+001, 1.2940000295639038E+000, 9.7550000000000000E+004, 9.9293339252471924E-001, 2.6500000000000000E+002, 2.0000000298023224E-001, 7.9999997979030013E-005, 4.9999998882412910E-003, 2.6688598632812500E+002, 3.8969074375927448E-004, 4.9999997031591192E-008, 3.3415197753906250E+002, 1.9999998812636477E-007, 3.0557731166481972E-002, 2.6688586425781250E+002, 3.8972907350398600E-004, 2.4999996739438757E-008, 1.6707595825195312E+002, 1.8668129087018315E-007, 2.8522787615656853E-002
8,1,3, 3.0000000000000000E+002, 1.2960000038146973E+000, 9.7200000000000000E+004, 9.9191355705261230E-001, 2.6800000000000000E+002, 9.9900001287460327E-001, 7.9999997979030013E-005, 4.9999998736893758E-005, 2.7018484497070312E+002, 2.5337033439427614E-003, 9.9999994063182385E-008, 6.6830395507812500E+002, 1.4999999109477358E-007, 2.2918302734375000E+004, 2.7018463134765625E+002, 2.5337818078696728E-003, 9.6570637708737195E-008, 6.4538543701171875E+002, 7.4999995547386789E-008, 1.1459151367187500E+004
9,2,3, 1.0000000000000000E+001, 1.2979999780654907E+000, 9.6850000000000000E+004, 9.9089109897613525E-001, 2.5000000000000000E+002, 1.0099999904632568E+000, 9.9999997473787516E-005, 5.0000002374872565E-004, 2.5229815673828125E+002, 4.9034296534955502E-004, 2.4999999936881068E-007, 8.7155572509765625E+002, 0.0000000000000000E+000, 0.0000000000000000E+000, 2.5229815673828125E+002, 4.9034249968826771E-004, 2.5023973648785613E-007, 8.7071990966796875E+002, 2.3974866536491390E-010, 8.3581709861755371E-001
10,3,3, 6.0000000000000000E+001, 1.2999999523162842E+000, 9.6500000000000000E+004, 9.8986601829528809E-001, 2.6000000000000000E+002, 1.1000000238418579E+000, 1.5000000712461770E-004, 1.0000000474974513E-003, 2.6266180419921875E+002, 1.3854254502803087E-003, 1.9999998812636477E-007, 2.1372229003906250E+002, 4.9999997031591192E-008, 9.5492899417877197E-001, 2.6266189575195312E+002, 1.3853955315425992E-003, 2.1355154444790969E-007, 1.9924093627929688E+002, 6.6338962767531484E-008, 1.5436277389526367E+001
11,4,3, 1.0000000000000000E+003, 1.3019999265670776E+000, 9.6150000000000000E+004, 9.8883825540542603E-001, 2.7200000000000000E+002, 1.0010000467300415E+000, 1.9999999494757503E-004, 9.4999996945261955E-003, 2.7507025146484375E+002, 3.5969903692603111E-003, 0.0000000000000000E+000, 0.0000000000000000E+000, 0.0000000000000000E+000, 0.0000000000000000E+000, 2.7507025146484375E+002, 3.5969903692603111E-003, 0.0000000000000000E+000, 0.0000000000000000E+000, 0.0000000000000000E+000, 0.0000000000000000E+000
0,1,4, 1.0000000149011612E-001, 1.1200000047683716E+000, 8.9500000000000000E+004, 9.6878272294998169E-001, 2.3800000000000000E+002, 1.0499999523162842E+000, 7.9999997979030013E-005, 5.0000002374872565E-004, 2.4566912841796875E+002, 1.5828722098376602E-004, 2.4999999368446879E-006, 1.6707599609375000E+004, 0.0000000000000000E+000, 0.0000000000000000E+000, 2.4566912841796875E+002, 1.5828711912035942E-004, 2.5001038466143655E-006, 1.6707599609375000E+004, 0.0000000000000000E+000, 0.0000000000000000E+000
1,2,4, 1.0000000000000000E+000, 1.1219999790191650E+000, 8.9150000000000000E+004, 9.6769803762435913E-001, 2.4500000000000000E+002, 1.0499999523162842E+000, 7.9999997979030013E-005, 1.9999999494757503E-004, 2.5317814636230469E+002, 3.3426668960601091E-004, 0.0000000000000000E+000, 0.0000000000000000E+000, 2.4999999368446879E-006, 5.9683081054687500E+003, 2.5317816162109375E+002, 3.3426313893869519E-004, 0.0000000000000000E+000, 0.0000000000000000E+000, 2.5035574253706727E-006, 5.9683081054687500E+003
2,3,4, 5.0000000000000000E+000, 1.1239999532699585E+000, 8.8800000000000000E+004, 9.6661037206649780E-001, 2.5000000000000000E+002, 1.2000000476837158E+000, 7.9999997979030013E-005, 5.0000002374872565E-004, 2.5863574218750000E+002, 6.3539890106767416E-004, 1.2499999684223440E-006, 8.3537998046875000E+003, 1.2499999684223440E-006, 1.9098579406738281E+002, 2.5863589477539062E+002, 6.3534808577969670E-004, 1.2867469649791019E-006, 8.3537998046875000E+003, 1.2640858813028899E-006, 1.9098579406738281E+002
3,4,4, 3.0000000000000000E+001, 1.1260000467300415E+000, 8.8450000000000000E+004, 9.6551960706710815E-001, 2.5500000000000000E+002, 1.5000000000000000E+000, 9.8999997135251760E-005, 2.0000000949949026E-003, 2.6410650634765625E+002, 1.2943751644343138E-003, 2.4999999936881068E-007, 8.9747894287109375E+002, 2.2500000795844244E-006, 5.3714761734008789E+000, 2.6410708618164062E+002, 1.2941766763105989E-003, 3.6758569876838010E-007, 8.9747894287109375E+002, 2.3309073640120914E-006, 5.3714761734008789E+000
4,1,5, 1.0000000000000000E+000, 1.1280000209808350E+000, 8.8100000000000000E+004, 9.6442574262619019E-001, 2.4000000000000000E+002, 9.4999998807907104E-001, 7.9999997979030013E-005, 5.0000002374872565E-004, 2.4885275268554688E+002, 1.8075201660394669E-004, 2.4999999368446879E-006, 1.6707599609375000E+004, 0.0000000000000000E+000, 0.0000000000000000E+000, 2.4885275268554688E+002, 1.8075335538014770E-004, 2.4986543394334149E-006, 1.6698605468750000E+004, 0.0000000000000000E+000, 0.0000000000000000E+000
5,2,5, 5.0000000000000000E+000, 1.1299999952316284E+000, 8.7750000000000000E+004, 9.6332883834838867E-001, 2.4800000000000000E+002, 8.9999997615814209E-001, 7.9999997979030013E-005, 2.5000001187436283E-004, 2.5744064331054688E+002, 3.9506366010755301E-004, 0.0000000000000000E+000, 0.0000000000000000E+000, 2.4999999368446879E-006, 3.0557727050781250E+003, 2.5744055175781250E+002, 3.9509826456196606E-004, 0.0000000000000000E+000, 0.0000000000000000E+000, 2.4653970740473596E-006, 3.0134775390625000E+003
6,3,5, 1.5000000000000000E+001, 1.1319999694824219E+000, 8.7400000000000000E+004, 9.6222877502441406E-001, 2.5800000000000000E+002, 7.5000000000000000E-001, 7.9999997979030013E-005, 1.0000000474974513E-003, 2.6812750244140625E+002, 8.6779217235743999E-004, 1.2499999684223440E-006, 8.3537998046875000E+003, 1.2499999684223440E-006, 2.3873224258422852E+001, 2.6812655639648438E+002, 8.6811440996825695E-004, 9.6633391422074055E-007, 6.4580483398437500E+003, 1.2114279570596409E-006, 2.3136552810668945E+001
7,4,5, 6.0000000000000000E+001, 1.1340000629425049E+000, 8.7050000000000000E+004, 9.6112555265426636E-001, 2.6500000000000000E+002, 2.0000000298023224E-001, 7.9999997979030013E-005, 4.9999998882412910E-003, 2.7571841430664062E+002, 4.3669537990354002E-004, 4.9999999873762135E-007, 3.3415200195312500E+003, 1.9999999949504854E-006, 3.0557733774185181E-001, 2.7571728515625000E+002, 4.3708345037885010E-004, 2.4999997094710125E-007, 1.6707598876953125E+003, 1.8619278989717714E-006, 2.8448146581649780E-001
8,1,6, 3.0000000000000000E+002, 1.1360000371932983E+000, 8.6700000000000000E+004, 9.6001911163330078E-001, 2.6800000000000000E+002, 9.9900001287460327E-001, 7.9999997979030013E-005, 4.9999998736893758E-005, 2.7916110229492188E+002, 2.8405534103512764E-003, 9.9999999747524271E-007, 6.6830400390625000E+003, 1.4999999393694452E-006, 2.2918303125000000E+005, 2.7915878295898438E+002, 2.8413394466042519E-003, 9.6389476311742328E-007, 6.4417470703125000E+003, 7.4999996968472260E-007, 1.1459150781250000E+005
9,2,6, 1.0000000000000000E+001, 1.1380000114440918E+000, 8.6350000000000000E+004, 9.5890951156616211E-001, 2.5000000000000000E+002, 1.0099999904632568E+000, 9.9999997473787516E-005, 5.0000002374872565E-004, 2.6071282958984375E+002, 5.4996769176796079E-004, 2.4999999368446879E-006, 8.7155576171875000E+003, 0.0000000000000000E+000, 0.0000000000000000E+000, 2.6071286010742188E+002, 5.4996251128613949E-004, 2.5025904051290127E-006, 8.7065263671875000E+003, 2.5904305367419056E-009, 9.0308189392089844E+000
10,3,6, 6.0000000000000000E+001, 1.1399999856948853E+000, 8.6000000000000000E+004, 9.5779669284820557E-001, 2.6000000000000000E+002, 1.1000000238418579E+000, 1.5000000712461770E-004, 1.0000000474974513E-003, 2.7145635986328125E+002, 1.5545763308182359E-003, 1.9999999949504854E-006, 2.1372229003906250E+003, 4.9999999873762135E-007, 9.5492906570434570E+000, 2.7145730590820312E+002, 1.5542604960501194E-003, 2.1432961148093455E-006, 1.9840948486328125E+003, 6.7259350089443615E-007, 1.6267720031738281E+002
11,4,6, 1.0000000000000000E+003, 1.1419999599456787E+000, 8.5650000000000000E+004, 9.5668065547943115E-001, 2.7200000000000000E+002, 1.0010000467300415E+000, 1.9999999494757503E-004, 9.4999996945261955E-003, 2.8431640625000000E+002, 4.0379525162279606E-003, 9.9999998245167004E-014, 4.6180728531908244E-005, 9.9999998245167004E-014, 2.2275650213288145E-009, 2.8431640625000000E+002, 4.0379525162279606E-003, 9.9999998245167004E-014, 0.0000000000000000E+000, 9.9999998245167004E-014, 0.0000000000000000E+000
0,1,7, 1.0000000149011612E-001, 9.5999997854232788E-001, 7.9000000000000000E+004, 9.3482851982116699E-001, 2.3800000000000000E+002, 1.0499999523162842E+000, 7.9999997979030013E-005, 5.0000002374872565E-004, 2.5459214782714844E+002, 1.7932539049070328E-004, 2.4999999368446879E-005, 1.6707600000000000E+005, 0.0000000000000000E+000, 0.0000000000000000E+000, 2.5459214782714844E+002, 1.7932425544131547E-004, 2.5001130779855885E-005, 1.6707600000000000E+005, 0.0000000000000000E+000, 0.0000000000000000E+000
1,2,7, 1.0000000000000000E+000, 9.6199995279312134E-001, 7.8650000000000000E+004, 9.3364256620407104E-001, 2.4500000000000000E+002, 1.0499999523162842E+000, 7.9999997979030013E-005, 1.9999999494757503E-004, 2.6241305541992188E+002, 3.7889226223342121E-004, 0.0000000000000000E+000, 0.0000000000000000E+000, 2.4999999368446879E-005, 5.9683082031250000E+004, 2.6241317749023438E+002, 3.7885401980020106E-004, 0.0000000000000000E+000, 0.0000000000000000E+000, 2.5038234525709413E-005, 5.9683082031250000E+004
2,3,7, 5.0000000000000000E+000, 9.6399998664855957E-001, 7.8300000000000000E+004, 9.3245279788970947E-001, 2.5000000000000000E+002, 1.2000000476837158E+000, 7.9999997979030013E-005, 5.0000002374872565E-004, 2.6811007690429688E+002, 7.2060566162690520E-004, 1.2499999684223440E-005, 8.3538000000000000E+004, 1.2499999684223440E-005, 1.9098580322265625E+003, 2.6811175537109375E+002, 7.2005728725343943E-004, 1.2898153727292083E-005, 8.3538000000000000E+004, 1.2650205462705344E-005, 1.9098580322265625E+003
3,4,7, 3.0000000000000000E+001, 9.6599996089935303E-001, 7.7950000000000000E+004, 9.3125927448272705E-001, 2.5500000000000000E+002, 1.5000000000000000E+000, 9.8999997135251760E-005, 2.0000000949949026E-003, 2.7382278442382812E+002, 1.4687298098579049E-003, 2.4999999368446879E-006, 8.9747890625000000E+003, 2.2500000341096893E-005, 5.3714759826660156E+001, 2.7382922363281250E+002, 1.4666119823232293E-003, 3.7637978493876290E-006, 8.9747890625000000E+003, 2.3354034055955708E-005, 5.3714759826660156E+001
4,1,8, 1.0000000000000000E+000, 9.6799999475479126E-001, 7.7600000000000000E+004, 9.3006193637847900E-001, 2.4000000000000000E+002, 9.4999998807907104E-001, 7.9999997979030013E-005, 5.0000002374872565E-004, 2.5804733276367188E+002, 2.0520943508017808E-004, 2.4999999368446879E-005, 1.6707600000000000E+005, 0.0000000000000000E+000, 0.0000000000000000E+000, 2.5804730224609375E+002, 2.0522416161838919E-004, 2.4985272830235772E-005, 1.6697757812500000E+005, 0.0000000000000000E+000, 0.0000000000000000E+000
5,2,8, 5.0000000000000000E+000, 9.6999996900558472E-001, 7.7250000000000000E+004, 9.2886066436767578E-001, 2.4800000000000000E+002, 8.9999997615814209E-001, 7.9999997979030013E-005, 2.5000001187436283E-004, 2.6699374389648438E+002, 4.4876162428408861E-004, 0.0000000000000000E+000, 0.0000000000000000E+000, 2.4999999368446879E-005, 3.0557728515625000E+004, 2.6699261474609375E+002, 4.4913365854881704E-004, 0.0000000000000000E+000, 0.0000000000000000E+000, 2.4627966922707856E-005, 3.0102988281250000E+004
6,3,8, 1.5000000000000000E+001, 9.7200000286102295E-001, 7.6900000000000000E+004, 9.2765557765960693E-001, 2.5800000000000000E+002, 7.5000000000000000E-001, 7.9999997979030013E-005, 1.0000000474974513E-003, 2.7812045288085938E+002, 9.8628143314272165E-004, 1.2499999684223440E-005, 8.3538000000000000E+004, 1.2499999684223440E-005, 2.3873225402832031E+002, 2.7810992431640625E+002, 9.8973920103162527E-004, 9.4490897026844323E-006, 6.3148644531250000E+004, 1.2093087207176723E-005, 2.3096080017089844E+002
7,4,8, 6.0000000000000000E+001, 9.7399997711181641E-001, 7.6550000000000000E+004, 9.2644649744033813E-001, 2.6500000000000000E+002, 2.0000000298023224E-001, 7.9999997979030013E-005, 4.9999998882412910E-003, 2.8603918457031250E+002, 4.9659487558528781E-004, 4.9999998736893758E-006, 3.3415199218750000E+004, 1.9999999494757503E-005, 3.0557732582092285E+000, 2.8602719116210938E+002, 5.0052691949531436E-004, 2.4999999368446879E-006, 1.6707597656250000E+004, 1.8567945517133921E-005, 2.8369717597961426E+000
8,1,9, 3.0000000000000000E+002, 9.7599995136260986E-001, 7.6200000000000000E+004, 9.2523348331451416E-001, 2.6800000000000000E+002, 9.9900001287460327E-001, 7.9999997979030013E-005, 4.9999998736893758E-005, 2.8965661621093750E+002, 3.2319680321961641E-003, 9.9999997473787516E-006, 6.6830398437500000E+004, 1.4999999621068127E-005, 2.2918305000000000E+006, 2.8965148925781250E+002, 3.2336472067981958E-003, 9.9187800515210256E-006, 6.6287601562500000E+004, 1.3401971955318004E-005, 2.0476698750000000E+006
9,2,9, 1.0000000000000000E+001, 9.7799998521804810E-001, 7.5850000000000000E+004, 9.2401647567749023E-001, 2.5000000000000000E+002, 1.0099999904632568E+000, 9.9999997473787516E-005, 5.0000002374872565E-004, 2.7055795288085938E+002, 6.2610034365206957E-004, 2.4999999368446879E-005, 8.7155570312500000E+004, 0.0000000000000000E+000, 0.0000000000000000E+000, 2.7055813598632812E+002, 6.2604394042864442E-004, 2.5028188247233629E-005, 8.7057296875000000E+004, 2.8189761636099320E-008, 9.8275802612304688E+001
10,3,9, 6.0000000000000000E+001, 9.7999995946884155E-001, 7.5500000000000000E+004, 9.2279547452926636E-001, 2.6000000000000000E+002, 1.1000000238418579E+000, 1.5000000712461770E-004, 1.0000000474974513E-003, 2.8175256347656250E+002, 1.7707757651805878E-003, 1.9999999494757503E-005, 2.1372230468750000E+004, 4.9999998736893758E-006, 9.5492897033691406E+001, 2.8176281738281250E+002, 1.7674254486337304E-003, 2.1520825612242334E-005, 1.9747056640625000E+004, 6.8295266828499734E-006, 1.7206662597656250E+003
11,4,9, 1.0000000000000000E+003, 9.8199999332427979E-001, 7.5150000000000000E+004, 9.2157047986984253E-001, 2.7200000000000000E+002, 1.0010000467300415E+000, 1.9999999494757503E-004, 9.4999996945261955E-003, 2.9514834594726562E+002, 4.6021374873816967E-003, 9.9999997473787516E-006, 4.6180727539062500E+003, 1.4999999621068127E-005, 3.3413472771644592E-001, 2.9514938354492188E+002, 4.6018036082386971E-003, 1.0160149940929841E-005, 4.5441142578125000E+003, 1.5173932297329884E-005, 7.4292480468750000E+001
0,1,10, 1.0000000149011612E-001, 7.9999995231628418E-001, 6.8500000000000000E+004, 8.9747947454452515E-001, 2.3800000000000000E+002, 1.0499999523162842E+000, 7.9999997979030013E-005, 5.0000002374872565E-004, 2.6518713378906250E+002, 2.0681321620941162E-004, 2.4999998277053237E-004, 1.6707598750000000E+006, 0.0000000000000000E+000, 0.0000000000000000E+000, 2.6518716430664062E+002, 2.0680080342572182E-004, 2.5001241010613739E-004, 1.6707600000000000E+006, 0.0000000000000000E+000, 0.0000000000000000E+000
1,2,10, 1.0000000000000000E+000, 8.0199992656707764E-001, 6.8150000000000000E+004, 8.9616602659225464E-001, 2.4500000000000000E+002, 1.0499999523162842E+000, 7.9999997979030013E-005, 1.9999999494757503E-004, 2.7338684082031250E+002, 4.3726889998652041E-004, 0.0000000000000000E+000, 0.0000000000000000E+000, 2.4999998277053237E-004, 5.9683081250000000E+005, 2.7338815307617188E+002, 4.3685609125532210E-004, 0.0000000000000000E+000, 0.0000000000000000E+000, 2.5041279150173068E-004, 5.9683081250000000E+005
2,3,10, 5.0000000000000000E+000, 8.0399996042251587E-001, 6.7800000000000000E+004, 8.9484781026840210E-001, 2.5000000000000000E+002, 1.2000000476837158E+000, 7.9999997979030013E-005, 5.0000002374872565E-004, 2.7937710571289062E+002, 8.3220395026728511E-004, 1.2499999138526618E-004, 8.3537993750000000E+005, 1.2499999138526618E-004, 1.9098580078125000E+004, 2.7939590454101562E+002, 8.2625722279772162E-004, 1.2933940161019564E-004, 8.3537993750000000E+005, 1.2660730862990022E-004, 1.9098580078125000E+004
3,4,10, 3.0000000000000000E+001, 8.0599993467330933E-001, 6.7450000000000000E+004, 8.9352464675903320E-001, 2.5500000000000000E+002, 1.5000000000000000E+000, 9.8999997135251760E-005, 2.0000000949949026E-003, 2.8538665771484375E+002, 1.6973682213574648E-003, 2.4999999368446879E-005, 8.9747890625000000E+004, 2.2499999613501132E-004, 5.3714758300781250E+002, 2.8545846557617188E+002, 1.6746824840083718E-003, 3.8652586226817220E-005, 8.9747890625000000E+004, 2.3403314116876572E-004, 5.3714758300781250E+002
4,1,11, 1.0000000000000000E+000, 8.0799996852874756E-001, 6.7100000000000000E+004, 8.9219665527343750E-001, 2.4000000000000000E+002, 9.4999998807907104E-001, 7.9999997979030013E-005, 5.0000002374872565E-004, 2.6899899291992188E+002, 2.3732120462227613E-004, 2.4999998277053237E-004, 1.6707598750000000E+006, 0.0000000000000000E+000, 0.0000000000000000E+000, 2.6899847412109375E+002, 2.3748369130771607E-004, 2.4983749608509243E-004, 1.6696737500000000E+006, 0.0000000000000000E+000, 0.0000000000000000E+000
5,2,11, 5.0000000000000000E+000, 8.0999994277954102E-001, 6.6750000000000000E+004, 8.9086365699768066E-001, 2.4800000000000000E+002, 8.9999997615814209E-001, 7.9999997979030013E-005, 2.5000001187436283E-004, 2.7838153076171875E+002, 5.1935331430286169E-004, 0.0000000000000000E+000, 0.0000000000000000E+000, 2.4999998277053237E-004, 3.0557728125000000E+005, 2.7836877441406250E+002, 5.2337406668812037E-004, 0.0000000000000000E+000, 0.0000000000000000E+000, 2.4597923038527369E-004, 3.0066265625000000E+005
6,3,11, 1.5000000000000000E+001, 8.1199997663497925E-001, 6.6400000000000000E+004, 8.8952565193176270E-001, 2.5800000000000000E+002, 7.5000000000000000E-001, 7.9999997979030013E-005, 1.0000000474974513E-003, 2.9004223632812500E+002, 1.1422445531934500E-003, 1.2499999138526618E-004, 8.3537993750000000E+005, 1.2499999138526618E-004, 2.3873225097656250E+003, 2.8992370605468750E+002, 1.1795294703915715E-003, 9.2017260612919927E-005, 6.1495500000000000E+005, 1.2069786316715181E-004, 2.3051579589843750E+003
7,4,11, 6.0000000000000000E+001, 8.1399995088577271E-001, 6.6050000000000000E+004, 8.8818264007568359E-001, 2.6500000000000000E+002, 2.0000000298023224E-001, 7.9999997979030013E-005, 4.9999998882412910E-003, 2.9836206054687500E+002, 5.7553872466087341E-004, 4.9999998736893758E-005, 3.3415200000000000E+005, 1.9999999494757503E-004, 3.0557731628417969E+001, 2.9823526000976562E+002, 6.1538867885246873E-004, 2.4999999368446879E-005, 1.6707600000000000E+005, 1.8515004194341600E-004, 2.8288829803466797E+001
8,1,12, 3.0000000000000000E+002, 8.1599992513656616E-001, 6.5700000000000000E+004, 8.8683450222015381E-001, 2.6800000000000000E+002, 9.9900001287460327E-001, 7.9999997979030013E-005, 4.9999998736893758E-005, 3.0219842529296875E+002, 3.7484925705939531E-003, 9.9999997473787516E-005, 6.6830400000000000E+005, 1.4999999257270247E-004, 2.2918304000000000E+007, 3.0219183349609375E+002, 3.7505584768950939E-003, 9.9894503364339471E-005, 6.6759893750000000E+005, 1.4803951489739120E-004, 2.2618766000000000E+007
9,2,12, 1.0000000000000000E+001, 8.1799995899200439E-001, 6.5350000000000000E+004, 8.8548129796981812E-001, 2.5000000000000000E+002, 1.0099999904632568E+000, 9.9999997473787516E-005, 5.0000002374872565E-004, 2.8233233642578125E+002, 7.2669802466407418E-004, 2.4999998277053237E-004, 8.7155568750000000E+005, 0.0000000000000000E+000, 0.0000000000000000E+000, 2.8233432006835938E+002, 7.2607951005920768E-004, 2.5030924007296562E-004, 8.7047750000000000E+005, 3.0926028671274253E-007, 1.0781503906250000E+003
10,3,12, 6.0000000000000000E+001, 8.1999993324279785E-001, 6.5000000000000000E+004, 8.8412278890609741E-001, 2.6000000000000000E+002, 1.1000000238418579E+000, 1.5000000712461770E-004, 1.0000000474974513E-003, 2.9407681274414062E+002, 2.0568240433931351E-003, 1.9999999494757503E-004, 2.1372229687500000E+005, 4.9999998736893758E-005, 9.5492901611328125E+002, 2.9419094848632812E+002, 2.0211294759064913E-003, 2.1621723135467619E-004, 1.9639235937500000E+005, 6.9477406213991344E-005, 1.8284859375000000E+004
11,4,12, 1.0000000000000000E+003, 8.2199996709823608E-001, 6.4650000000000000E+004, 8.8275915384292603E-001, 2.7200000000000000E+002, 1.0010000467300415E+000, 1.9999999494757503E-004, 9.4999996945261955E-003, 3.0812481689453125E+002, 5.3495843894779682E-003, 9.9999997473787516E-005, 4.6180726562500000E+004, 1.4999999257270247E-004, 3.3413472175598145E+000, 3.0813284301757812E+002, 5.3470730781555176E-003, 1.0120429215021431E-004, 4.5624574218750000E+004, 1.5130691463127732E-004, 5.5949481201171875E+002
