case,column,k,dt_s,rho_kg_m3,dz_m,qh_before,nh_before_per_kg,qvolh_before_m3_per_kg,qh_after,nh_after_per_kg,qvolh_after_m3_per_kg,hailncv_kg_m2
1,1,1, 5.0000000000000000E-001, 1.2799999713897705E+000, 4.8000000000000000E+001, 0.0000000000000000E+000, 0.0000000000000000E+000, 0.0000000000000000E+000, 0.0000000000000000E+000, 0.0000000000000000E+000, 0.0000000000000000E+000, 0.0000000000000000E+000
1,2,1, 5.0000000000000000E-001, 1.2869999408721924E+000, 5.1500000000000000E+001, 3.5000001080334187E-003, 7.8471362304687500E+002, 4.3750001168518793E-006, 3.4863587934523821E-003, 7.6706207275390625E+002, 4.3291915972076822E-006, 1.4627481810748577E-002
1,3,1, 5.0000000000000000E-001, 1.2940000295639038E+000, 5.5000000000000000E+001, 0.0000000000000000E+000, 0.0000000000000000E+000, 0.0000000000000000E+000, 0.0000000000000000E+000, 0.0000000000000000E+000, 0.0000000000000000E+000, 0.0000000000000000E+000
1,4,1, 5.0000000000000000E-001, 1.3009999990463257E+000, 5.8500000000000000E+001, 1.3999999500811100E-003, 4.2780827730894089E-002, 2.7999999474559445E-006, 1.0860194452106953E-003, 2.7765628906250000E+004, 2.1622258827846963E-006, 2.6137178763747215E-002
1,5,1, 5.0000000000000000E-001, 1.3079999685287476E+000, 6.2000000000000000E+001, 9.9999999600419720E-012, 7.6980555263617134E-008, 1.6666665809505869E-014, 2.3582046038139737E-011, 8.3004792372776137E-008, 3.5850283245514314E-014, 7.4696138163687920E-011
1,6,1, 5.0000000000000000E-001, 1.3149999380111694E+000, 6.5500000000000000E+001, 3.0000001061125658E-007, 1.9090629577636719E+001, 4.2857145610142311E-010, 3.0724356747668935E-007, 1.9032649993896484E+001, 4.3680767336518045E-010, 3.9464453038817737E-007
1,1,2, 5.0000000000000000E-001, 1.2279999256134033E+000, 6.5000000000000000E+001, 0.0000000000000000E+000, 0.0000000000000000E+000, 0.0000000000000000E+000, 3.5696659779205220E-006, 2.7695703506469727E+001, 3.9662957362907036E-009, 0.0000000000000000E+000
1,2,2, 5.0000000000000000E-001, 1.2349998950958252E+000, 6.8500000000000000E+001, 2.7531976811587811E-003, 2.3955323791503906E+002, 3.0591086215281393E-006, 2.6976242661476135E-003, 2.3647245788574219E+002, 3.0921567031327868E-006, 1.4627481810748577E-002
1,3,2, 5.0000000000000000E-001, 1.2419999837875366E+000, 7.2000000000000000E+001, 0.0000000000000000E+000, 0.0000000000000000E+000, 0.0000000000000000E+000, 0.0000000000000000E+000, 0.0000000000000000E+000, 0.0000000000000000E+000, 0.0000000000000000E+000
1,4,2, 5.0000000000000000E-001, 1.2489999532699585E+000, 7.5500000000000000E+001, 2.0999999251216650E-003, 1.9805937500000000E+006, 3.4999998206330929E-006, 2.0762395579367876E-003, 1.9680877500000000E+006, 3.4603988297021715E-006, 2.6137178763747215E-002
1,5,2, 5.0000000000000000E-001, 1.2559999227523804E+000, 7.9000000000000000E+001, 1.0000000133514320E-010, 9.0427292320782726E-008, 1.4285714809453981E-013, 2.4496268902218787E-010, 1.1764178253770297E-007, 3.2194383335452936E-013, 7.4696138163687920E-011
1,6,2, 5.0000000000000000E-001, 1.2629998922348022E+000, 8.2500000000000000E+001, 5.6999999742401997E-007, 9.0375604629516602E+000, 7.1250000344136311E-010, 5.8435864502826007E-007, 9.0049924850463867E+000, 7.2709643861301743E-010, 3.9464453038817737E-007
1,1,3, 5.0000000000000000E-001, 1.1759999990463257E+000, 8.2000000000000000E+001, 1.5000000712461770E-004, 1.5498649902343750E+003, 1.6666668045672850E-007, 1.5475109103135765E-004, 1.5747208251953125E+003, 1.7879528968478553E-007, 0.0000000000000000E+000
1,2,3, 5.0000000000000000E-001, 1.1829999685287476E+000, 8.5500000000000000E+001, 2.1657419856637716E-003, 1.7730883789062500E+002, 4.3314839786035009E-006, 2.1607351955026388E-003, 1.7513082885742188E+002, 4.2934070734190755E-006, 1.4627481810748577E-002
1,3,3, 5.0000000000000000E-001, 1.1900000572204590E+000, 8.9000000000000000E+001, 0.0000000000000000E+000, 0.0000000000000000E+000, 0.0000000000000000E+000, 0.0000000000000000E+000, 0.0000000000000000E+000, 0.0000000000000000E+000, 0.0000000000000000E+000
1,4,3, 5.0000000000000000E-001, 1.1970000267028809E+000, 9.2500000000000000E+001, 0.0000000000000000E+000, 0.0000000000000000E+000, 0.0000000000000000E+000, 7.6632677519228309E-006, 5.4206494140625000E+003, 9.5790833043452039E-009, 2.6137178763747215E-002
1,5,3, 5.0000000000000000E-001, 1.2039999961853027E+000, 9.6000000000000000E+001, 9.9999997171806854E-010, 2.4189628788917616E-007, 1.2499999950052465E-012, 2.4693149747179177E-009, 3.5714040791390289E-007, 2.8638749358100846E-012, 7.4696138163687920E-011
1,6,3, 5.0000000000000000E-001, 1.2109999656677246E+000, 9.9500000000000000E+001, 1.0830000292116893E-006, 4.3463182449340820E+000, 1.2033333218752773E-009, 1.0989557495122426E-006, 4.3413438796997070E+000, 1.2537955118574473E-009, 3.9464453038817737E-007
1,1,4, 5.0000000000000000E-001, 1.1239999532699585E+000, 9.9000000000000000E+001, 4.5000002137385309E-004, 3.2343618164062500E+003, 9.0000003183376975E-007, 4.5726410462521017E-004, 3.2303479003906250E+003, 9.0988089596066857E-007, 0.0000000000000000E+000
1,2,4, 5.0000000000000000E-001, 1.1309999227523804E+000, 1.0250000000000000E+002, 1.7036329954862595E-003, 6.8205680847167969E+001, 2.8393883440003265E-006, 1.6629205783829093E-003, 9.1734764099121094E+001, 2.7637381663225824E-006, 1.4627481810748577E-002
1,3,4, 5.0000000000000000E-001, 1.1380000114440918E+000, 1.0600000000000000E+002, 0.0000000000000000E+000, 0.0000000000000000E+000, 0.0000000000000000E+000, 0.0000000000000000E+000, 0.0000000000000000E+000, 0.0000000000000000E+000, 0.0000000000000000E+000
1,4,4, 5.0000000000000000E-001, 1.1449999809265137E+000, 1.0950000000000000E+002, 6.9999997504055500E-004, 4.9514840625000000E+005, 8.7499995515827322E-007, 9.3981064856052399E-004, 4.9246096875000000E+005, 1.1405163604649715E-006, 2.6137178763747215E-002
1,5,4, 5.0000000000000000E-001, 1.1519999504089355E+000, 1.1300000000000000E+002, 9.9999999392252903E-009, 9.2153493369551143E-007, 1.1111111163086829E-011, 2.0836804281998411E-008, 1.5533975101789110E-006, 3.4050623431980398E-011, 7.4696138163687920E-011
1,6,4, 5.0000000000000000E-001, 1.1589999198913574E+000, 1.1650000000000000E+002, 2.0576999304466881E-006, 4.2326936721801758E+000, 4.1154000207654917E-009, 2.5690233087516390E-006, 4.1951193809509277E+000, 4.9566510895715510E-009, 3.9464453038817737E-007
1,1,5, 5.0000000000000000E-001, 1.0720000267028809E+000, 1.1600000000000000E+002, 7.5000000651925802E-004, 2.1847382812500000E+003, 1.2499999684223440E-006, 7.5838726479560137E-004, 2.1807739257812500E+003, 1.2590112419275101E-006, 0.0000000000000000E+000
1,2,5, 5.0000000000000000E-001, 1.0789999961853027E+000, 1.1950000000000000E+002, 1.3401252217590809E-003, 1.0833648681640625E+003, 1.9144645193591714E-006, 1.3412090484052896E-003, 1.0738824462890625E+003, 1.9105623323412146E-006, 1.4627481810748577E-002
1,3,5, 5.0000000000000000E-001, 1.0860000848770142E+000, 1.2300000000000000E+002, 0.0000000000000000E+000, 0.0000000000000000E+000, 0.0000000000000000E+000, 0.0000000000000000E+000, 0.0000000000000000E+000, 0.0000000000000000E+000, 0.0000000000000000E+000
1,4,5, 5.0000000000000000E-001, 1.0930000543594360E+000, 1.2650000000000000E+002, 1.3999999500811100E-003, 2.3767124861478806E-002, 1.5555555137325427E-006, 1.1764041846618056E-003, 2.1633436903357506E-002, 1.3071157809463330E-006, 2.6137178763747215E-002
1,5,5, 5.0000000000000000E-001, 1.1000000238418579E+000, 1.3000000000000000E+002, 1.0000000116860974E-007, 8.5739793576067314E-006, 2.0000000267028639E-010, 9.7550717725880531E-008, 3.0433180928230286E-001, 1.9219739688658422E-010, 7.4696138163687920E-011
1,6,5, 5.0000000000000000E-001, 1.1069999933242798E+000, 1.3350000000000000E+002, 3.9096298678487074E-006, 0.0000000000000000E+000, 6.5160499218563928E-009, 3.6182409530738369E-006, 2.4519219994544983E-002, 5.9814002639768660E-009, 3.9464453038817737E-007
1,1,6, 5.0000000000000000E-001, 1.0199999809265137E+000, 1.3300000000000000E+002, 1.0500000789761543E-003, 1.4667712402343750E+003, 1.5000001667431206E-006, 1.0529735591262579E-003, 1.4611375732421875E+003, 1.5003020052972715E-006, 0.0000000000000000E+000
1,2,6, 5.0000000000000000E-001, 1.0269999504089355E+000, 1.3650000000000000E+002, 1.0541798546910286E-003, 2.3635121154785156E+002, 1.3177248092688387E-006, 1.0523037053644657E-003, 2.3409884643554688E+002, 1.3117410162521992E-006, 1.4627481810748577E-002
1,3,6, 5.0000000000000000E-001, 1.0340000391006470E+000, 1.4000000000000000E+002, 0.0000000000000000E+000, 0.0000000000000000E+000, 0.0000000000000000E+000, 2.5464712962275371E-005, 1.4181624352931976E-001, 5.0929422457102191E-008, 0.0000000000000000E+000
1,4,6, 5.0000000000000000E-001, 1.0410000085830688E+000, 1.4350000000000000E+002, 0.0000000000000000E+000, 0.0000000000000000E+000, 0.0000000000000000E+000, 3.3296691253781319E-004, 8.4789292886853218E-003, 5.5494479056505952E-007, 2.6137178763747215E-002
1,5,6, 5.0000000000000000E-001, 1.0479999780654907E+000, 1.4700000000000000E+002, 9.9999999747524271E-007, 3.4931110382080078E+001, 1.6666666935449825E-009, 9.9191311164759099E-007, 3.4773464202880859E+001, 1.6531885860260331E-009, 7.4696138163687920E-011
1,6,6, 5.0000000000000000E-001, 1.0549999475479126E+000, 1.5050000000000000E+002, 7.4282966124883387E-006, 8.8498216867446899E-001, 1.0611852729880411E-008, 7.7254662755876780E-006, 8.8034933805465698E-001, 1.0949107398516844E-008, 3.9464453038817737E-007
1,1,7, 5.0000000000000000E-001, 9.6799993515014648E-001, 1.5000000000000000E+002, 1.0500000789761543E-003, 7.8912988281250000E+002, 1.3125001032676664E-006, 1.0454740840941668E-003, 7.8440258789062500E+002, 1.3046037565800361E-006, 0.0000000000000000E+000
1,2,7, 5.0000000000000000E-001, 9.7499996423721313E-001, 1.5350000000000000E+002, 8.2924723392352462E-004, 7.2152046203613281E+001, 9.2138583340783953E-007, 8.2074565580114722E-004, 7.1681694030761719E+001, 9.2619546876449022E-007, 1.4627481810748577E-002
1,3,7, 5.0000000000000000E-001, 9.8199993371963501E-001, 1.5700000000000000E+002, 6.0000002849847078E-004, 4.4762301445007324E+000, 1.2000000424450263E-006, 6.2251818599179387E-004, 4.4390454292297363E+000, 1.2295604392420501E-006, 0.0000000000000000E+000
1,4,7, 5.0000000000000000E-001, 9.8899996280670166E-001, 1.6050000000000000E+002, 2.7999999001622200E-003, 7.1301378309726715E-002, 4.6666664275107905E-006, 2.4911155924201012E-003, 3.6118059082031250E+003, 4.1507955756969750E-006, 2.6137178763747215E-002
1,5,7, 5.0000000000000000E-001, 9.9599993228912354E-001, 1.6400000000000000E+002, 9.9999999600419720E-013, 6.5983334351926715E-009, 1.4285714640047392E-015, 1.6676252392877622E-012, 7.1265842116474687E-009, 2.2631030519905133E-015, 7.4696138163687920E-011
1,6,7, 5.0000000000000000E-001, 1.0029999017715454E+000, 1.6750000000000000E+002, 1.4113764336798340E-005, 4.1895312070846558E-001, 1.7642205918377840E-008, 1.4782524885958992E-005, 4.1603100299835205E-001, 1.8321120620612419E-008, 3.9464453038817737E-007
1,1,8, 5.0000000000000000E-001, 9.1599994897842407E-001, 1.6700000000000000E+002, 7.5000000651925802E-004, 3.2973101806640625E+002, 8.3333333122936892E-007, 7.4184458935633302E-004, 3.2812704467773438E+002, 8.3062309386150446E-007, 0.0000000000000000E+000
1,2,8, 5.0000000000000000E-001, 9.2299997806549072E-001, 1.7050000000000000E+002, 6.5230892505496740E-004, 5.3404396057128906E+001, 1.3046178537479136E-006, 6.5135926706716418E-004, 5.3029880523681641E+001, 1.2979510302102426E-006, 1.4627481810748577E-002
1,3,8, 5.0000000000000000E-001, 9.2999994754791260E-001, 1.7400000000000000E+002, 9.0000004274770617E-004, 2.1523575782775879E+000, 1.5000000530562829E-006, 9.2732871416956186E-004, 2.1331593990325928E+000, 1.5285090739780571E-006, 0.0000000000000000E+000
1,4,8, 5.0000000000000000E-001, 9.3699997663497925E-001, 1.7750000000000000E+002, 6.9999997504055500E-004, 5.6588387500000000E+005, 9.9999999747524271E-007, 6.9573591463267803E-004, 5.6395393750000000E+005, 9.9390854302328080E-007, 2.6137178763747215E-002
1,5,8, 5.0000000000000000E-001, 9.4399994611740112E-001, 1.8100000000000000E+002, 9.9999999600419720E-012, 7.9123880780684885E-009, 1.2499999780645876E-014, 1.7442753838525782E-011, 9.1449523509368191E-009, 2.0681080207195744E-014, 7.4696138163687920E-011
1,6,8, 5.0000000000000000E-001, 9.5099997520446777E-001, 1.8450000000000000E+002, 2.6816151148523204E-005, 2.0148178935050964E-001, 2.9795723222036941E-008, 2.7683281587087549E-005, 2.0108313858509064E-001, 3.2492298629449579E-008, 3.9464453038817737E-007
1,1,9, 5.0000000000000000E-001, 8.6399996280670166E-001, 1.8400000000000000E+002, 4.5000002137385309E-004, 2.4668550109863281E+002, 9.0000003183376975E-007, 4.4574882485903800E-004, 2.4507290649414062E+002, 8.9062291408481542E-007, 0.0000000000000000E+000
1,2,9, 5.0000000000000000E-001, 8.7099999189376831E-001, 1.8750000000000000E+002, 5.1312439609318972E-004, 2.0543155670166016E+001, 8.5520730408461532E-007, 5.0544139230623841E-004, 2.4921958923339844E+001, 8.4095012198304175E-007, 1.4627481810748577E-002
1,3,9, 5.0000000000000000E-001, 8.7799996137619019E-001, 1.9100000000000000E+002, 1.2000000569969416E-003, 1.1931642293930054E+000, 1.7142857586804894E-006, 1.2314023915678263E-003, 1.1821266412734985E+000, 1.7412074839739944E-006, 0.0000000000000000E+000
1,4,9, 5.0000000000000000E-001, 8.8499999046325684E-001, 1.9450000000000000E+002, 0.0000000000000000E+000, 0.0000000000000000E+000, 0.0000000000000000E+000, 1.3082213627058081E-005, 8.2255703125000000E+003, 1.4535792125514035E-008, 2.6137178763747215E-002
1,5,9, 5.0000000000000000E-001, 8.9199995994567871E-001, 1.9800000000000000E+002, 1.0000000133514320E-010, 2.1501891822595098E-008, 1.1111111217296937E-013, 1.6134027447378685E-010, 3.1292604063537510E-008, 2.4074083113286016E-013, 7.4696138163687920E-011
1,6,9, 5.0000000000000000E-001, 8.9899998903274536E-001, 2.0150000000000000E+002, 5.0950686272699386E-005, 1.9621449708938599E-001, 1.0190137089693962E-007, 5.7847515563480556E-005, 1.9217200577259064E-001, 1.1276658540282369E-007, 3.9464453038817737E-007
1,1,10, 5.0000000000000000E-001, 8.1199997663497925E-001, 2.0100000000000000E+002, 1.5000000712461770E-004, 4.9408588409423828E+001, 2.4999999936881068E-007, 1.4744387590326369E-004, 4.8938716888427734E+001, 2.4573978407715913E-007, 0.0000000000000000E+000
1,2,10, 5.0000000000000000E-001, 8.1900000572204590E-001, 2.0450000000000000E+002, 4.0363799780607224E-004, 3.2630325317382812E+002, 5.7662572316985461E-007, 4.0380720747634768E-004, 3.2438140869140625E+002, 5.7577523193685920E-007, 1.4627481810748577E-002
1,3,10, 5.0000000000000000E-001, 8.2599997520446777E-001, 2.0800000000000000E+002, 1.5000000130385160E-003, 7.2887927293777466E-001, 1.8750000663203537E-006, 1.4019462978467345E-003, 7.0213055610656738E-001, 1.7524328086437890E-006, 0.0000000000000000E+000
1,4,10, 5.0000000000000000E-001, 8.3300000429153442E-001, 2.1150000000000000E+002, 2.0999999251216650E-003, 1.3203957500000000E+006, 2.3333332137553953E-006, 2.3171082139015198E-003, 1.3158782500000000E+006, 2.7789112664322602E-006, 2.6137178763747215E-002
1,5,10, 5.0000000000000000E-001, 8.3999997377395630E-001, 2.1500000000000000E+002, 9.9999997171806854E-010, 1.6587628692832368E-007, 1.9999999920083944E-012, 1.7491335047026269E-009, 2.1301545416463341E-007, 3.2260116886867474E-012, 7.4696138163687920E-011
1,6,10, 5.0000000000000000E-001, 8.4700000286102295E-001, 2.1850000000000000E+002, 9.6806295914575458E-005, 0.0000000000000000E+000, 1.6134382008203829E-007, 1.0048243711935356E-004, 2.7379472739994526E-003, 1.6454802675980318E-007, 3.9464453038817737E-007
1,1,11, 5.0000000000000000E-001, 7.5999999046325684E-001, 2.1800000000000000E+002, 0.0000000000000000E+000, 0.0000000000000000E+000, 0.0000000000000000E+000, 0.0000000000000000E+000, 0.0000000000000000E+000, 0.0000000000000000E+000, 0.0000000000000000E+000
1,2,11, 5.0000000000000000E-001, 7.6700001955032349E-001, 2.2150000000000000E+002, 3.1751289498060942E-004, 7.1187622070312500E+001, 3.9689112441010366E-007, 3.1705884612165391E-004, 7.0701354980468750E+001, 3.9554913655592827E-007, 1.4627481810748577E-002
1,3,11, 5.0000000000000000E-001, 7.7399998903274536E-001, 2.2500000000000000E+002, 0.0000000000000000E+000, 0.0000000000000000E+000, 0.0000000000000000E+000, 0.0000000000000000E+000, 0.0000000000000000E+000, 0.0000000000000000E+000, 0.0000000000000000E+000
1,4,11, 5.0000000000000000E-001, 7.8100001811981201E-001, 2.2850000000000000E+002, 2.7999999001622200E-003, 8.5561655461788177E-002, 5.5999998949118890E-006, 2.5730456691235304E-003, 8.1706784665584564E-002, 5.1460915528878104E-006, 2.6137178763747215E-002
1,5,11, 5.0000000000000000E-001, 7.8799998760223389E-001, 2.3200000000000000E+002, 9.9999999392252903E-009, 7.1449829874836723E-007, 1.6666666310949374E-011, 9.8182839636251629E-009, 1.8718224018812180E-002, 1.6214961665039773E-011, 7.4696138163687920E-011
1,6,11, 5.0000000000000000E-001, 7.9500001668930054E-001, 2.3550000000000000E+002, 1.8393197387922555E-004, 4.1025016456842422E-002, 2.6275995423929999E-007, 2.0229547226335853E-004, 4.0461234748363495E-002, 2.8354750725156919E-007, 3.9464453038817737E-007
1,1,12, 5.0000000000000000E-001, 7.0799994468688965E-001, 2.3500000000000000E+002, 0.0000000000000000E+000, 0.0000000000000000E+000, 0.0000000000000000E+000, 0.0000000000000000E+000, 0.0000000000000000E+000, 0.0000000000000000E+000, 0.0000000000000000E+000
1,2,12, 5.0000000000000000E-001, 7.1499997377395630E-001, 2.3850000000000000E+002, 2.4976450367830694E-004, 2.1731782913208008E+001, 2.7751610787163372E-007, 2.4420957197435200E-004, 2.1460100173950195E+001, 2.7134396418659890E-007, 1.4627481810748577E-002
1,3,12, 5.0000000000000000E-001, 7.2199994325637817E-001, 2.4200000000000000E+002, 0.0000000000000000E+000, 0.0000000000000000E+000, 0.0000000000000000E+000, 0.0000000000000000E+000, 0.0000000000000000E+000, 0.0000000000000000E+000, 0.0000000000000000E+000
1,4,12, 5.0000000000000000E-001, 7.2899997234344482E-001, 2.4550000000000000E+002, 0.0000000000000000E+000, 0.0000000000000000E+000, 0.0000000000000000E+000, 0.0000000000000000E+000, 0.0000000000000000E+000, 0.0000000000000000E+000, 2.6137178763747215E-002
1,5,12, 5.0000000000000000E-001, 7.3599994182586670E-001, 2.4900000000000000E+002, 1.0000000116860974E-007, 2.9940950870513916E+000, 1.4285714278194916E-010, 9.9376379125715175E-008, 2.9836413860321045E+000, 1.4196625819362652E-010, 7.4696138163687920E-011
1,6,12, 5.0000000000000000E-001, 7.4299997091293335E-001, 2.5250000000000000E+002, 3.4947076346725225E-004, 1.9421365112066269E-002, 4.3683846229214396E-007, 3.1903566559776664E-004, 1.8471816554665565E-002, 3.9879461155578610E-007, 3.9464453038817737E-007
2,1,1, 1.0000000000000000E+001, 1.2799999713897705E+000, 4.8000000000000000E+001, 0.0000000000000000E+000, 0.0000000000000000E+000, 0.0000000000000000E+000, 0.0000000000000000E+000, 0.0000000000000000E+000, 0.0000000000000000E+000, 0.0000000000000000E+000
2,2,1, 1.0000000000000000E+001, 1.2869999408721924E+000, 5.1500000000000000E+001, 3.5000001080334187E-003, 7.8471362304687500E+002, 4.3750001168518793E-006, 2.8952581342309713E-003, 4.8114376831054688E+002, 3.9962037590157706E-006, 2.8684851527214050E-001
2,3,1, 1.0000000000000000E+001, 1.2940000295639038E+000, 5.5000000000000000E+001, 0.0000000000000000E+000, 0.0000000000000000E+000, 0.0000000000000000E+000, 0.0000000000000000E+000, 0.0000000000000000E+000, 0.0000000000000000E+000, 0.0000000000000000E+000
2,4,1, 1.0000000000000000E+001, 1.3009999990463257E+000, 5.8500000000000000E+001, 1.3999999500811100E-003, 4.2780827730894089E-002, 2.7999999474559445E-006, 1.0023674258263782E-004, 1.0408107031250000E+005, 1.6716124662252696E-007, 1.3961580395698547E-001
2,5,1, 1.0000000000000000E+001, 1.3079999685287476E+000, 6.2000000000000000E+001, 9.9999999600419720E-012, 7.6980555263617134E-008, 1.6666665809505869E-014, 4.0561189962318167E-008, 1.3938212394714355E-001, 7.3867169325669835E-011, 6.0993392025920912E-007
2,6,1, 1.0000000000000000E+001, 1.3149999380111694E+000, 6.5500000000000000E+001, 3.0000001061125658E-007, 1.9090629577636719E+001, 4.2857145610142311E-010, 4.7520046564386575E-007, 1.7949386596679688E+001, 6.3129479421775159E-010, 9.4448851086781360E-006
2,1,2, 1.0000000000000000E+001, 1.2279999256134033E+000, 6.5000000000000000E+001, 0.0000000000000000E+000, 0.0000000000000000E+000, 0.0000000000000000E+000, 7.1393325924873352E-005, 5.5391412353515625E+002, 7.9325914725814073E-008, 0.0000000000000000E+000
2,2,2, 1.0000000000000000E+001, 1.2349998950958252E+000, 6.8500000000000000E+001, 2.7531976811587811E-003, 2.3955323791503906E+002, 3.0591086215281393E-006, 1.9445153884589672E-003, 1.8217944335937500E+002, 3.3378498756064801E-006, 2.8684851527214050E-001
2,3,2, 1.0000000000000000E+001, 1.2419999837875366E+000, 7.2000000000000000E+001, 0.0000000000000000E+000, 0.0000000000000000E+000, 0.0000000000000000E+000, 0.0000000000000000E+000, 0.0000000000000000E+000, 0.0000000000000000E+000, 0.0000000000000000E+000
2,4,2, 1.0000000000000000E+001, 1.2489999532699585E+000, 7.5500000000000000E+001, 2.0999999251216650E-003, 1.9805937500000000E+006, 3.4999998206330929E-006, 1.6684730071574450E-003, 1.7436095000000000E+006, 2.7807882361230440E-006, 1.3961580395698547E-001
2,5,2, 1.0000000000000000E+001, 1.2559999227523804E+000, 7.9000000000000000E+001, 1.0000000133514320E-010, 9.0427292320782726E-008, 1.4285714809453981E-013, 7.2706306752934324E-008, 7.0953792333602905E-001, 1.3473588911239176E-010, 6.0993392025920912E-007
2,6,2, 1.0000000000000000E+001, 1.2629998922348022E+000, 8.2500000000000000E+001, 5.6999999742401997E-007, 9.0375604629516602E+000, 7.1250000344136311E-010, 9.5455641258013202E-007, 8.4209012985229492E+000, 1.2560935624961189E-009, 9.4448851086781360E-006
2,1,3, 1.0000000000000000E+001, 1.1759999990463257E+000, 8.2000000000000000E+001, 1.5000000712461770E-004, 1.5498649902343750E+003, 1.6666668045672850E-007, 2.4502183077856898E-004, 2.0469810791015625E+003, 4.0923887922872382E-007, 0.0000000000000000E+000
2,2,3, 1.0000000000000000E+001, 1.1829999685287476E+000, 8.5500000000000000E+001, 2.1657419856637716E-003, 1.7730883789062500E+002, 4.3314839786035009E-006, 1.8850353080779314E-003, 2.4145567321777344E+002, 3.3529206575622084E-006, 2.8684851527214050E-001
2,3,3, 1.0000000000000000E+001, 1.1900000572204590E+000, 8.9000000000000000E+001, 0.0000000000000000E+000, 0.0000000000000000E+000, 0.0000000000000000E+000, 0.0000000000000000E+000, 0.0000000000000000E+000, 0.0000000000000000E+000, 0.0000000000000000E+000
2,4,3, 1.0000000000000000E+001, 1.1970000267028809E+000, 9.2500000000000000E+001, 0.0000000000000000E+000, 0.0000000000000000E+000, 0.0000000000000000E+000, 3.6140534211881459E-004, 1.0349775000000000E+005, 4.2116337795050640E-007, 1.3961580395698547E-001
2,5,3, 1.0000000000000000E+001, 1.2039999961853027E+000, 9.6000000000000000E+001, 9.9999997171806854E-010, 2.4189628788917616E-007, 1.2499999950052465E-012, 7.7718276259020058E-008, 1.4480055570602417E+000, 1.4065022757581147E-010, 6.0993392025920912E-007
2,6,3, 1.0000000000000000E+001, 1.2109999656677246E+000, 9.9500000000000000E+001, 1.0830000292116893E-006, 4.3463182449340820E+000, 1.2033333218752773E-009, 2.2991812329564709E-006, 4.2098493576049805E+000, 3.5614950988360761E-009, 9.4448851086781360E-006
2,1,4, 1.0000000000000000E+001, 1.1239999532699585E+000, 9.9000000000000000E+001, 4.5000002137385309E-004, 3.2343618164062500E+003, 9.0000003183376975E-007, 5.9528194833546877E-004, 3.1540842285156250E+003, 1.0976174280585838E-006, 0.0000000000000000E+000
2,2,4, 1.0000000000000000E+001, 1.1309999227523804E+000, 1.0250000000000000E+002, 1.7036329954862595E-003, 6.8205680847167969E+001, 2.8393883440003265E-006, 1.0675732046365738E-003, 4.1416836547851562E+002, 1.6430345795015455E-006, 2.8684851527214050E-001
2,3,4, 1.0000000000000000E+001, 1.1380000114440918E+000, 1.0600000000000000E+002, 0.0000000000000000E+000, 0.0000000000000000E+000, 0.0000000000000000E+000, 0.0000000000000000E+000, 0.0000000000000000E+000, 0.0000000000000000E+000, 0.0000000000000000E+000
2,4,4, 1.0000000000000000E+001, 1.1449999809265137E+000, 1.0950000000000000E+002, 6.9999997504055500E-004, 4.9514840625000000E+005, 8.7499995515827322E-007, 1.9030593102797866E-003, 4.4383618750000000E+005, 2.1944219952274580E-006, 1.3961580395698547E-001
2,5,4, 1.0000000000000000E+001, 1.1519999504089355E+000, 1.1300000000000000E+002, 9.9999999392252903E-009, 9.2153493369551143E-007, 1.1111111163086829E-011, 6.6528073716654035E-008, 1.8482366800308228E+000, 1.1573583064139470E-010, 6.0993392025920912E-007
2,6,4, 1.0000000000000000E+001, 1.1589999198913574E+000, 1.1650000000000000E+002, 2.0576999304466881E-006, 4.2326936721801758E+000, 4.1154000207654917E-009, 7.9820883911452256E-006, 3.7012891769409180E+000, 1.2904819435277659E-008, 9.4448851086781360E-006
2,1,5, 1.0000000000000000E+001, 1.0720000267028809E+000, 1.1600000000000000E+002, 7.5000000651925802E-004, 2.1847382812500000E+003, 1.2499999684223440E-006, 9.1774458996951580E-004, 2.1054511718750000E+003, 1.4302260069598560E-006, 0.0000000000000000E+000
2,2,5, 1.0000000000000000E+001, 1.0789999961853027E+000, 1.1950000000000000E+002, 1.3401252217590809E-003, 1.0833648681640625E+003, 1.9144645193591714E-006, 1.3539897045120597E-003, 9.0171807861328125E+002, 1.8276692799190641E-006, 2.8684851527214050E-001
2,3,5, 1.0000000000000000E+001, 1.0860000848770142E+000, 1.2300000000000000E+002, 0.0000000000000000E+000, 0.0000000000000000E+000, 0.0000000000000000E+000, 0.0000000000000000E+000, 0.0000000000000000E+000, 0.0000000000000000E+000, 0.0000000000000000E+000
2,4,5, 1.0000000000000000E+001, 1.0930000543594360E+000, 1.2650000000000000E+002, 1.3999999500811100E-003, 2.3767124861478806E-002, 1.5555555137325427E-006, 1.9658171368064359E-005, 2.9850131832063198E-003, 2.1842417652351287E-008, 1.3961580395698547E-001
2,5,5, 1.0000000000000000E+001, 1.1000000238418579E+000, 1.3000000000000000E+002, 1.0000000116860974E-007, 8.5739793576067314E-006, 2.0000000267028639E-010, 7.2218412583424652E-008, 2.4464159011840820E+000, 1.2209638855509297E-010, 6.0993392025920912E-007
2,6,5, 1.0000000000000000E+001, 1.1069999933242798E+000, 1.3350000000000000E+002, 3.9096298678487074E-006, 0.0000000000000000E+000, 6.5160499218563928E-009, 2.6357222395745339E-006, 1.7604243755340576E-001, 3.5085350180708019E-009, 9.4448851086781360E-006
2,1,6, 1.0000000000000000E+001, 1.0199999809265137E+000, 1.3300000000000000E+002, 1.0500000789761543E-003, 1.4667712402343750E+003, 1.5000001667431206E-006, 1.1094692163169384E-003, 1.3540988769531250E+003, 1.5060362557051121E-006, 0.0000000000000000E+000
2,2,6, 1.0000000000000000E+001, 1.0269999504089355E+000, 1.3650000000000000E+002, 1.0541798546910286E-003, 2.3635121154785156E+002, 1.3177248092688387E-006, 9.9479546770453453E-004, 1.9383619689941406E+002, 1.2291800430830335E-006, 2.8684851527214050E-001
2,3,6, 1.0000000000000000E+001, 1.0340000391006470E+000, 1.4000000000000000E+002, 0.0000000000000000E+000, 0.0000000000000000E+000, 0.0000000000000000E+000, 6.4316450152546167E-004, 2.5565686225891113E+000, 1.1895458555954974E-006, 0.0000000000000000E+000
2,4,6, 1.0000000000000000E+001, 1.0410000085830688E+000, 1.4350000000000000E+002, 0.0000000000000000E+000, 0.0000000000000000E+000, 0.0000000000000000E+000, 2.8282047715038061E-003, 4.3905019531250000E+004, 4.7009398258524016E-006, 1.3961580395698547E-001
2,5,6, 1.0000000000000000E+001, 1.0479999780654907E+000, 1.4700000000000000E+002, 9.9999999747524271E-007, 3.4931110382080078E+001, 1.6666666935449825E-009, 8.4839285818816279E-007, 3.1889978408813477E+001, 1.4139881487906791E-009, 6.0993392025920912E-007
2,6,6, 1.0000000000000000E+001, 1.0549999475479126E+000, 1.5050000000000000E+002, 7.4282966124883387E-006, 8.8498216867446899E-001, 1.0611852729880411E-008, 1.5946874555083923E-005, 7.9415667057037354E-001, 2.1142007256003126E-008, 9.4448851086781360E-006
2,1,7, 1.0000000000000000E+001, 9.6799993515014648E-001, 1.5000000000000000E+002, 1.0500000789761543E-003, 7.8912988281250000E+002, 1.3125001032676664E-006, 9.5947983209043741E-004, 6.9458361816406250E+002, 1.1545728284545476E-006, 0.0000000000000000E+000
2,2,7, 1.0000000000000000E+001, 9.7499996423721313E-001, 1.5350000000000000E+002, 8.2924723392352462E-004, 7.2152046203613281E+001, 9.2138583340783953E-007, 6.8203924456611276E-004, 6.3015529632568359E+001, 9.8695375072566094E-007, 2.8684851527214050E-001
2,3,7, 1.0000000000000000E+001, 9.8199993371963501E-001, 1.5700000000000000E+002, 6.0000002849847078E-004, 4.4762301445007324E+000, 1.2000000424450263E-006, 1.1207328643649817E-003, 3.7682342529296875E+000, 1.8299010662303772E-006, 0.0000000000000000E+000
2,4,7, 1.0000000000000000E+001, 9.8899996280670166E-001, 1.6050000000000000E+002, 2.7999999001622200E-003, 7.1301378309726715E-002, 4.6666664275107905E-006, 2.2322630684357136E-004, 2.8838673828125000E+004, 3.6383150359142746E-007, 1.3961580395698547E-001
2,5,7, 1.0000000000000000E+001, 9.9599993228912354E-001, 1.6400000000000000E+002, 9.9999999600419720E-013, 6.5983334351926715E-009, 1.4285714640047392E-015, 5.2490956026218782E-010, 5.8415887178853154E-004, 8.9047454306101503E-013, 6.0993392025920912E-007
2,6,7, 1.0000000000000000E+001, 1.0029999017715454E+000, 1.6750000000000000E+002, 1.4113764336798340E-005, 4.1895312070846558E-001, 1.7642205918377840E-008, 3.3923457522178069E-005, 3.6595445871353149E-001, 4.9272699698121869E-008, 9.4448851086781360E-006
2,1,8, 1.0000000000000000E+001, 9.1599994897842407E-001, 1.6700000000000000E+002, 7.5000000651925802E-004, 3.2973101806640625E+002, 8.3333333122936892E-007, 5.8689166326075792E-004, 2.9765151977539062E+002, 7.7912909546284936E-007, 0.0000000000000000E+000
2,2,8, 1.0000000000000000E+001, 9.2299997806549072E-001, 1.7050000000000000E+002, 6.5230892505496740E-004, 5.3404396057128906E+001, 1.3046178537479136E-006, 6.1412143986672163E-004, 5.5979263305664062E+001, 1.1471310017441283E-006, 2.8684851527214050E-001
2,3,8, 1.0000000000000000E+001, 9.2999994754791260E-001, 1.7400000000000000E+002, 9.0000004274770617E-004, 2.1523575782775879E+000, 1.5000000530562829E-006, 1.3615004718303680E-003, 1.7817493677139282E+000, 1.9220283320464659E-006, 0.0000000000000000E+000
2,4,8, 1.0000000000000000E+001, 9.3699997663497925E-001, 1.7750000000000000E+002, 6.9999997504055500E-004, 5.6588387500000000E+005, 9.9999999747524271E-007, 6.1904499307274818E-004, 5.2839537500000000E+005, 8.8435012912668753E-007, 1.3961580395698547E-001
2,5,8, 1.0000000000000000E+001, 9.4399994611740112E-001, 1.8100000000000000E+002, 9.9999999600419720E-012, 7.9123880780684885E-009, 1.2499999780645876E-014, 2.1300079477981626E-009, 6.0630384832620621E-003, 3.5706238313282235E-012, 6.0993392025920912E-007
2,6,8, 1.0000000000000000E+001, 9.5099997520446777E-001, 1.8450000000000000E+002, 2.6816151148523204E-005, 2.0148178935050964E-001, 2.9795723222036941E-008, 7.7407254138961434E-005, 1.8482388556003571E-001, 1.2434092866442370E-007, 9.4448851086781360E-006
2,1,9, 1.0000000000000000E+001, 8.6399996280670166E-001, 1.8400000000000000E+002, 4.5000002137385309E-004, 2.4668550109863281E+002, 9.0000003183376975E-007, 3.6497614928521216E-004, 2.1443368530273438E+002, 7.1245733579416992E-007, 0.0000000000000000E+000
2,2,9, 1.0000000000000000E+001, 8.7099999189376831E-001, 1.8750000000000000E+002, 5.1312439609318972E-004, 2.0543155670166016E+001, 8.5520730408461532E-007, 3.8035560282878578E-004, 9.3453979492187500E+001, 6.0707162674589199E-007, 2.8684851527214050E-001
2,3,9, 1.0000000000000000E+001, 8.7799996137619019E-001, 1.9100000000000000E+002, 1.2000000569969416E-003, 1.1931642293930054E+000, 1.7142857586804894E-006, 9.8150200210511684E-004, 9.0287661552429199E-001, 1.2770544799423078E-006, 0.0000000000000000E+000
2,4,9, 1.0000000000000000E+001, 8.8499999046325684E-001, 1.9450000000000000E+002, 0.0000000000000000E+000, 0.0000000000000000E+000, 0.0000000000000000E+000, 4.1268102359026670E-004, 1.5976493750000000E+005, 6.0457711015260429E-007, 1.3961580395698547E-001
2,5,9, 1.0000000000000000E+001, 8.9199995994567871E-001, 1.9800000000000000E+002, 1.0000000133514320E-010, 2.1501891822595098E-008, 1.1111111217296937E-013, 4.7772950040325668E-009, 4.0336284786462784E-002, 7.7515771579328430E-012, 6.0993392025920912E-007
2,6,9, 1.0000000000000000E+001, 8.9899998903274536E-001, 2.0150000000000000E+002, 5.0950686272699386E-005, 1.9621449708938599E-001, 1.0190137089693962E-007, 2.1894017118029296E-004, 1.3957153260707855E-001, 3.2879705713639851E-007, 9.4448851086781360E-006
2,1,10, 1.0000000000000000E+001, 8.1199997663497925E-001, 2.0100000000000000E+002, 1.5000000712461770E-004, 4.9408588409423828E+001, 2.4999999936881068E-007, 9.8877491836901754E-005, 4.0011051177978516E+001, 1.6479579301176273E-007, 0.0000000000000000E+000
2,2,10, 1.0000000000000000E+001, 8.1900000572204590E-001, 2.0450000000000000E+002, 4.0363799780607224E-004, 3.2630325317382812E+002, 5.7662572316985461E-007, 4.0589814307168126E-004, 2.8892520141601562E+002, 5.5828394351919997E-007, 2.8684851527214050E-001
2,3,10, 1.0000000000000000E+001, 8.2599997520446777E-001, 2.0800000000000000E+002, 1.5000000130385160E-003, 7.2887927293777466E-001, 1.8750000663203537E-006, 2.6940371026284993E-004, 3.1411603093147278E-001, 3.3675468102956074E-007, 0.0000000000000000E+000
2,4,10, 1.0000000000000000E+001, 8.3300000429153442E-001, 2.1150000000000000E+002, 2.0999999251216650E-003, 1.3203957500000000E+006, 2.3333332137553953E-006, 4.0843691676855087E-003, 1.2326537500000000E+006, 6.5177855503861792E-006, 1.3961580395698547E-001
2,5,10, 1.0000000000000000E+001, 8.3999997377395630E-001, 2.1500000000000000E+002, 9.9999997171806854E-010, 1.6587628692832368E-007, 1.9999999920083944E-012, 8.3869897693489293E-009, 1.2681062519550323E-001, 1.3053975435328713E-011, 6.0993392025920912E-007
2,6,10, 1.0000000000000000E+001, 8.4700000286102295E-001, 2.1850000000000000E+002, 9.6806295914575458E-005, 0.0000000000000000E+000, 1.6134382008203829E-007, 1.7525024304632097E-004, 2.2299913689494133E-002, 2.3309978303132084E-007, 9.4448851086781360E-006
2,1,11, 1.0000000000000000E+001, 7.5999999046325684E-001, 2.1800000000000000E+002, 0.0000000000000000E+000, 0.0000000000000000E+000, 0.0000000000000000E+000, 0.0000000000000000E+000, 0.0000000000000000E+000, 0.0000000000000000E+000, 0.0000000000000000E+000
2,2,11, 1.0000000000000000E+001, 7.6700001955032349E-001, 2.2150000000000000E+002, 3.1751289498060942E-004, 7.1187622070312500E+001, 3.9689112441010366E-007, 2.9689347138628364E-004, 6.1639919281005859E+001, 3.5882163729183958E-007, 2.8684851527214050E-001
2,3,11, 1.0000000000000000E+001, 7.7399998903274536E-001, 2.2500000000000000E+002, 0.0000000000000000E+000, 0.0000000000000000E+000, 0.0000000000000000E+000, 0.0000000000000000E+000, 0.0000000000000000E+000, 0.0000000000000000E+000, 0.0000000000000000E+000
2,4,11, 1.0000000000000000E+001, 7.8100001811981201E-001, 2.2850000000000000E+002, 2.7999999001622200E-003, 8.5561655461788177E-002, 5.5999998949118890E-006, 4.4291967060416937E-004, 3.2611131668090820E-002, 8.8583925617058412E-007, 1.3961580395698547E-001
2,5,11, 1.0000000000000000E+001, 7.8799998760223389E-001, 2.3200000000000000E+002, 9.9999999392252903E-009, 7.1449829874836723E-007, 1.6666666310949374E-011, 7.6289490280601058E-009, 1.9145819544792175E-001, 1.1237739037939232E-011, 6.0993392025920912E-007
2,6,11, 1.0000000000000000E+001, 7.9500001668930054E-001, 2.3550000000000000E+002, 1.8393197387922555E-004, 4.1025016456842422E-002, 2.6275995423929999E-007, 1.8165877554565668E-004, 2.7362657710909843E-002, 2.3369784685201012E-007, 9.4448851086781360E-006
2,1,12, 1.0000000000000000E+001, 7.0799994468688965E-001, 2.3500000000000000E+002, 0.0000000000000000E+000, 0.0000000000000000E+000, 0.0000000000000000E+000, 0.0000000000000000E+000, 0.0000000000000000E+000, 0.0000000000000000E+000, 0.0000000000000000E+000
2,2,12, 1.0000000000000000E+001, 7.1499997377395630E-001, 2.3850000000000000E+002, 2.4976450367830694E-004, 2.1731782913208008E+001, 2.7751610787163372E-007, 1.5102059114724398E-004, 1.6637784957885742E+001, 1.6780064981958276E-007, 2.8684851527214050E-001
2,3,12, 1.0000000000000000E+001, 7.2199994325637817E-001, 2.4200000000000000E+002, 0.0000000000000000E+000, 0.0000000000000000E+000, 0.0000000000000000E+000, 0.0000000000000000E+000, 0.0000000000000000E+000, 0.0000000000000000E+000, 0.0000000000000000E+000
2,4,12, 1.0000000000000000E+001, 7.2899997234344482E-001, 2.4550000000000000E+002, 0.0000000000000000E+000, 0.0000000000000000E+000, 0.0000000000000000E+000, 0.0000000000000000E+000, 0.0000000000000000E+000, 0.0000000000000000E+000, 1.3961580395698547E-001
2,5,12, 1.0000000000000000E+001, 7.3599994182586670E-001, 2.4900000000000000E+002, 1.0000000116860974E-007, 2.9940950870513916E+000, 1.4285714278194916E-010, 8.8134498810177320E-008, 2.7907755374908447E+000, 1.2590642417542597E-010, 6.0993392025920912E-007
2,6,12, 1.0000000000000000E+001, 7.4299997091293335E-001, 2.5250000000000000E+002, 3.4947076346725225E-004, 1.9421365112066269E-002, 4.3683846229214396E-007, 3.5500495869200677E-005, 6.3286256045103073E-003, 4.4375617846981186E-008, 9.4448851086781360E-006
3,1,1, 6.0000000000000000E+001, 1.2799999713897705E+000, 4.8000000000000000E+001, 0.0000000000000000E+000, 0.0000000000000000E+000, 0.0000000000000000E+000, 0.0000000000000000E+000, 0.0000000000000000E+000, 0.0000000000000000E+000, 0.0000000000000000E+000
3,2,1, 6.0000000000000000E+001, 1.2869999408721924E+000, 5.1500000000000000E+001, 3.5000001080334187E-003, 7.8471362304687500E+002, 4.3750001168518793E-006, 9.8053400870412588E-004, 4.8463836669921875E+002, 1.4018432921147905E-006, 1.0170503854751587E+000
3,3,1, 6.0000000000000000E+001, 1.2940000295639038E+000, 5.5000000000000000E+001, 0.0000000000000000E+000, 0.0000000000000000E+000, 0.0000000000000000E+000, 0.0000000000000000E+000, 0.0000000000000000E+000, 0.0000000000000000E+000, 0.0000000000000000E+000
3,4,1, 6.0000000000000000E+001, 1.3009999990463257E+000, 5.8500000000000000E+001, 1.3999999500811100E-003, 4.2780827730894089E-002, 2.7999999474559445E-006, 3.1838058930588886E-005, 5.5572906250000000E+004, 5.3063434535260967E-008, 2.5204673409461975E-001
3,5,1, 6.0000000000000000E+001, 1.3079999685287476E+000, 6.2000000000000000E+001, 9.9999999600419720E-012, 7.6980555263617134E-008, 1.6666665809505869E-014, 8.9111367174155021E-008, 4.6651639938354492E+000, 1.4853408780712840E-010, 8.7472326413262635E-005
3,6,1, 6.0000000000000000E+001, 1.3149999380111694E+000, 6.5500000000000000E+001, 3.0000001061125658E-007, 1.9090629577636719E+001, 4.2857145610142311E-010, 1.4817620467511006E-005, 1.3116206169128418E+001, 2.1800833138740927E-008, 4.8158335266634822E-004
3,1,2, 6.0000000000000000E+001, 1.2279999256134033E+000, 6.5000000000000000E+001, 0.0000000000000000E+000, 0.0000000000000000E+000, 0.0000000000000000E+000, 1.1815455509349704E-003, 4.2686948242187500E+003, 1.9613316908362322E-006, 0.0000000000000000E+000
3,2,2, 6.0000000000000000E+001, 1.2349998950958252E+000, 6.8500000000000000E+001, 2.7531976811587811E-003, 2.3955323791503906E+002, 3.0591086215281393E-006, 7.4539618799462914E-004, 3.9873532104492188E+002, 1.0432781891722698E-006, 1.0170503854751587E+000
3,3,2, 6.0000000000000000E+001, 1.2419999837875366E+000, 7.2000000000000000E+001, 0.0000000000000000E+000, 0.0000000000000000E+000, 0.0000000000000000E+000, 0.0000000000000000E+000, 0.0000000000000000E+000, 0.0000000000000000E+000, 0.0000000000000000E+000
3,4,2, 6.0000000000000000E+001, 1.2489999532699585E+000, 7.5500000000000000E+001, 2.0999999251216650E-003, 1.9805937500000000E+006, 3.4999998206330929E-006, 5.3140294039621949E-004, 9.2366856250000000E+005, 8.8567156808494474E-007, 2.5204673409461975E-001
3,5,2, 6.0000000000000000E+001, 1.2559999227523804E+000, 7.9000000000000000E+001, 1.0000000133514320E-010, 9.0427292320782726E-008, 1.4285714809453981E-013, 5.1626848573960160E-008, 2.7639806270599365E+000, 8.6045150171631946E-011, 8.7472326413262635E-005
3,6,2, 6.0000000000000000E+001, 1.2629998922348022E+000, 8.2500000000000000E+001, 5.6999999742401997E-007, 9.0375604629516602E+000, 7.1250000344136311E-010, 3.8978701923042536E-005, 6.0966019630432129E+000, 5.7038349154936441E-008, 4.8158335266634822E-004
3,1,3, 6.0000000000000000E+001, 1.1759999990463257E+000, 8.2000000000000000E+001, 1.5000000712461770E-004, 1.5498649902343750E+003, 1.6666668045672850E-007, 8.6466374341398478E-004, 2.5034855957031250E+003, 1.3353046597330831E-006, 0.0000000000000000E+000
3,2,3, 6.0000000000000000E+001, 1.1829999685287476E+000, 8.5500000000000000E+001, 2.1657419856637716E-003, 1.7730883789062500E+002, 4.3314839786035009E-006, 8.1565743312239647E-004, 4.4808139038085938E+002, 1.1400562698327121E-006, 1.0170503854751587E+000
3,3,3, 6.0000000000000000E+001, 1.1900000572204590E+000, 8.9000000000000000E+001, 0.0000000000000000E+000, 0.0000000000000000E+000, 0.0000000000000000E+000, 0.0000000000000000E+000, 0.0000000000000000E+000, 0.0000000000000000E+000, 0.0000000000000000E+000
3,4,3, 6.0000000000000000E+001, 1.1970000267028809E+000, 9.2500000000000000E+001, 0.0000000000000000E+000, 0.0000000000000000E+000, 0.0000000000000000E+000, 1.7190667567774653E-003, 4.7997503125000000E+005, 1.9860683551087277E-006, 2.5204673409461975E-001
3,5,3, 6.0000000000000000E+001, 1.2039999961853027E+000, 9.6000000000000000E+001, 9.9999997171806854E-010, 2.4189628788917616E-007, 1.2499999950052465E-012, 3.6361331723355761E-008, 1.9534590244293213E+000, 6.0602245444130176E-011, 8.7472326413262635E-005
3,6,3, 6.0000000000000000E+001, 1.2109999656677246E+000, 9.9500000000000000E+001, 1.0830000292116893E-006, 4.3463182449340820E+000, 1.2033333218752773E-009, 8.9872301032301039E-005, 3.1097929477691650E+000, 1.3035327128818608E-007, 4.8158335266634822E-004
3,1,4, 6.0000000000000000E+001, 1.1239999532699585E+000, 9.9000000000000000E+001, 4.5000002137385309E-004, 3.2343618164062500E+003, 9.0000003183376975E-007, 1.3039126060903072E-003, 2.6856171875000000E+003, 1.8501700651540887E-006, 0.0000000000000000E+000
3,2,4, 6.0000000000000000E+001, 1.1309999227523804E+000, 1.0250000000000000E+002, 1.7036329954862595E-003, 6.8205680847167969E+001, 2.8393883440003265E-006, 6.0065853176638484E-004, 3.0091012573242188E+002, 8.5833278262725798E-007, 1.0170503854751587E+000
3,3,4, 6.0000000000000000E+001, 1.1380000114440918E+000, 1.0600000000000000E+002, 0.0000000000000000E+000, 0.0000000000000000E+000, 0.0000000000000000E+000, 0.0000000000000000E+000, 0.0000000000000000E+000, 0.0000000000000000E+000, 0.0000000000000000E+000
3,4,4, 6.0000000000000000E+001, 1.1449999809265137E+000, 1.0950000000000000E+002, 6.9999997504055500E-004, 4.9514840625000000E+005, 8.7499995515827322E-007, 7.2576908860355616E-004, 2.5718556250000000E+005, 8.3652076909856987E-007, 2.5204673409461975E-001
3,5,4, 6.0000000000000000E+001, 1.1519999504089355E+000, 1.1300000000000000E+002, 9.9999999392252903E-009, 9.2153493369551143E-007, 1.1111111163086829E-011, 2.8685153807828101E-008, 1.5420093536376953E+000, 4.7808586950415233E-011, 8.7472326413262635E-005
3,6,4, 6.0000000000000000E+001, 1.1589999198913574E+000, 1.1650000000000000E+002, 2.0576999304466881E-006, 4.2326936721801758E+000, 4.1154000207654917E-009, 2.2608826111536473E-004, 2.2163393497467041E+000, 3.2395254834227671E-007, 4.8158335266634822E-004
3,1,5, 6.0000000000000000E+001, 1.0720000267028809E+000, 1.1600000000000000E+002, 7.5000000651925802E-004, 2.1847382812500000E+003, 1.2499999684223440E-006, 1.1467075673863292E-003, 1.5977498779296875E+003, 1.5164764590736013E-006, 0.0000000000000000E+000
3,2,5, 6.0000000000000000E+001, 1.0789999961853027E+000, 1.1950000000000000E+002, 1.3401252217590809E-003, 1.0833648681640625E+003, 1.9144645193591714E-006, 9.3461578944697976E-004, 3.7583096313476562E+002, 1.3847558193447185E-006, 1.0170503854751587E+000
3,3,5, 6.0000000000000000E+001, 1.0860000848770142E+000, 1.2300000000000000E+002, 0.0000000000000000E+000, 0.0000000000000000E+000, 0.0000000000000000E+000, 0.0000000000000000E+000, 0.0000000000000000E+000, 0.0000000000000000E+000, 0.0000000000000000E+000
3,4,5, 6.0000000000000000E+001, 1.0930000543594360E+000, 1.2650000000000000E+002, 1.3999999500811100E-003, 2.3767124861478806E-002, 1.5555555137325427E-006, 1.0022436710849930E-013, 1.5494619276523736E-007, 1.1136061271560494E-016, 2.5204673409461975E-001
3,5,5, 6.0000000000000000E+001, 1.1000000238418579E+000, 1.3000000000000000E+002, 1.0000000116860974E-007, 8.5739793576067314E-006, 2.0000000267028639E-010, 3.1426626634356580E-008, 1.7098180055618286E+000, 5.2377702869366161E-011, 8.7472326413262635E-005
3,6,5, 6.0000000000000000E+001, 1.1069999933242798E+000, 1.3350000000000000E+002, 3.9096298678487074E-006, 0.0000000000000000E+000, 6.5160499218563928E-009, 5.0446920795366168E-005, 1.0432630032300949E-001, 7.0912065552874992E-008, 4.8158335266634822E-004
3,1,6, 6.0000000000000000E+001, 1.0199999809265137E+000, 1.3300000000000000E+002, 1.0500000789761543E-003, 1.4667712402343750E+003, 1.5000001667431206E-006, 7.4946333188563585E-004, 8.3982958984375000E+002, 1.0181912557527539E-006, 0.0000000000000000E+000
3,2,6, 6.0000000000000000E+001, 1.0269999504089355E+000, 1.3650000000000000E+002, 1.0541798546910286E-003, 2.3635121154785156E+002, 1.3177248092688387E-006, 5.2400934509932995E-004, 1.1816268157958984E+002, 8.3184232835264993E-007, 1.0170503854751587E+000
3,3,6, 6.0000000000000000E+001, 1.0340000391006470E+000, 1.4000000000000000E+002, 0.0000000000000000E+000, 0.0000000000000000E+000, 0.0000000000000000E+000, 4.5968028716742992E-003, 1.0797633171081543E+001, 6.8754784479096998E-006, 0.0000000000000000E+000
3,4,6, 6.0000000000000000E+001, 1.0410000085830688E+000, 1.4350000000000000E+002, 0.0000000000000000E+000, 0.0000000000000000E+000, 0.0000000000000000E+000, 3.3596870489418507E-003, 3.6136009375000000E+005, 5.5079490266507491E-006, 2.5204673409461975E-001
3,5,6, 6.0000000000000000E+001, 1.0479999780654907E+000, 1.4700000000000000E+002, 9.9999999747524271E-007, 3.4931110382080078E+001, 1.6666666935449825E-009, 3.7344614156609168E-007, 2.0233030319213867E+001, 6.2241017895203754E-010, 8.7472326413262635E-005
3,6,6, 6.0000000000000000E+001, 1.0549999475479126E+000, 1.5050000000000000E+002, 7.4282966124883387E-006, 8.8498216867446899E-001, 1.0611852729880411E-008, 2.3360110935755074E-004, 4.3394210934638977E-001, 3.2691136198081949E-007, 4.8158335266634822E-004
3,1,7, 6.0000000000000000E+001, 9.6799993515014648E-001, 1.5000000000000000E+002, 1.0500000789761543E-003, 7.8912988281250000E+002, 1.3125001032676664E-006, 3.7767278263345361E-004, 3.7366134643554688E+002, 5.8471681541050202E-007, 0.0000000000000000E+000
3,2,7, 6.0000000000000000E+001, 9.7499996423721313E-001, 1.5350000000000000E+002, 8.2924723392352462E-004, 7.2152046203613281E+001, 9.2138583340783953E-007, 3.2876341720111668E-004, 1.0472314453125000E+002, 5.1893619001930347E-007, 1.0170503854751587E+000
3,3,7, 6.0000000000000000E+001, 9.8199993371963501E-001, 1.5700000000000000E+002, 6.0000002849847078E-004, 4.4762301445007324E+000, 1.2000000424450263E-006, 1.8213073781225830E-004, 1.1588251590728760E+000, 2.4285722588501812E-007, 0.0000000000000000E+000
3,4,7, 6.0000000000000000E+001, 9.8899996280670166E-001, 1.6050000000000000E+002, 2.7999999001622200E-003, 7.1301378309726715E-002, 4.6666664275107905E-006, 2.0231153030181304E-005, 2.2708054687500000E+004, 2.8901807169745553E-008, 2.5204673409461975E-001
3,5,7, 6.0000000000000000E+001, 9.9599993228912354E-001, 1.6400000000000000E+002, 9.9999999600419720E-013, 6.5983334351926715E-009, 1.4285714640047392E-015, 4.8983348932551962E-008, 6.9784259796142578E-001, 7.3192993332860112E-011, 8.7472326413262635E-005
3,6,7, 6.0000000000000000E+001, 1.0029999017715454E+000, 1.6750000000000000E+002, 1.4113764336798340E-005, 4.1895312070846558E-001, 1.7642205918377840E-008, 1.6288946790155023E-004, 1.7266151309013367E-001, 2.2327709814362606E-007, 4.8158335266634822E-004
3,1,8, 6.0000000000000000E+001, 9.1599994897842407E-001, 1.6700000000000000E+002, 7.5000000651925802E-004, 3.2973101806640625E+002, 8.3333333122936892E-007, 1.6645430878270417E-004, 1.6467440795898438E+002, 2.9426408332255960E-007, 0.0000000000000000E+000
3,2,8, 6.0000000000000000E+001, 9.2299997806549072E-001, 1.7050000000000000E+002, 6.5230892505496740E-004, 5.3404396057128906E+001, 1.3046178537479136E-006, 3.0605203937739134E-004, 1.3875628662109375E+002, 4.4912999896951078E-007, 1.0170503854751587E+000
3,3,8, 6.0000000000000000E+001, 9.2999994754791260E-001, 1.7400000000000000E+002, 9.0000004274770617E-004, 2.1523575782775879E+000, 1.5000000530562829E-006, 2.0899278752040118E-005, 2.9336526989936829E-001, 2.7034628757860446E-008, 0.0000000000000000E+000
3,4,8, 6.0000000000000000E+001, 9.3699997663497925E-001, 1.7750000000000000E+002, 6.9999997504055500E-004, 5.6588387500000000E+005, 9.9999999747524271E-007, 3.3541722223162651E-004, 3.7527337500000000E+005, 4.7916768153299927E-007, 2.5204673409461975E-001
3,5,8, 6.0000000000000000E+001, 9.4399994611740112E-001, 1.8100000000000000E+002, 9.9999999600419720E-012, 7.9123880780684885E-009, 1.2499999780645876E-014, 7.0294672305237782E-009, 2.5908884406089783E-001, 1.0077034692801412E-011, 8.7472326413262635E-005
3,6,8, 6.0000000000000000E+001, 9.5099997520446777E-001, 1.8450000000000000E+002, 2.6816151148523204E-005, 2.0148178935050964E-001, 2.9795723222036941E-008, 7.1164708060678095E-005, 6.8139277398586273E-002, 9.5599702376603091E-008, 4.8158335266634822E-004
3,1,9, 6.0000000000000000E+001, 8.6399996280670166E-001, 1.8400000000000000E+002, 4.5000002137385309E-004, 2.4668550109863281E+002, 9.0000003183376975E-007, 9.0174980869051069E-005, 1.0079901123046875E+002, 1.6557343940348801E-007, 0.0000000000000000E+000
3,2,9, 6.0000000000000000E+001, 8.7099999189376831E-001, 1.8750000000000000E+002, 5.1312439609318972E-004, 2.0543155670166016E+001, 8.5520730408461532E-007, 1.8661998910829425E-004, 1.1451628112792969E+002, 2.4413543542323168E-007, 1.0170503854751587E+000
3,3,9, 6.0000000000000000E+001, 8.7799996137619019E-001, 1.9100000000000000E+002, 1.2000000569969416E-003, 1.1931642293930054E+000, 1.7142857586804894E-006, 1.1518774272190058E-006, 5.0301972776651382E-002, 1.4603834808113447E-009, 0.0000000000000000E+000
3,4,9, 6.0000000000000000E+001, 8.8499999046325684E-001, 1.9450000000000000E+002, 0.0000000000000000E+000, 0.0000000000000000E+000, 0.0000000000000000E+000, 2.5169383734464645E-003, 8.1191537500000000E+005, 4.0393492781731766E-006, 2.5204673409461975E-001
3,5,9, 6.0000000000000000E+001, 8.9199995994567871E-001, 1.9800000000000000E+002, 1.0000000133514320E-010, 2.1501891822595098E-008, 1.1111111217296937E-013, 5.0354320713097422E-009, 1.9976890087127686E-001, 7.1986951989677639E-012, 8.7472326413262635E-005
3,6,9, 6.0000000000000000E+001, 8.9899998903274536E-001, 2.0150000000000000E+002, 5.0950686272699386E-005, 1.9621449708938599E-001, 1.0190137089693962E-007, 2.6426248950883746E-005, 3.1824111938476562E-002, 3.4964749318078248E-008, 4.8158335266634822E-004
3,1,10, 6.0000000000000000E+001, 8.1199997663497925E-001, 2.0100000000000000E+002, 1.5000000712461770E-004, 4.9408588409423828E+001, 2.4999999936881068E-007, 1.0816871508723125E-005, 1.3527330398559570E+001, 1.8028117665380705E-008, 0.0000000000000000E+000
3,2,10, 6.0000000000000000E+001, 8.1900000572204590E-001, 2.0450000000000000E+002, 4.0363799780607224E-004, 3.2630325317382812E+002, 5.7662572316985461E-007, 2.4891097564250231E-004, 1.5438533020019531E+002, 3.0965927066972654E-007, 1.0170503854751587E+000
3,3,10, 6.0000000000000000E+001, 8.2599997520446777E-001, 2.0800000000000000E+002, 1.5000000130385160E-003, 7.2887927293777466E-001, 1.8750000663203537E-006, 2.2620687545327200E-008, 3.9676656015217304E-003, 2.8275872962502113E-011, 0.0000000000000000E+000
3,4,10, 6.0000000000000000E+001, 8.3300000429153442E-001, 2.1150000000000000E+002, 2.0999999251216650E-003, 1.3203957500000000E+006, 2.3333332137553953E-006, 2.4770318996161222E-003, 8.7449612500000000E+005, 4.0590780372440349E-006, 2.5204673409461975E-001
3,5,10, 6.0000000000000000E+001, 8.3999997377395630E-001, 2.1500000000000000E+002, 9.9999997171806854E-010, 1.6587628692832368E-007, 1.9999999920083944E-012, 5.2398512195850344E-009, 2.1712918579578400E-001, 7.4867369248554638E-012, 8.7472326413262635E-005
3,6,10, 6.0000000000000000E+001, 8.4700000286102295E-001, 2.1850000000000000E+002, 9.6806295914575458E-005, 0.0000000000000000E+000, 1.6134382008203829E-007, 4.3558662810028181E-007, 1.8759730737656355E-003, 5.5415405597614154E-010, 4.8158335266634822E-004
3,1,11, 6.0000000000000000E+001, 7.5999999046325684E-001, 2.1800000000000000E+002, 0.0000000000000000E+000, 0.0000000000000000E+000, 0.0000000000000000E+000, 0.0000000000000000E+000, 0.0000000000000000E+000, 0.0000000000000000E+000, 0.0000000000000000E+000
3,2,11, 6.0000000000000000E+001, 7.6700001955032349E-001, 2.2150000000000000E+002, 3.1751289498060942E-004, 7.1187622070312500E+001, 3.9689112441010366E-007, 8.0862009781412780E-005, 2.7097173690795898E+001, 9.3570072579041152E-008, 1.0170503854751587E+000
3,3,11, 6.0000000000000000E+001, 7.7399998903274536E-001, 2.2500000000000000E+002, 0.0000000000000000E+000, 0.0000000000000000E+000, 0.0000000000000000E+000, 0.0000000000000000E+000, 0.0000000000000000E+000, 0.0000000000000000E+000, 0.0000000000000000E+000
3,4,11, 6.0000000000000000E+001, 7.8100001811981201E-001, 2.2850000000000000E+002, 2.7999999001622200E-003, 8.5561655461788177E-002, 5.5999998949118890E-006, 6.5379964553358150E-008, 2.9197827097959816E-004, 1.3076001392775538E-010, 2.5204673409461975E-001
3,5,11, 6.0000000000000000E+001, 7.8799998760223389E-001, 2.3200000000000000E+002, 9.9999999392252903E-009, 7.1449829874836723E-007, 1.6666666310949374E-011, 3.9388998729350533E-009, 1.6522720456123352E-001, 5.6270248877110518E-012, 8.7472326413262635E-005
3,6,11, 6.0000000000000000E+001, 7.9500001668930054E-001, 2.3550000000000000E+002, 1.8393197387922555E-004, 4.1025016456842422E-002, 2.6275995423929999E-007, 1.6218163523262774E-007, 8.8025751756504178E-004, 2.0607547612794264E-010, 4.8158335266634822E-004
3,1,12, 6.0000000000000000E+001, 7.0799994468688965E-001, 2.3500000000000000E+002, 0.0000000000000000E+000, 0.0000000000000000E+000, 0.0000000000000000E+000, 0.0000000000000000E+000, 0.0000000000000000E+000, 0.0000000000000000E+000, 0.0000000000000000E+000
3,2,12, 6.0000000000000000E+001, 7.1499997377395630E-001, 2.3850000000000000E+002, 2.4976450367830694E-004, 2.1731782913208008E+001, 2.7751610787163372E-007, 1.3219105312600732E-005, 4.4734234809875488E+000, 1.4687894456244521E-008, 1.0170503854751587E+000
3,3,12, 6.0000000000000000E+001, 7.2199994325637817E-001, 2.4200000000000000E+002, 0.0000000000000000E+000, 0.0000000000000000E+000, 0.0000000000000000E+000, 0.0000000000000000E+000, 0.0000000000000000E+000, 0.0000000000000000E+000, 0.0000000000000000E+000
3,4,12, 6.0000000000000000E+001, 7.2899997234344482E-001, 2.4550000000000000E+002, 0.0000000000000000E+000, 0.0000000000000000E+000, 0.0000000000000000E+000, 0.0000000000000000E+000, 0.0000000000000000E+000, 0.0000000000000000E+000, 2.5204673409461975E-001
3,5,12, 6.0000000000000000E+001, 7.3599994182586670E-001, 2.4900000000000000E+002, 1.0000000116860974E-007, 2.9940950870513916E+000, 1.4285714278194916E-010, 4.6908983364346568E-008, 1.9639892578125000E+000, 6.7012832782875620E-011, 8.7472326413262635E-005
3,6,12, 6.0000000000000000E+001, 7.4299997091293335E-001, 2.5250000000000000E+002, 3.4947076346725225E-004, 1.9421365112066269E-002, 4.3683846229214396E-007, 9.1984653227683566E-010, 2.8376514819683507E-005, 1.1498083301447748E-012, 4.8158335266634822E-004
4,1,1, 3.0000000000000000E+002, 1.2799999713897705E+000, 4.8000000000000000E+001, 0.0000000000000000E+000, 0.0000000000000000E+000, 0.0000000000000000E+000, 0.0000000000000000E+000, 0.0000000000000000E+000, 0.0000000000000000E+000, 0.0000000000000000E+000
4,2,1, 3.0000000000000000E+002, 1.2869999408721924E+000, 5.1500000000000000E+001, 3.5000001080334187E-003, 7.8471362304687500E+002, 4.3750001168518793E-006, 2.4845983716659248E-005, 8.5329437255859375E+001, 3.0865692224324448E-008, 1.6677551269531250E+000
4,3,1, 3.0000000000000000E+002, 1.2940000295639038E+000, 5.5000000000000000E+001, 0.0000000000000000E+000, 0.0000000000000000E+000, 0.0000000000000000E+000, 0.0000000000000000E+000, 0.0000000000000000E+000, 0.0000000000000000E+000, 0.0000000000000000E+000
4,4,1, 3.0000000000000000E+002, 1.3009999990463257E+000, 5.8500000000000000E+001, 1.3999999500811100E-003, 4.2780827730894089E-002, 2.7999999474559445E-006, 1.3043053570527263E-007, 2.6280129394531250E+003, 2.1738413846783544E-010, 3.0436569452285767E-001
4,5,1, 3.0000000000000000E+002, 1.3079999685287476E+000, 6.2000000000000000E+001, 9.9999999600419720E-012, 7.6980555263617134E-008, 1.6666665809505869E-014, 1.7316598155403540E-009, 5.4291683435440063E-001, 2.8860982614203889E-012, 1.6818460426293314E-004
4,6,1, 3.0000000000000000E+002, 1.3149999380111694E+000, 6.5500000000000000E+001, 3.0000001061125658E-007, 1.9090629577636719E+001, 4.2857145610142311E-010, 7.3535826231818646E-005, 2.0973877906799316E+000, 1.0156939111993779E-007, 1.2716911733150482E-001
4,1,2, 3.0000000000000000E+002, 1.2279999256134033E+000, 6.5000000000000000E+001, 0.0000000000000000E+000, 0.0000000000000000E+000, 0.0000000000000000E+000, 8.2024084404110909E-003, 2.0090302734375000E+004, 1.2060171684424859E-005, 0.0000000000000000E+000
4,2,2, 3.0000000000000000E+002, 1.2349998950958252E+000, 6.8500000000000000E+001, 2.7531976811587811E-003, 2.3955323791503906E+002, 3.0591086215281393E-006, 1.7279742678510956E-005, 6.4999595642089844E+001, 2.1356699519969879E-008, 1.6677551269531250E+000
4,3,2, 3.0000000000000000E+002, 1.2419999837875366E+000, 7.2000000000000000E+001, 0.0000000000000000E+000, 0.0000000000000000E+000, 0.0000000000000000E+000, 0.0000000000000000E+000, 0.0000000000000000E+000, 0.0000000000000000E+000, 0.0000000000000000E+000
4,4,2, 3.0000000000000000E+002, 1.2489999532699585E+000, 7.5500000000000000E+001, 2.0999999251216650E-003, 1.9805937500000000E+006, 3.4999998206330929E-006, 2.1769908471469535E-006, 4.3679792968750000E+004, 3.6283169801976101E-009, 3.0436569452285767E-001
4,5,2, 3.0000000000000000E+002, 1.2559999227523804E+000, 7.9000000000000000E+001, 1.0000000133514320E-010, 9.0427292320782726E-008, 1.4285714809453981E-013, 1.0032075170585131E-009, 3.1351563334465027E-001, 1.6720115960169868E-012, 1.6818460426293314E-004
4,6,2, 3.0000000000000000E+002, 1.2629998922348022E+000, 8.2500000000000000E+001, 5.6999999742401997E-007, 9.0375604629516602E+000, 7.1250000344136311E-010, 2.1097157514304854E-005, 6.8431979417800903E-001, 2.9017943603548702E-008, 1.2716911733150482E-001
4,1,3, 3.0000000000000000E+002, 1.1759999990463257E+000, 8.2000000000000000E+001, 1.5000000712461770E-004, 1.5498649902343750E+003, 1.6666668045672850E-007, 5.1111321226926520E-005, 6.0041113281250000E+002, 8.3213542723115097E-008, 0.0000000000000000E+000
4,2,3, 3.0000000000000000E+002, 1.1829999685287476E+000, 8.5500000000000000E+001, 2.1657419856637716E-003, 1.7730883789062500E+002, 4.3314839786035009E-006, 1.6820396922412328E-005, 7.0428398132324219E+001, 2.0685019919142178E-008, 1.6677551269531250E+000
4,3,3, 3.0000000000000000E+002, 1.1900000572204590E+000, 8.9000000000000000E+001, 0.0000000000000000E+000, 0.0000000000000000E+000, 0.0000000000000000E+000, 0.0000000000000000E+000, 0.0000000000000000E+000, 0.0000000000000000E+000, 0.0000000000000000E+000
4,4,3, 3.0000000000000000E+002, 1.1970000267028809E+000, 9.2500000000000000E+001, 0.0000000000000000E+000, 0.0000000000000000E+000, 0.0000000000000000E+000, 2.5333401281386614E-003, 9.6097343750000000E+005, 2.9245986752357567E-006, 3.0436569452285767E-001
4,5,3, 3.0000000000000000E+002, 1.2039999961853027E+000, 9.6000000000000000E+001, 9.9999997171806854E-010, 2.4189628788917616E-007, 1.2499999950052465E-012, 7.0657135697871354E-010, 2.2026513516902924E-001, 1.1776182242892452E-012, 1.6818460426293314E-004
4,6,3, 3.0000000000000000E+002, 1.2109999656677246E+000, 9.9500000000000000E+001, 1.0830000292116893E-006, 4.3463182449340820E+000, 1.2033333218752773E-009, 4.8759698074718472E-006, 2.0642019808292389E-001, 6.6818990340777873E-009, 1.2716911733150482E-001
4,1,4, 3.0000000000000000E+002, 1.1239999532699585E+000, 9.9000000000000000E+001, 4.5000002137385309E-004, 3.2343618164062500E+003, 9.0000003183376975E-007, 2.7075075195170939E-005, 4.2186935424804688E+002, 4.5127872994044083E-008, 0.0000000000000000E+000
4,2,4, 3.0000000000000000E+002, 1.1309999227523804E+000, 1.0250000000000000E+002, 1.7036329954862595E-003, 6.8205680847167969E+001, 2.8393883440003265E-006, 1.0195471986662596E-005, 4.8843475341796875E+001, 1.2448720276836411E-008, 1.6677551269531250E+000
4,3,4, 3.0000000000000000E+002, 1.1380000114440918E+000, 1.0600000000000000E+002, 0.0000000000000000E+000, 0.0000000000000000E+000, 0.0000000000000000E+000, 0.0000000000000000E+000, 0.0000000000000000E+000, 0.0000000000000000E+000, 0.0000000000000000E+000
4,4,4, 3.0000000000000000E+002, 1.1449999809265137E+000, 1.0950000000000000E+002, 6.9999997504055500E-004, 4.9514840625000000E+005, 8.7499995515827322E-007, 6.6733150561049115E-006, 1.8715640625000000E+004, 7.6916570890261937E-009, 3.0436569452285767E-001
4,5,4, 3.0000000000000000E+002, 1.1519999504089355E+000, 1.1300000000000000E+002, 9.9999999392252903E-009, 9.2153493369551143E-007, 1.1111111163086829E-011, 5.5740845272822526E-010, 1.7361344397068024E-001, 9.2901359348418477E-013, 1.6818460426293314E-004
4,6,4, 3.0000000000000000E+002, 1.1589999198913574E+000, 1.1650000000000000E+002, 2.0576999304466881E-006, 4.2326936721801758E+000, 4.1154000207654917E-009, 1.3485012004821328E-006, 7.7641695737838745E-002, 1.8436033810687036E-009, 1.2716911733150482E-001
4,1,5, 3.0000000000000000E+002, 1.0720000267028809E+000, 1.1600000000000000E+002, 7.5000000651925802E-004, 2.1847382812500000E+003, 1.2499999684223440E-006, 5.0676067075983156E-006, 1.3466748046875000E+002, 8.8217113614064147E-009, 0.0000000000000000E+000
4,2,5, 3.0000000000000000E+002, 1.0789999961853027E+000, 1.1950000000000000E+002, 1.3401252217590809E-003, 1.0833648681640625E+003, 1.9144645193591714E-006, 1.3150997801858466E-005, 7.0776191711425781E+001, 1.5967350108780920E-008, 1.6677551269531250E+000
4,3,5, 3.0000000000000000E+002, 1.0860000848770142E+000, 1.2300000000000000E+002, 0.0000000000000000E+000, 0.0000000000000000E+000, 0.0000000000000000E+000, 0.0000000000000000E+000, 0.0000000000000000E+000, 0.0000000000000000E+000, 0.0000000000000000E+000
4,4,5, 3.0000000000000000E+002, 1.0930000543594360E+000, 1.2650000000000000E+002, 1.3999999500811100E-003, 2.3767124861478806E-002, 1.5555555137325427E-006, 1.4012984643248171E-045, 2.6057235109276541E-028, 1.4012984643248171E-045, 3.0436569452285767E-001
4,5,5, 3.0000000000000000E+002, 1.1000000238418579E+000, 1.3000000000000000E+002, 1.0000000116860974E-007, 8.5739793576067314E-006, 2.0000000267028639E-010, 6.1068072820802399E-010, 1.9243302941322327E-001, 1.0178006441124987E-012, 1.6818460426293314E-004
4,6,5, 3.0000000000000000E+002, 1.1069999933242798E+000, 1.3350000000000000E+002, 3.9096298678487074E-006, 0.0000000000000000E+000, 6.5160499218563928E-009, 1.8115241529059745E-009, 6.1038159765303135E-004, 2.4381833357844940E-012, 1.2716911733150482E-001
4,1,6, 3.0000000000000000E+002, 1.0199999809265137E+000, 1.3300000000000000E+002, 1.0500000789761543E-003, 1.4667712402343750E+003, 1.5000001667431206E-006, 9.5753205187065760E-007, 4.1306629180908203E+001, 1.6967089955244319E-009, 0.0000000000000000E+000
4,2,6, 3.0000000000000000E+002, 1.0269999504089355E+000, 1.3650000000000000E+002, 1.0541798546910286E-003, 2.3635121154785156E+002, 1.3177248092688387E-006, 4.5619553930009715E-006, 3.3161998748779297E+001, 5.4570539198550705E-009, 1.6677551269531250E+000
4,3,6, 3.0000000000000000E+002, 1.0340000391006470E+000, 1.4000000000000000E+002, 0.0000000000000000E+000, 0.0000000000000000E+000, 0.0000000000000000E+000, 4.8155006952583790E-003, 1.3546977043151855E+001, 7.1660729190625716E-006, 0.0000000000000000E+000
4,4,6, 3.0000000000000000E+002, 1.0410000085830688E+000, 1.4350000000000000E+002, 0.0000000000000000E+000, 0.0000000000000000E+000, 0.0000000000000000E+000, 3.7338093388825655E-003, 1.0001237500000000E+006, 6.0424131334002595E-006, 3.0436569452285767E-001
4,5,6, 3.0000000000000000E+002, 1.0479999780654907E+000, 1.4700000000000000E+002, 9.9999999747524271E-007, 3.4931110382080078E+001, 1.6666666935449825E-009, 7.2567876152618283E-009, 2.2768461704254150E+000, 1.2094640393367495E-011, 1.6818460426293314E-004
4,6,6, 3.0000000000000000E+002, 1.0549999475479126E+000, 1.5050000000000000E+002, 7.4282966124883387E-006, 8.8498216867446899E-001, 1.0611852729880411E-008, 6.6569163514884622E-009, 2.2771896328777075E-003, 8.9593272037391536E-012, 1.2716911733150482E-001
4,1,7, 3.0000000000000000E+002, 9.6799993515014648E-001, 1.5000000000000000E+002, 1.0500000789761543E-003, 7.8912988281250000E+002, 1.3125001032676664E-006, 1.9522818206496595E-007, 1.2462146759033203E+001, 3.4577943286429047E-010, 0.0000000000000000E+000
4,2,7, 3.0000000000000000E+002, 9.7499996423721313E-001, 1.5350000000000000E+002, 8.2924723392352462E-004, 7.2152046203613281E+001, 9.2138583340783953E-007, 1.9905780845874688E-006, 1.7201749801635742E+001, 2.3666368864638798E-009, 1.6677551269531250E+000
4,3,7, 3.0000000000000000E+002, 9.8199993371963501E-001, 1.5700000000000000E+002, 6.0000002849847078E-004, 4.4762301445007324E+000, 1.2000000424450263E-006, 3.1802898937385513E-014, 3.0464632800430991E-005, 4.1799686283570633E-017, 0.0000000000000000E+000
4,4,7, 3.0000000000000000E+002, 9.8899996280670166E-001, 1.6050000000000000E+002, 2.7999999001622200E-003, 7.1301378309726715E-002, 4.6666664275107905E-006, 1.0662193972166278E-006, 4.3923828125000000E+003, 1.5231704786344835E-009, 3.0436569452285767E-001
4,5,7, 3.0000000000000000E+002, 9.9599993228912354E-001, 1.6400000000000000E+002, 9.9999999600419720E-013, 6.5983334351926715E-009, 1.4285714640047392E-015, 1.2095040347048780E-007, 4.5294322967529297E+000, 1.7604669111381810E-010, 1.6818460426293314E-004
4,6,7, 3.0000000000000000E+002, 1.0029999017715454E+000, 1.6750000000000000E+002, 1.4113764336798340E-005, 4.1895312070846558E-001, 1.7642205918377840E-008, 7.6857610553648925E-011, 1.4667486539110541E-004, 1.0230528989067789E-013, 1.2716911733150482E-001
4,1,8, 3.0000000000000000E+002, 9.1599994897842407E-001, 1.6700000000000000E+002, 7.5000000651925802E-004, 3.2973101806640625E+002, 8.3333333122936892E-007, 4.6534413655763274E-008, 3.8941695690155029E+000, 8.2009406210392655E-011, 0.0000000000000000E+000
4,2,8, 3.0000000000000000E+002, 9.2299997806549072E-001, 1.7050000000000000E+002, 6.5230892505496740E-004, 5.3404396057128906E+001, 1.3046178537479136E-006, 1.3136130974089610E-006, 1.2823767662048340E+001, 1.5564467492623635E-009, 1.6677551269531250E+000
4,3,8, 3.0000000000000000E+002, 9.2999994754791260E-001, 1.7400000000000000E+002, 9.0000004274770617E-004, 2.1523575782775879E+000, 1.5000000530562829E-006, 2.8596068045779757E-018, 2.5519670998619404E-007, 3.6760875774136885E-021, 0.0000000000000000E+000
4,4,8, 3.0000000000000000E+002, 9.3699997663497925E-001, 1.7750000000000000E+002, 6.9999997504055500E-004, 5.6588387500000000E+005, 9.9999999747524271E-007, 1.7677652067504823E-005, 7.2576335937500000E+004, 2.5253786617440710E-008, 3.0436569452285767E-001
4,5,8, 3.0000000000000000E+002, 9.4399994611740112E-001, 1.8100000000000000E+002, 9.9999999600419720E-012, 7.9123880780684885E-009, 1.2499999780645876E-014, 3.4206895649369073E-010, 5.4652228951454163E-002, 4.8866970582886471E-013, 1.6818460426293314E-004
4,6,8, 3.0000000000000000E+002, 9.5099997520446777E-001, 1.8450000000000000E+002, 2.6816151148523204E-005, 2.0148178935050964E-001, 2.9795723222036941E-008, 1.1639119572651180E-012, 9.1663587227230892E-006, 1.5379733924391573E-015, 1.2716911733150482E-001
4,1,9, 3.0000000000000000E+002, 8.6399996280670166E-001, 1.8400000000000000E+002, 4.5000002137385309E-004, 2.4668550109863281E+002, 9.0000003183376975E-007, 1.6267389213453498E-008, 1.6440098285675049E+000, 2.8558932996247677E-011, 0.0000000000000000E+000
4,2,9, 3.0000000000000000E+002, 8.7099999189376831E-001, 1.8750000000000000E+002, 5.1312439609318972E-004, 2.0543155670166016E+001, 8.5520730408461532E-007, 4.5604417664435459E-007, 5.0198626518249512E+000, 5.3812976297251680E-010, 1.6677551269531250E+000
4,3,9, 3.0000000000000000E+002, 8.7799996137619019E-001, 1.9100000000000000E+002, 1.2000000569969416E-003, 1.1931642293930054E+000, 1.7142857586804894E-006, 1.1348038014110548E-022, 1.4007016657657800E-009, 1.4358316180912162E-025, 0.0000000000000000E+000
4,4,9, 3.0000000000000000E+002, 8.8499999046325684E-001, 1.9450000000000000E+002, 0.0000000000000000E+000, 0.0000000000000000E+000, 0.0000000000000000E+000, 4.9183317460119724E-003, 2.0978942500000000E+006, 7.9745032053324394E-006, 3.0436569452285767E-001
4,5,9, 3.0000000000000000E+002, 8.9199995994567871E-001, 1.9800000000000000E+002, 1.0000000133514320E-010, 2.1501891822595098E-008, 1.1111111217296937E-013, 2.4377028173816484E-010, 3.8909722119569778E-002, 3.4824308150702143E-013, 1.6818460426293314E-004
4,6,9, 3.0000000000000000E+002, 8.9899998903274536E-001, 2.0150000000000000E+002, 5.0950686272699386E-005, 1.9621449708938599E-001, 1.0190137089693962E-007, 1.1410906670516335E-013, 1.2594292684298125E-006, 1.5067613665333592E-016, 1.2716911733150482E-001
4,1,10, 3.0000000000000000E+002, 8.1199997663497925E-001, 2.0100000000000000E+002, 1.5000000712461770E-004, 4.9408588409423828E+001, 2.4999999936881068E-007, 2.4524254849112026E-010, 7.3136202991008759E-002, 4.0873736144829420E-013, 0.0000000000000000E+000
4,2,10, 3.0000000000000000E+002, 8.1900000572204590E-001, 2.0450000000000000E+002, 4.0363799780607224E-004, 3.2630325317382812E+002, 5.7662572316985461E-007, 3.8386673395507387E-007, 4.4664077758789062E+000, 4.5217407595998793E-010, 1.6677551269531250E+000
4,3,10, 3.0000000000000000E+002, 8.2599997520446777E-001, 2.0800000000000000E+002, 1.5000000130385160E-003, 7.2887927293777466E-001, 1.8750000663203537E-006, 1.1699415818290031E-027, 3.4837955003447219E-012, 1.4624303589484024E-030, 0.0000000000000000E+000
4,4,10, 3.0000000000000000E+002, 8.3300000429153442E-001, 2.1150000000000000E+002, 2.0999999251216650E-003, 1.3203957500000000E+006, 2.3333332137553953E-006, 1.3086681428831071E-004, 1.6824371875000000E+005, 2.1445102049710840E-007, 3.0436569452285767E-001
4,5,10, 3.0000000000000000E+002, 8.3999997377395630E-001, 2.1500000000000000E+002, 9.9999997171806854E-010, 1.6587628692832368E-007, 1.9999999920083944E-012, 2.5358282140786059E-010, 4.0946282446384430E-002, 3.6226097534057533E-013, 1.6818460426293314E-004
4,6,10, 3.0000000000000000E+002, 8.4700000286102295E-001, 2.1850000000000000E+002, 9.6806295914575458E-005, 0.0000000000000000E+000, 1.6134382008203829E-007, 4.2202597458927662E-023, 1.2979338090413073E-011, 5.3604596112892508E-026, 1.2716911733150482E-001
4,1,11, 3.0000000000000000E+002, 7.5999999046325684E-001, 2.1800000000000000E+002, 0.0000000000000000E+000, 0.0000000000000000E+000, 0.0000000000000000E+000, 0.0000000000000000E+000, 0.0000000000000000E+000, 0.0000000000000000E+000, 0.0000000000000000E+000
4,2,11, 3.0000000000000000E+002, 7.6700001955032349E-001, 2.2150000000000000E+002, 3.1751289498060942E-004, 7.1187622070312500E+001, 3.9689112441010366E-007, 7.7867170489298587E-009, 2.1735851466655731E-001, 8.8356049907090117E-012, 1.6677551269531250E+000
4,3,11, 3.0000000000000000E+002, 7.7399998903274536E-001, 2.2500000000000000E+002, 0.0000000000000000E+000, 0.0000000000000000E+000, 0.0000000000000000E+000, 0.0000000000000000E+000, 0.0000000000000000E+000, 0.0000000000000000E+000, 0.0000000000000000E+000
4,4,11, 3.0000000000000000E+002, 7.8100001811981201E-001, 2.2850000000000000E+002, 2.7999999001622200E-003, 8.5561655461788177E-002, 5.5999998949118890E-006, 1.8365489223377842E-026, 3.8982424737212321E-014, 3.6730854416867265E-029, 3.0436569452285767E-001
4,5,11, 3.0000000000000000E+002, 7.8799998760223389E-001, 2.3200000000000000E+002, 9.9999999392252903E-009, 7.1449829874836723E-007, 1.6666666310949374E-011, 1.9061810463405493E-010, 3.0633628368377686E-002, 2.7231144314292244E-013, 1.6818460426293314E-004
4,6,11, 3.0000000000000000E+002, 7.9500001668930054E-001, 2.3550000000000000E+002, 1.8393197387922555E-004, 4.1025016456842422E-002, 2.6275995423929999E-007, 1.4454375674733311E-023, 4.3932132237634036E-012, 1.8359551196173307E-026, 1.2716911733150482E-001
4,1,12, 3.0000000000000000E+002, 7.0799994468688965E-001, 2.3500000000000000E+002, 0.0000000000000000E+000, 0.0000000000000000E+000, 0.0000000000000000E+000, 0.0000000000000000E+000, 0.0000000000000000E+000, 0.0000000000000000E+000, 0.0000000000000000E+000
4,2,12, 3.0000000000000000E+002, 7.1499997377395630E-001, 2.3850000000000000E+002, 2.4976450367830694E-004, 2.1731782913208008E+001, 2.7751610787163372E-007, 9.9428812405655265E-011, 7.9373437911272049E-003, 1.1047658285152223E-013, 1.6677551269531250E+000
4,3,12, 3.0000000000000000E+002, 7.2199994325637817E-001, 2.4200000000000000E+002, 0.0000000000000000E+000, 0.0000000000000000E+000, 0.0000000000000000E+000, 0.0000000000000000E+000, 0.0000000000000000E+000, 0.0000000000000000E+000, 0.0000000000000000E+000
4,4,12, 3.0000000000000000E+002, 7.2899997234344482E-001, 2.4550000000000000E+002, 0.0000000000000000E+000, 0.0000000000000000E+000, 0.0000000000000000E+000, 0.0000000000000000E+000, 0.0000000000000000E+000, 0.0000000000000000E+000, 3.0436569452285767E-001
4,5,12, 3.0000000000000000E+002, 7.3599994182586670E-001, 2.4900000000000000E+002, 1.0000000116860974E-007, 2.9940950870513916E+000, 1.4285714278194916E-010, 2.2701109880784998E-009, 3.6354765295982361E-001, 3.2430139303152306E-012, 1.6818460426293314E-004
4,6,12, 3.0000000000000000E+002, 7.4299997091293335E-001, 2.5250000000000000E+002, 3.4947076346725225E-004, 1.9421365112066269E-002, 4.3683846229214396E-007, 2.8402852864384751E-032, 1.1640576594257817E-016, 3.5503393314953792E-035, 1.2716911733150482E-001
