case,repetition,dt_s,rho_kg_m3,pressure_pa,exner,temperature_k,rain_diameter_m,ice_diameter_m,theta_before_k,qv_before,qr_before,qnr_before_per_kg,qi_before,qni_before_per_kg,qg_before,qng_before_per_kg,qvolg_before_m3_per_kg,theta_after_k,qv_after,qr_after,qnr_after_per_kg,qi_after,qni_after_per_kg,qg_after,qng_after_per_kg,qvolg_after_m3_per_kg,qc_after,qs_after,qh_after
0,0, 1.0000000149011612E-001, 1.2200000286102295E+000, 9.6000000000000000E+004, 9.8839694261550903E-001, 2.6500000000000000E+002, 5.0000002374872565E-004, 9.9999997473787516E-005, 2.6811090087890625E+002, 2.1416782401502132E-003, 0.0000000000000000E+000, 0.0000000000000000E+000, 1.9999999494757503E-005, 6.9724460937500000E+004, 0.0000000000000000E+000, 0.0000000000000000E+000, 0.0000000000000000E+000, 2.6811090087890625E+002, 2.1416782401502132E-003, 0.0000000000000000E+000, 0.0000000000000000E+000, 1.9999999494757503E-005, 6.9724460937500000E+004, 0.0000000000000000E+000, 0.0000000000000000E+000, 0.0000000000000000E+000, 0.0000000000000000E+000, 0.0000000000000000E+000, 0.0000000000000000E+000
1,0, 1.0000000149011612E-001, 1.2220000028610229E+000, 9.5650000000000000E+004, 9.8736542463302612E-001, 2.6500000000000000E+002, 5.0000002374872565E-004, 9.9999997473787516E-005, 2.6839099121093750E+002, 2.1495150867849588E-003, 5.0000002374872565E-004, 7.6394350585937500E+003, 0.0000000000000000E+000, 0.0000000000000000E+000, 0.0000000000000000E+000, 0.0000000000000000E+000, 0.0000000000000000E+000, 2.6839099121093750E+002, 2.1495150867849588E-003, 5.0000002374872565E-004, 7.6394350585937500E+003, 0.0000000000000000E+000, 0.0000000000000000E+000, 0.0000000000000000E+000, 0.0000000000000000E+000, 0.0000000000000000E+000, 0.0000000000000000E+000, 0.0000000000000000E+000, 0.0000000000000000E+000
2,0, 1.0000000149011612E-001, 1.2239999771118164E+000, 9.5300000000000000E+004, 9.8633110523223877E-001, 2.6500000000000000E+002, 7.9999997979030013E-005, 9.9999997473787516E-005, 2.6867245483398438E+002, 2.1574094425886869E-003, 5.0000002374872565E-004, 1.8650972500000000E+006, 1.9999999494757503E-005, 6.9724460937500000E+004, 0.0000000000000000E+000, 0.0000000000000000E+000, 0.0000000000000000E+000, 2.6867245483398438E+002, 2.1574094425886869E-003, 4.9999495968222618E-004, 1.8650776250000000E+006, 1.9999999494757503E-005, 6.9724460937500000E+004, 5.0415494001754269E-009, 4.8999381065368652E-001, 5.6017217774095851E-012, 0.0000000000000000E+000, 0.0000000000000000E+000, 0.0000000000000000E+000
3,0, 1.0000000149011612E-001, 1.2260000705718994E+000, 9.4950000000000000E+004, 9.8529410362243652E-001, 2.6500000000000000E+002, 5.0000002374872565E-004, 7.9999999798019417E-006, 2.6895523071289062E+002, 2.1653620060533285E-003, 5.0000002374872565E-004, 7.6394350585937500E+003, 1.9999999494757503E-005, 1.1023156000000000E+008, 0.0000000000000000E+000, 0.0000000000000000E+000, 0.0000000000000000E+000, 2.6895523071289062E+002, 2.1653620060533285E-003, 5.0000002374872565E-004, 7.6394355468750000E+003, 1.9999290088890120E-005, 2.9068736000000000E+007, 7.0864458745489856E-010, 1.3189581371531034E-011, 7.8738285422957910E-013, 0.0000000000000000E+000, 0.0000000000000000E+000, 0.0000000000000000E+000
4,0, 1.0000000149011612E-001, 1.2280000448226929E+000, 9.4600000000000000E+004, 9.8425436019897461E-001, 2.7100000000000000E+002, 3.0000001424923539E-004, 3.9999998989515007E-005, 2.7533532714843750E+002, 3.4301767591387033E-003, 5.0000002374872565E-004, 3.5367761718750000E+004, 1.9999999494757503E-005, 1.0090168750000000E+006, 0.0000000000000000E+000, 0.0000000000000000E+000, 0.0000000000000000E+000, 2.7533612060546875E+002, 3.4301767591387033E-003, 4.9761822447180748E-004, 3.5367761718750000E+004, 1.9999999494757503E-005, 1.0089809375000000E+006, 2.3817865439923480E-006, 0.0000000000000000E+000, 2.6464297420147886E-009, 0.0000000000000000E+000, 0.0000000000000000E+000, 0.0000000000000000E+000
5,0, 1.0000000149011612E-001, 1.2300000190734863E+000, 9.4250000000000000E+004, 9.8321193456649780E-001, 2.6900000000000000E+002, 3.0000001424923539E-004, 3.9999998989515007E-005, 2.7359310913085938E+002, 2.9648246709257364E-003, 5.0000002374872565E-004, 3.5367761718750000E+004, 1.9999999494757503E-005, 1.0090168750000000E+006, 0.0000000000000000E+000, 0.0000000000000000E+000, 0.0000000000000000E+000, 2.7359393310546875E+002, 2.9648246709257364E-003, 4.9746350850909948E-004, 3.5358597656250000E+004, 1.9999999494757503E-005, 1.0089808750000000E+006, 2.5364904558955459E-006, 9.1652421951293945E+000, 2.8183226863376376E-009, 0.0000000000000000E+000, 0.0000000000000000E+000, 0.0000000000000000E+000
6,0, 1.0000000149011612E-001, 1.2319999933242798E+000, 9.3900000000000000E+004, 9.8216664791107178E-001, 2.6700000000000000E+002, 5.0000002374872565E-004, 7.9999997979030013E-005, 2.7184796142578125E+002, 2.5560175999999046E-003, 5.0000002374872565E-004, 7.6394350585937500E+003, 1.9999999494757503E-005, 1.3366079687500000E+005, 0.0000000000000000E+000, 0.0000000000000000E+000, 0.0000000000000000E+000, 2.7184906005859375E+002, 2.5560175999999046E-003, 4.9664248945191503E-004, 7.6355629882812500E+003, 1.9999284631921910E-005, 1.3365601562500000E+005, 3.3582659852982033E-006, 3.8720953464508057E+000, 3.7314071832383888E-009, 0.0000000000000000E+000, 0.0000000000000000E+000, 0.0000000000000000E+000
7,0, 1.0000000149011612E-001, 1.2340000867843628E+000, 9.3550000000000000E+004, 9.8111861944198608E-001, 2.6300000000000000E+002, 7.9999997979030013E-004, 1.5000000712461770E-004, 2.6806137084960938E+002, 1.8775619100779295E-003, 5.0000002374872565E-004, 1.8650970458984375E+003, 1.9999999494757503E-005, 2.1372230468750000E+004, 0.0000000000000000E+000, 0.0000000000000000E+000, 0.0000000000000000E+000, 2.6806204223632812E+002, 1.8775619100779295E-003, 4.9792183563113213E-004, 1.8643472900390625E+003, 1.9999280993943103E-005, 2.1371462890625000E+004, 2.0788845631614095E-006, 7.4980473518371582E-001, 2.3098718493486103E-009, 0.0000000000000000E+000, 0.0000000000000000E+000, 0.0000000000000000E+000
8,0, 1.0000000149011612E-001, 1.2360000610351562E+000, 9.3200000000000000E+004, 9.8006778955459595E-001, 2.5800000000000000E+002, 1.2000000569969416E-003, 2.5000001187436283E-004, 2.6324710083007812E+002, 1.2556428555399179E-003, 1.0000000474974513E-003, 1.1052425537109375E+003, 4.9999998736893758E-005, 1.2045140625000000E+004, 0.0000000000000000E+000, 0.0000000000000000E+000, 0.0000000000000000E+000, 2.6324905395507812E+002, 1.2556428555399179E-003, 9.9365343339741230E-004, 1.1044614257812500E+003, 4.9996389861917123E-005, 1.2044271484375000E+004, 6.3501861404802185E-006, 7.8113341331481934E-001, 7.0557617526390004E-009, 0.0000000000000000E+000, 0.0000000000000000E+000, 0.0000000000000000E+000
9,0, 1.0000000149011612E-001, 1.2380000352859497E+000, 9.2850000000000000E+004, 9.7901415824890137E-001, 2.4800000000000000E+002, 2.0000000949949026E-003, 5.0000002374872565E-004, 2.5331605529785156E+002, 5.2826094906777143E-004, 2.0000000949949026E-003, 4.7746469116210938E+002, 9.9999997473787516E-005, 3.1911520996093750E+003, 0.0000000000000000E+000, 0.0000000000000000E+000, 0.0000000000000000E+000, 2.5332023620605469E+002, 5.2826094906777143E-004, 1.9851319957524538E-003, 4.7705545043945312E+002, 9.9985612905584276E-005, 9.9985605468750000E+003, 1.4882498362567276E-005, 4.0925222635269165E-001, 1.6536109370690610E-008, 0.0000000000000000E+000, 0.0000000000000000E+000, 0.0000000000000000E+000
10,0, 1.0000000149011612E-001, 1.2400000095367432E+000, 9.2500000000000000E+004, 9.7795766592025757E-001, 2.4000000000000000E+002, 4.0000001899898052E-003, 1.0000000474974513E-003, 2.4540939331054688E+002, 2.4872989160940051E-004, 2.0000000949949026E-003, 5.9683086395263672E+001, 1.9999999494757503E-004, 8.4544061279296875E+002, 0.0000000000000000E+000, 0.0000000000000000E+000, 0.0000000000000000E+000, 2.4544783020019531E+002, 2.4872989160940051E-004, 1.8519369186833501E-003, 1.8707353210449219E+002, 1.9997126946691424E-004, 1.9997126953125000E+004, 1.4809191634412855E-004, 1.5544619560241699E+000, 1.6454659146347694E-007, 0.0000000000000000E+000, 0.0000000000000000E+000, 0.0000000000000000E+000
11,0, 1.0000000149011612E-001, 1.2419999837875366E+000, 9.2150000000000000E+004, 9.7689831256866455E-001, 2.6500000000000000E+002, 1.1999999696854502E-004, 3.9999998989515007E-005, 2.7126672363281250E+002, 2.2311569191515446E-003, 4.9999998882412910E-003, 5.5262130000000000E+006, 2.0000000949949026E-003, 1.0090169600000000E+008, 0.0000000000000000E+000, 0.0000000000000000E+000, 0.0000000000000000E+000, 2.7131213378906250E+002, 2.2311569191515446E-003, 4.8592891544103622E-003, 5.5228600000000000E+006, 1.9992473535239697E-003, 1.0086372000000000E+008, 1.4146366447675973E-004, 3.3531901855468750E+003, 1.5718184442903294E-007, 0.0000000000000000E+000, 0.0000000000000000E+000, 0.0000000000000000E+000
0,1, 1.0000000000000000E+000, 1.0900000333786011E+000, 8.8000000000000000E+004, 9.6411269903182983E-001, 2.6500000000000000E+002, 5.0000002374872565E-004, 9.9999997473787516E-005, 2.7486413574218750E+002, 2.3363763466477394E-003, 0.0000000000000000E+000, 0.0000000000000000E+000, 1.9999999494757503E-005, 6.9724460937500000E+004, 0.0000000000000000E+000, 0.0000000000000000E+000, 0.0000000000000000E+000, 2.7486413574218750E+002, 2.3363763466477394E-003, 0.0000000000000000E+000, 0.0000000000000000E+000, 1.9999999494757503E-005, 6.9724460937500000E+004, 0.0000000000000000E+000, 0.0000000000000000E+000, 0.0000000000000000E+000, 0.0000000000000000E+000, 0.0000000000000000E+000, 0.0000000000000000E+000
1,1, 1.0000000000000000E+000, 1.0920000076293945E+000, 8.7650000000000000E+004, 9.6301484107971191E-001, 2.6500000000000000E+002, 5.0000002374872565E-004, 9.9999997473787516E-005, 2.7517749023437500E+002, 2.3457056377083063E-003, 5.0000002374872565E-004, 7.6394350585937500E+003, 0.0000000000000000E+000, 0.0000000000000000E+000, 0.0000000000000000E+000, 0.0000000000000000E+000, 0.0000000000000000E+000, 2.7517749023437500E+002, 2.3457056377083063E-003, 5.0000002374872565E-004, 7.6394345703125000E+003, 0.0000000000000000E+000, 0.0000000000000000E+000, 0.0000000000000000E+000, 0.0000000000000000E+000, 0.0000000000000000E+000, 0.0000000000000000E+000, 0.0000000000000000E+000, 0.0000000000000000E+000
2,1, 1.0000000000000000E+000, 1.0939999818801880E+000, 8.7300000000000000E+004, 9.6191388368606567E-001, 2.6500000000000000E+002, 7.9999997979030013E-005, 9.9999997473787516E-005, 2.7549243164062500E+002, 2.3551101330667734E-003, 5.0000002374872565E-004, 1.8650972500000000E+006, 1.9999999494757503E-005, 6.9724460937500000E+004, 0.0000000000000000E+000, 0.0000000000000000E+000, 0.0000000000000000E+000, 2.7549246215820312E+002, 2.3551101330667734E-003, 4.9995235167443752E-004, 1.8649186250000000E+006, 1.9999999494757503E-005, 6.9724460937500000E+004, 4.7663075264381405E-008, 4.6324267387390137E+000, 5.2958970542249517E-011, 0.0000000000000000E+000, 0.0000000000000000E+000, 0.0000000000000000E+000
3,1, 1.0000000000000000E+000, 1.0960000753402710E+000, 8.6950000000000000E+004, 9.6080970764160156E-001, 2.6500000000000000E+002, 5.0000002374872565E-004, 7.9999999798019417E-006, 2.7580905151367188E+002, 2.3645900655537844E-003, 5.0000002374872565E-004, 7.6394350585937500E+003, 1.9999999494757503E-005, 1.1023156000000000E+008, 0.0000000000000000E+000, 0.0000000000000000E+000, 0.0000000000000000E+000, 2.7580905151367188E+002, 2.3645900655537844E-003, 5.0000002374872565E-004, 7.6394350585937500E+003, 1.9993663954664953E-005, 2.9060558000000000E+007, 6.3350276136020511E-009, 1.2470705024192341E-010, 7.0389193605746581E-012, 0.0000000000000000E+000, 0.0000000000000000E+000, 0.0000000000000000E+000
4,1, 1.0000000000000000E+000, 1.0980000495910645E+000, 8.6600000000000000E+004, 9.5970243215560913E-001, 2.7100000000000000E+002, 3.0000001424923539E-004, 3.9999998989515007E-005, 2.8237918090820312E+002, 3.7470520474016666E-003, 5.0000002374872565E-004, 3.5367761718750000E+004, 1.9999999494757503E-005, 1.0090168750000000E+006, 0.0000000000000000E+000, 0.0000000000000000E+000, 0.0000000000000000E+000, 2.8238745117187500E+002, 3.7470520474016666E-003, 4.7580600949004292E-004, 3.5367761718750000E+004, 1.9999999494757503E-005, 1.0086957500000000E+006, 2.4194005163735710E-005, 0.0000000000000000E+000, 2.6882226222824102E-008, 0.0000000000000000E+000, 0.0000000000000000E+000, 0.0000000000000000E+000
5,1, 1.0000000000000000E+000, 1.1000000238418579E+000, 8.6250000000000000E+004, 9.5859193801879883E-001, 2.6900000000000000E+002, 3.0000001424923539E-004, 3.9999998989515007E-005, 2.8061993408203125E+002, 3.2398225739598274E-003, 5.0000002374872565E-004, 3.5367761718750000E+004, 1.9999999494757503E-005, 1.0090168750000000E+006, 0.0000000000000000E+000, 0.0000000000000000E+000, 0.0000000000000000E+000, 2.8062802124023438E+002, 3.2398225739598274E-003, 4.7601296682842076E-004, 3.5281089843750000E+004, 1.9999999494757503E-005, 1.0086950625000000E+006, 2.3987060558283702E-005, 8.6673782348632812E+001, 2.6652289264461615E-008, 0.0000000000000000E+000, 0.0000000000000000E+000, 0.0000000000000000E+000
6,1, 1.0000000000000000E+000, 1.1019999980926514E+000, 8.5900000000000000E+004, 9.5747816562652588E-001, 2.6700000000000000E+002, 5.0000002374872565E-004, 7.9999997979030013E-005, 2.7885754394531250E+002, 2.7940634172409773E-003, 5.0000002374872565E-004, 7.6394350585937500E+003, 1.9999999494757503E-005, 1.3366079687500000E+005, 0.0000000000000000E+000, 0.0000000000000000E+000, 0.0000000000000000E+000, 2.7886813354492188E+002, 2.7940634172409773E-003, 4.6824532910250127E-004, 7.6028139648437500E+003, 1.9993598471046425E-005, 1.3361803125000000E+005, 3.1761101126903668E-005, 3.6621109008789062E+001, 3.5290110389496476E-008, 0.0000000000000000E+000, 0.0000000000000000E+000, 0.0000000000000000E+000
7,1, 1.0000000000000000E+000, 1.1040000915527344E+000, 8.5550000000000000E+004, 9.5636117458343506E-001, 2.6300000000000000E+002, 7.9999997979030013E-004, 1.5000000712461770E-004, 2.7500070190429688E+002, 2.0531378686428070E-003, 5.0000002374872565E-004, 1.8650970458984375E+003, 1.9999999494757503E-005, 2.1372230468750000E+004, 0.0000000000000000E+000, 0.0000000000000000E+000, 0.0000000000000000E+000, 2.7500708007812500E+002, 2.0531378686428070E-003, 4.8034347128123045E-004, 1.8580051269531250E+003, 1.9993569367215969E-005, 2.1365359375000000E+004, 1.9662973500089720E-005, 7.0921049118041992E+000, 2.1847748499226327E-008, 0.0000000000000000E+000, 0.0000000000000000E+000, 0.0000000000000000E+000
8,1, 1.0000000000000000E+000, 1.1060000658035278E+000, 8.5200000000000000E+004, 9.5524096488952637E-001, 2.5800000000000000E+002, 1.2000000569969416E-003, 2.5000001187436283E-004, 2.7008892822265625E+002, 1.3735436368733644E-003, 1.0000000474974513E-003, 1.1052425537109375E+003, 4.9999998736893758E-005, 1.2045140625000000E+004, 0.0000000000000000E+000, 0.0000000000000000E+000, 0.0000000000000000E+000, 2.7010848999023438E+002, 1.3735436368733644E-003, 9.3758525326848030E-004, 1.0975605468750000E+003, 4.9967708037002012E-005, 1.2037362304687500E+004, 6.2447084928862751E-005, 7.6819791793823242E+000, 6.9385642120778357E-008, 0.0000000000000000E+000, 0.0000000000000000E+000, 0.0000000000000000E+000
9,1, 1.0000000000000000E+000, 1.1080000400543213E+000, 8.4850000000000000E+004, 9.5411741733551025E-001, 2.4800000000000000E+002, 2.0000000949949026E-003, 5.0000002374872565E-004, 2.5992608642578125E+002, 5.7806749828159809E-004, 2.0000000949949026E-003, 4.7746469116210938E+002, 9.9999997473787516E-005, 3.1911520996093750E+003, 0.0000000000000000E+000, 0.0000000000000000E+000, 0.0000000000000000E+000, 2.5996896362304688E+002, 5.7806749828159809E-004, 1.8512327224016190E-003, 4.7032159423828125E+002, 9.9871234851889312E-005, 9.9871240234375000E+003, 1.4889614249113947E-004, 7.1431188583374023E+000, 1.6544014158625941E-007, 0.0000000000000000E+000, 0.0000000000000000E+000, 0.0000000000000000E+000
10,1, 1.0000000000000000E+000, 1.1100000143051147E+000, 8.4500000000000000E+004, 9.5299053192138672E-001, 2.4000000000000000E+002, 4.0000001899898052E-003, 1.0000000474974513E-003, 2.5183880615234375E+002, 2.7227826649323106E-004, 2.0000000949949026E-003, 5.9683086395263672E+001, 1.9999999494757503E-004, 8.4544061279296875E+002, 0.0000000000000000E+000, 0.0000000000000000E+000, 0.0000000000000000E+000, 2.5189207458496094E+002, 2.7227826649323106E-004, 1.8000000854954123E-003, 1.7392077636718750E+002, 1.9974281894974411E-004, 1.9974283203125000E+004, 2.0025718549732119E-004, 1.4707228660583496E+001, 2.2250797826472990E-007, 0.0000000000000000E+000, 0.0000000000000000E+000, 0.0000000000000000E+000
11,1, 1.0000000000000000E+000, 1.1119999885559082E+000, 8.4150000000000000E+004, 9.5186036825180054E-001, 2.6500000000000000E+002, 1.1999999696854502E-004, 3.9999998989515007E-005, 2.7840219116210938E+002, 2.4432693608105183E-003, 4.9999998882412910E-003, 5.5262130000000000E+006, 2.0000000949949026E-003, 1.0090169600000000E+008, 0.0000000000000000E+000, 0.0000000000000000E+000, 0.0000000000000000E+000, 2.7856774902343750E+002, 2.4432693608105183E-003, 4.4999998062849045E-003, 5.4944850000000000E+006, 1.9932598806917667E-003, 1.0056164800000000E+008, 5.0674023805186152E-004, 3.1728527343750000E+004, 5.6304469353563036E-007, 0.0000000000000000E+000, 0.0000000000000000E+000, 0.0000000000000000E+000
0,2, 1.0000000000000000E+001, 9.6000003814697266E-001, 8.0000000000000000E+004, 9.3819642066955566E-001, 2.6500000000000000E+002, 5.0000002374872565E-004, 9.9999997473787516E-005, 2.8245684814453125E+002, 2.5700137484818697E-003, 0.0000000000000000E+000, 0.0000000000000000E+000, 1.9999999494757503E-005, 6.9724460937500000E+004, 0.0000000000000000E+000, 0.0000000000000000E+000, 0.0000000000000000E+000, 2.8245684814453125E+002, 2.5700137484818697E-003, 0.0000000000000000E+000, 0.0000000000000000E+000, 1.9999999494757503E-005, 6.9724460937500000E+004, 0.0000000000000000E+000, 0.0000000000000000E+000, 0.0000000000000000E+000, 0.0000000000000000E+000, 0.0000000000000000E+000, 0.0000000000000000E+000
1,2, 1.0000000000000000E+001, 9.6200001239776611E-001, 7.9650000000000000E+004, 9.3702107667922974E-001, 2.6500000000000000E+002, 5.0000002374872565E-004, 9.9999997473787516E-005, 2.8281112670898438E+002, 2.5813071988523006E-003, 5.0000002374872565E-004, 7.6394350585937500E+003, 0.0000000000000000E+000, 0.0000000000000000E+000, 0.0000000000000000E+000, 0.0000000000000000E+000, 0.0000000000000000E+000, 2.8281112670898438E+002, 2.5813071988523006E-003, 5.0000002374872565E-004, 7.6394350585937500E+003, 0.0000000000000000E+000, 0.0000000000000000E+000, 0.0000000000000000E+000, 0.0000000000000000E+000, 0.0000000000000000E+000, 0.0000000000000000E+000, 0.0000000000000000E+000, 0.0000000000000000E+000
2,2, 1.0000000000000000E+001, 9.6400004625320435E-001, 7.9300000000000000E+004, 9.3584203720092773E-001, 2.6500000000000000E+002, 7.9999997979030013E-005, 9.9999997473787516E-005, 2.8316744995117188E+002, 2.5927000679075718E-003, 5.0000002374872565E-004, 1.8650972500000000E+006, 1.9999999494757503E-005, 6.9724460937500000E+004, 0.0000000000000000E+000, 0.0000000000000000E+000, 0.0000000000000000E+000, 2.8316760253906250E+002, 2.5927000679075718E-003, 4.9955258145928383E-004, 1.8634273750000000E+006, 1.9999999494757503E-005, 6.9724460937500000E+004, 4.4741642568624229E-007, 4.3484893798828125E+001, 4.9712933769541223E-010, 0.0000000000000000E+000, 0.0000000000000000E+000, 0.0000000000000000E+000
3,2, 1.0000000000000000E+001, 9.6600002050399780E-001, 7.8950000000000000E+004, 9.3465930223464966E-001, 2.6500000000000000E+002, 5.0000002374872565E-004, 7.9999999798019417E-006, 2.8352575683593750E+002, 2.6041939854621887E-003, 5.0000002374872565E-004, 7.6394350585937500E+003, 1.9999999494757503E-005, 1.1023156000000000E+008, 0.0000000000000000E+000, 0.0000000000000000E+000, 0.0000000000000000E+000, 2.8352575683593750E+002, 2.6041939854621887E-003, 5.0000002374872565E-004, 7.6394350585937500E+003, 1.9944163796026260E-005, 2.8988608000000000E+007, 5.5836103740602994E-008, 1.1707771419011692E-009, 6.2040116100003928E-011, 0.0000000000000000E+000, 0.0000000000000000E+000, 0.0000000000000000E+000
4,2, 1.0000000000000000E+001, 9.6800005435943604E-001, 7.8600000000000000E+004, 9.3347281217575073E-001, 2.7100000000000000E+002, 3.0000001424923539E-004, 3.9999998989515007E-005, 2.9031375122070312E+002, 4.1284314356744289E-003, 5.0000002374872565E-004, 3.5367761718750000E+004, 1.9999999494757503E-005, 1.0090168750000000E+006, 0.0000000000000000E+000, 0.0000000000000000E+000, 0.0000000000000000E+000, 2.9033132934570312E+002, 4.1284314356744289E-003, 4.5000002137385309E-004, 3.5367761718750000E+004, 1.9999999494757503E-005, 1.0061853125000000E+006, 5.0000002374872565E-005, 0.0000000000000000E+000, 5.5555560152242833E-008, 0.0000000000000000E+000, 0.0000000000000000E+000, 0.0000000000000000E+000
5,2, 1.0000000000000000E+001, 9.7000002861022949E-001, 7.8250000000000000E+004, 9.3228256702423096E-001, 2.6900000000000000E+002, 3.0000001424923539E-004, 3.9999998989515007E-005, 2.8853912353515625E+002, 3.5710507072508335E-003, 5.0000002374872565E-004, 3.5367761718750000E+004, 1.9999999494757503E-005, 1.0090168750000000E+006, 0.0000000000000000E+000, 0.0000000000000000E+000, 0.0000000000000000E+000, 2.8855648803710938E+002, 3.5710507072508335E-003, 4.5000002137385309E-004, 3.4553847656250000E+004, 1.9999999494757503E-005, 1.0061795000000000E+006, 5.0000002374872565E-005, 8.1391156005859375E+002, 5.5555560152242833E-008, 0.0000000000000000E+000, 0.0000000000000000E+000, 0.0000000000000000E+000
6,2, 1.0000000000000000E+001, 9.7200006246566772E-001, 7.7900000000000000E+004, 9.3108844757080078E-001, 2.6700000000000000E+002, 5.0000002374872565E-004, 7.9999997979030013E-005, 2.8676116943359375E+002, 3.0810018070042133E-003, 5.0000002374872565E-004, 7.6394350585937500E+003, 1.9999999494757503E-005, 1.3366079687500000E+005, 0.0000000000000000E+000, 0.0000000000000000E+000, 0.0000000000000000E+000, 2.8677832031250000E+002, 3.0810018070042133E-003, 4.5000002137385309E-004, 7.2955019531250000E+003, 1.9943532606703229E-005, 1.3328342187500000E+005, 5.0056471081916243E-005, 3.4393301391601562E+002, 5.5618293970383093E-008, 0.0000000000000000E+000, 0.0000000000000000E+000, 0.0000000000000000E+000
7,2, 1.0000000000000000E+001, 9.7400003671646118E-001, 7.7550000000000000E+004, 9.2989057302474976E-001, 2.6300000000000000E+002, 7.9999997979030013E-004, 1.5000000712461770E-004, 2.8282897949218750E+002, 2.2649376187473536E-003, 5.0000002374872565E-004, 1.8650970458984375E+003, 1.9999999494757503E-005, 2.1372230468750000E+004, 0.0000000000000000E+000, 0.0000000000000000E+000, 0.0000000000000000E+000, 2.8284570312500000E+002, 2.2649376187473536E-003, 4.5000002137385309E-004, 1.7984824218750000E+003, 1.9943265215260908E-005, 2.1311603515625000E+004, 5.0056736654369161E-005, 6.6614700317382812E+001, 5.5618599503759469E-008, 0.0000000000000000E+000, 0.0000000000000000E+000, 0.0000000000000000E+000
8,2, 1.0000000000000000E+001, 9.7600001096725464E-001, 7.7200000000000000E+004, 9.2868876457214355E-001, 2.5800000000000000E+002, 1.2000000569969416E-003, 2.5000001187436283E-004, 2.7781103515625000E+002, 1.5158796450123191E-003, 1.0000000474974513E-003, 1.1052425537109375E+003, 4.9999998736893758E-005, 1.2045140625000000E+004, 0.0000000000000000E+000, 0.0000000000000000E+000, 0.0000000000000000E+000, 2.7784326171875000E+002, 1.5158796450123191E-003, 9.0000004274770617E-004, 1.0330786132812500E+003, 4.9715057684807107E-005, 1.1976498046875000E+004, 1.0028494580183178E-004, 7.2163986206054688E+001, 1.1142771683125829E-007, 0.0000000000000000E+000, 0.0000000000000000E+000, 0.0000000000000000E+000
9,2, 1.0000000000000000E+001, 9.7800004482269287E-001, 7.6850000000000000E+004, 9.2748308181762695E-001, 2.4800000000000000E+002, 2.0000000949949026E-003, 5.0000002374872565E-004, 2.6739031982421875E+002, 6.3824368407949805E-004, 2.0000000949949026E-003, 4.7746469116210938E+002, 9.9999997473787516E-005, 3.1911520996093750E+003, 0.0000000000000000E+000, 0.0000000000000000E+000, 0.0000000000000000E+000, 2.6744958496093750E+002, 6.3824368407949805E-004, 1.8000000854954123E-003, 4.2971823120117188E+002, 9.8863434686791152E-005, 9.8863427734375000E+003, 2.0113657228648663E-004, 4.7746467590332031E+001, 2.2348507400238304E-007, 0.0000000000000000E+000, 0.0000000000000000E+000, 0.0000000000000000E+000
10,2, 1.0000000000000000E+001, 9.8000001907348633E-001, 7.6500000000000000E+004, 9.2627346515655518E-001, 2.4000000000000000E+002, 4.0000001899898052E-003, 1.0000000474974513E-003, 2.5910275268554688E+002, 3.0075182439759374E-004, 2.0000000949949026E-003, 5.9683086395263672E+001, 1.9999999494757503E-004, 8.4544061279296875E+002, 0.0000000000000000E+000, 0.0000000000000000E+000, 0.0000000000000000E+000, 2.5915756225585938E+002, 3.0075182439759374E-004, 1.8000000854954123E-003, 1.6976519775390625E+002, 1.9772948871832341E-004, 1.9772949218750000E+004, 2.0227053028065711E-004, 1.8862800598144531E+001, 2.2474502259228757E-007, 0.0000000000000000E+000, 0.0000000000000000E+000, 0.0000000000000000E+000
11,2, 1.0000000000000000E+001, 9.8200005292892456E-001, 7.6150000000000000E+004, 9.2505991458892822E-001, 2.6500000000000000E+002, 1.1999999696854502E-004, 3.9999998989515007E-005, 2.8646792602539062E+002, 2.6999490801244974E-003, 4.9999998882412910E-003, 5.5262130000000000E+006, 2.0000000949949026E-003, 1.0090169600000000E+008, 0.0000000000000000E+000, 0.0000000000000000E+000, 0.0000000000000000E+000, 2.8663827514648438E+002, 2.6999490801244974E-003, 4.4999998062849045E-003, 5.2280505000000000E+006, 1.9404772901907563E-003, 9.7898720000000000E+007, 5.5952282855287194E-004, 7.9156242187500000E+004, 6.2169209513740498E-007, 0.0000000000000000E+000, 0.0000000000000000E+000, 0.0000000000000000E+000
0,3, 6.0000000000000000E+001, 8.3000004291534424E-001, 7.2000000000000000E+004, 9.1035729646682739E-001, 2.6500000000000000E+002, 5.0000002374872565E-004, 9.9999997473787516E-005, 2.9109451293945312E+002, 2.8555709868669510E-003, 0.0000000000000000E+000, 0.0000000000000000E+000, 1.9999999494757503E-005, 6.9724460937500000E+004, 0.0000000000000000E+000, 0.0000000000000000E+000, 0.0000000000000000E+000, 2.9109451293945312E+002, 2.8555709868669510E-003, 0.0000000000000000E+000, 0.0000000000000000E+000, 1.9999999494757503E-005, 6.9724460937500000E+004, 0.0000000000000000E+000, 0.0000000000000000E+000, 0.0000000000000000E+000, 0.0000000000000000E+000, 0.0000000000000000E+000, 0.0000000000000000E+000
1,3, 6.0000000000000000E+001, 8.3200001716613770E-001, 7.1650000000000000E+004, 9.0908986330032349E-001, 2.6500000000000000E+002, 5.0000002374872565E-004, 9.9999997473787516E-005, 2.9150033569335938E+002, 2.8695201035588980E-003, 5.0000002374872565E-004, 7.6394350585937500E+003, 0.0000000000000000E+000, 0.0000000000000000E+000, 0.0000000000000000E+000, 0.0000000000000000E+000, 0.0000000000000000E+000, 2.9150033569335938E+002, 2.8695201035588980E-003, 5.0000002374872565E-004, 7.6394350585937500E+003, 0.0000000000000000E+000, 0.0000000000000000E+000, 0.0000000000000000E+000, 0.0000000000000000E+000, 0.0000000000000000E+000, 0.0000000000000000E+000, 0.0000000000000000E+000, 0.0000000000000000E+000
2,3, 6.0000000000000000E+001, 8.3400005102157593E-001, 7.1300000000000000E+004, 9.0781807899475098E-001, 2.6500000000000000E+002, 7.9999997979030013E-005, 9.9999997473787516E-005, 2.9190869140625000E+002, 2.8836058918386698E-003, 5.0000002374872565E-004, 1.8650972500000000E+006, 1.9999999494757503E-005, 6.9724460937500000E+004, 0.0000000000000000E+000, 0.0000000000000000E+000, 0.0000000000000000E+000, 2.9190954589843750E+002, 2.8836058918386698E-003, 4.9750308971852064E-004, 1.8557823750000000E+006, 1.9999999494757503E-005, 6.9724460937500000E+004, 2.4969372134364676E-006, 2.4268008422851562E+002, 2.7743747299524557E-009, 0.0000000000000000E+000, 0.0000000000000000E+000, 0.0000000000000000E+000
3,3, 6.0000000000000000E+001, 8.3600002527236938E-001, 7.0950000000000000E+004, 9.0654176473617554E-001, 2.6500000000000000E+002, 5.0000002374872565E-004, 7.9999999798019417E-006, 2.9231967163085938E+002, 2.8978309128433466E-003, 5.0000002374872565E-004, 7.6394350585937500E+003, 1.9999999494757503E-005, 1.1023156000000000E+008, 0.0000000000000000E+000, 0.0000000000000000E+000, 0.0000000000000000E+000, 2.9231967163085938E+002, 2.8978309128433466E-003, 5.0000002374872565E-004, 7.6394350585937500E+003, 1.9710067135747522E-005, 2.8648354000000000E+007, 2.8993156320211710E-007, 6.5349170519368727E-009, 3.2214619860582161E-010, 0.0000000000000000E+000, 0.0000000000000000E+000, 0.0000000000000000E+000
4,3, 6.0000000000000000E+001, 8.3800005912780762E-001, 7.0600000000000000E+004, 9.0526098012924194E-001, 2.7100000000000000E+002, 3.0000001424923539E-004, 3.9999998989515007E-005, 2.9936117553710938E+002, 4.5962422154843807E-003, 5.0000002374872565E-004, 3.5367761718750000E+004, 1.9999999494757503E-005, 1.0090168750000000E+006, 0.0000000000000000E+000, 0.0000000000000000E+000, 0.0000000000000000E+000, 2.9937930297851562E+002, 4.5962422154843807E-003, 4.5000002137385309E-004, 3.5367761718750000E+004, 1.9999999494757503E-005, 9.9430925000000000E+005, 5.0000002374872565E-005, 0.0000000000000000E+000, 5.5555560152242833E-008, 0.0000000000000000E+000, 0.0000000000000000E+000, 0.0000000000000000E+000
5,3, 6.0000000000000000E+001, 8.4000003337860107E-001, 7.0250000000000000E+004, 9.0397566556930542E-001, 2.6900000000000000E+002, 3.0000001424923539E-004, 3.9999998989515007E-005, 2.9757437133789062E+002, 3.9777182973921299E-003, 5.0000002374872565E-004, 3.5367761718750000E+004, 1.9999999494757503E-005, 1.0090168750000000E+006, 0.0000000000000000E+000, 0.0000000000000000E+000, 0.0000000000000000E+000, 2.9759228515625000E+002, 3.9777182973921299E-003, 4.5000002137385309E-004, 3.1830986328125000E+004, 1.9999999494757503E-005, 9.9427412500000000E+005, 5.0000002374872565E-005, 3.5367763671875000E+003, 5.5555563704956512E-008, 0.0000000000000000E+000, 0.0000000000000000E+000, 0.0000000000000000E+000
6,3, 6.0000000000000000E+001, 8.4200006723403931E-001, 6.9900000000000000E+004, 9.0268576145172119E-001, 2.6700000000000000E+002, 5.0000002374872565E-004, 7.9999997979030013E-005, 2.9578399658203125E+002, 3.4336200915277004E-003, 5.0000002374872565E-004, 7.6394350585937500E+003, 1.9999999494757503E-005, 1.3366079687500000E+005, 0.0000000000000000E+000, 0.0000000000000000E+000, 0.0000000000000000E+000, 2.9580169677734375E+002, 3.4336200915277004E-003, 4.5000002137385309E-004, 6.8754912109375000E+003, 1.9706511011463590E-005, 1.3169939062500000E+005, 5.0293492677155882E-005, 7.6394354248046875E+002, 5.5881660188106252E-008, 0.0000000000000000E+000, 0.0000000000000000E+000, 0.0000000000000000E+000
7,3, 6.0000000000000000E+001, 8.4400004148483276E-001, 6.9550000000000000E+004, 9.0139120817184448E-001, 2.6300000000000000E+002, 7.9999997979030013E-004, 1.5000000712461770E-004, 2.9177120971679688E+002, 2.5254625361412764E-003, 5.0000002374872565E-004, 1.8650970458984375E+003, 1.9999999494757503E-005, 2.1372230468750000E+004, 0.0000000000000000E+000, 0.0000000000000000E+000, 0.0000000000000000E+000, 2.9178845214843750E+002, 2.5254625361412764E-003, 4.5000002137385309E-004, 1.6785872802734375E+003, 1.9705030354089104E-005, 2.1057023437500000E+004, 5.0294973334530368E-005, 1.8650970458984375E+002, 5.5883297989112179E-008, 0.0000000000000000E+000, 0.0000000000000000E+000, 0.0000000000000000E+000
8,3, 6.0000000000000000E+001, 8.4600001573562622E-001, 6.9200000000000000E+004, 9.0009200572967529E-001, 2.5800000000000000E+002, 1.2000000569969416E-003, 2.5000001187436283E-004, 2.8663735961914062E+002, 1.6911257989704609E-003, 1.0000000474974513E-003, 1.1052425537109375E+003, 4.9999998736893758E-005, 1.2045140625000000E+004, 0.0000000000000000E+000, 0.0000000000000000E+000, 0.0000000000000000E+000, 2.8667062377929688E+002, 1.6911257989704609E-003, 9.0000004274770617E-004, 9.9471826171875000E+002, 4.8518078983761370E-005, 1.1688141601562500E+004, 1.0148192814085633E-004, 1.1052426910400391E+002, 1.1275769651319933E-007, 0.0000000000000000E+000, 0.0000000000000000E+000, 0.0000000000000000E+000
9,3, 6.0000000000000000E+001, 8.4800004959106445E-001, 6.8850000000000000E+004, 8.9878809452056885E-001, 2.4800000000000000E+002, 2.0000000949949026E-003, 5.0000002374872565E-004, 2.7592709350585938E+002, 7.1240420220419765E-004, 2.0000000949949026E-003, 4.7746469116210938E+002, 9.9999997473787516E-005, 3.1911520996093750E+003, 0.0000000000000000E+000, 0.0000000000000000E+000, 0.0000000000000000E+000, 2.7598825073242188E+002, 7.1240420220419765E-004, 1.8000000854954123E-003, 4.2971820068359375E+002, 9.4087066827341914E-005, 9.4087070312500000E+003, 2.0591294742189348E-004, 4.7746471405029297E+001, 2.2879218875004881E-007, 0.0000000000000000E+000, 0.0000000000000000E+000, 0.0000000000000000E+000
10,3, 6.0000000000000000E+001, 8.5000002384185791E-001, 6.8500000000000000E+004, 8.9747947454452515E-001, 2.4000000000000000E+002, 4.0000001899898052E-003, 1.0000000474974513E-003, 2.6741558837890625E+002, 3.3587610232643783E-004, 2.0000000949949026E-003, 5.9683086395263672E+001, 1.9999999494757503E-004, 8.4544061279296875E+002, 0.0000000000000000E+000, 0.0000000000000000E+000, 0.0000000000000000E+000, 2.6747216796875000E+002, 3.3587610232643783E-004, 1.8000000854954123E-003, 1.6976518249511719E+002, 1.8818408716470003E-004, 1.8818408203125000E+004, 2.1181593183428049E-004, 1.8862802505493164E+001, 2.3535102400273900E-007, 0.0000000000000000E+000, 0.0000000000000000E+000, 0.0000000000000000E+000
11,3, 6.0000000000000000E+001, 8.5200005769729614E-001, 6.8150000000000000E+004, 8.9616602659225464E-001, 2.6500000000000000E+002, 1.1999999696854502E-004, 3.9999998989515007E-005, 2.9570413208007812E+002, 3.0168907251209021E-003, 4.9999998882412910E-003, 5.5262130000000000E+006, 2.0000000949949026E-003, 1.0090169600000000E+008, 0.0000000000000000E+000, 0.0000000000000000E+000, 0.0000000000000000E+000, 2.9587997436523438E+002, 3.0168907251209021E-003, 4.4999998062849045E-003, 4.9735920000000000E+006, 1.8000000854954123E-003, 9.0811528000000000E+007, 7.0000003324821591E-004, 9.9029695312500000E+004, 7.7777775686627137E-007, 0.0000000000000000E+000, 0.0000000000000000E+000, 0.0000000000000000E+000
