name,value,bits
tfrz            ,2.731600037E+02,4388947B
hvap            ,2.510400000E+06,4A193900
hsub            ,2.844000000E+06,4A2D9580
hfus            ,3.336000000E+05,48A2E400
cwat            ,4.188000000E+06,4A7F9D80
cice            ,2.094000000E+06,49FF9D80
denh2o          ,1.000000000E+03,447A0000
denice          ,9.170000000E+02,44654000
exp_neg_a_folded,1.831563935E-02,3C960AAE
exp_neg_a_runtim,1.831563935E-02,3C960AAE
one_minus_expnega,9.816843867E-01,3F7B4FAB
expf_fcr_0,1.831563935E-02,3C960AAE
expf_fcr_1,1.860406809E-02,3C98678F
expf_fcr_2,1.889703982E-02,3C9ACDF7
expf_fcr_3,1.919462532E-02,3C9D3E0C
expf_fcr_4,1.949689537E-02,3C9FB7F4
expf_fcr_5,1.980392821E-02,3CA23BD9
expf_fcr_6,2.011579461E-02,3CA4C9E1
expf_fcr_7,2.043257095E-02,3CA76235
expf_fcr_8,2.075433731E-02,3CAA0500
expf_fcr_9,2.108117193E-02,3CACB26C
expf_fcr_10,2.141315117E-02,3CAF6AA2
expf_fcr_11,2.175035886E-02,3CB22DCF
expf_fcr_12,2.209287696E-02,3CB4FC1F
expf_fcr_13,2.244078927E-02,3CB7D5BF
expf_fcr_14,2.279418148E-02,3CBABADD
expf_fcr_15,2.315313742E-02,3CBDABA6
expf_fcr_16,2.351774648E-02,3CC0A84A
expf_fcr_17,2.388809621E-02,3CC3B0F8
expf_fcr_18,2.426427975E-02,3CC6C5E2
expf_fcr_19,2.464638650E-02,3CC9E738
expf_fcr_20,2.503450960E-02,3CCD152C
expf_fcr_21,2.542874590E-02,3CD04FF2
expf_fcr_22,2.582919039E-02,3CD397BD
expf_fcr_23,2.623594180E-02,3CD6ECC2
expf_fcr_24,2.664909698E-02,3CDA4F35
expf_fcr_25,2.706876025E-02,3CDDBF4E
expf_fcr_26,2.749503031E-02,3CE13D42
expf_fcr_27,2.792801335E-02,3CE4C94A
expf_fcr_28,2.836781554E-02,3CE8639F
expf_fcr_29,2.881454490E-02,3CEC0C7B
expf_fcr_30,2.926830761E-02,3CEFC417
expf_fcr_31,2.972921729E-02,3CF38AB0
expf_fcr_32,3.019738384E-02,3CF76081
expf_fcr_33,3.067292273E-02,3CFB45C8
expf_fcr_34,3.115595132E-02,3CFF3AC4
expf_fcr_35,3.164658695E-02,3D019FDA
expf_fcr_36,3.214494884E-02,3D03AA6C
expf_fcr_37,3.265115619E-02,3D05BD38
expf_fcr_38,3.316533566E-02,3D07D860
expf_fcr_39,3.368761390E-02,3D09FC06
expf_fcr_40,3.421811759E-02,3D0C284C
expf_fcr_41,3.475697711E-02,3D0E5D55
expf_fcr_42,3.530431911E-02,3D109B43
expf_fcr_43,3.586028144E-02,3D12E23B
expf_fcr_44,3.642499819E-02,3D153261
expf_fcr_45,3.699860722E-02,3D178BDA
expf_fcr_46,3.758125007E-02,3D19EECC
expf_fcr_47,3.817306831E-02,3D1C5B5D
expf_fcr_48,3.877420723E-02,3D1ED1B4
expf_fcr_49,3.938481212E-02,3D2151F8
expf_fcr_50,4.000503197E-02,3D23DC51
expf_fcr_51,4.063501954E-02,3D2670E8
expf_fcr_52,4.127492756E-02,3D290FE6
expf_fcr_53,4.192491621E-02,3D2BB976
expf_fcr_54,4.258513451E-02,3D2E6DC0
expf_fcr_55,4.325575382E-02,3D312CF2
expf_fcr_56,4.393693432E-02,3D33F737
expf_fcr_57,4.462883994E-02,3D36CCBB
expf_fcr_58,4.533164203E-02,3D39ADAC
expf_fcr_59,4.604551196E-02,3D3C9A38
expf_fcr_60,4.677062109E-02,3D3F928D
expf_fcr_61,4.750715196E-02,3D4296DC
expf_fcr_62,4.825527966E-02,3D45A754
expf_fcr_63,4.901519045E-02,3D48C427
expf_fcr_64,4.978706688E-02,3D4BED86
expf_fcr_65,5.057109892E-02,3D4F23A4
expf_fcr_66,5.136748031E-02,3D5266B5
expf_fcr_67,5.217640102E-02,3D55B6EC
expf_fcr_68,5.299805850E-02,3D59147E
expf_fcr_69,5.383265764E-02,3D5C7FA2
expf_fcr_70,5.468039587E-02,3D5FF88D
expf_fcr_71,5.554148927E-02,3D637F79
expf_fcr_72,5.641613901E-02,3D67149C
expf_fcr_73,5.730456486E-02,3D6AB831
expf_fcr_74,5.820697919E-02,3D6E6A71
expf_fcr_75,5.912360549E-02,3D722B98
expf_fcr_76,6.005466729E-02,3D75FBE2
expf_fcr_77,6.100039184E-02,3D79DB8C
expf_fcr_78,6.196100637E-02,3D7DCAD3
expf_fcr_79,6.293675303E-02,3D80E4FC
expf_fcr_80,6.392785907E-02,3D82EC9C
expf_fcr_81,6.493458152E-02,3D84FC6C
expf_fcr_82,6.595715135E-02,3D87148B
expf_fcr_83,6.699582189E-02,3D89351B
expf_fcr_84,6.805085391E-02,3D8B5E3F
expf_fcr_85,6.912250072E-02,3D8D9019
expf_fcr_86,7.021102309E-02,3D8FCACC
expf_fcr_87,7.131668180E-02,3D920E7B
expf_fcr_88,7.243975997E-02,3D945B4C
expf_fcr_89,7.358051836E-02,3D96B162
expf_fcr_90,7.473924011E-02,3D9910E3
expf_fcr_91,7.591621578E-02,3D9B79F6
expf_fcr_92,7.711172104E-02,3D9DECC0
expf_fcr_93,7.832605392E-02,3DA06969
expf_fcr_94,7.955951244E-02,3DA2F019
expf_fcr_95,8.081238717E-02,3DA580F7
expf_fcr_96,8.208499849E-02,3DA81C2E
expf_fcr_97,8.337765187E-02,3DAAC1E7
expf_fcr_98,8.469065279E-02,3DAD724B
expf_fcr_99,8.602433652E-02,3DB02D87
expf_fcr_100,8.737902343E-02,3DB2F3C6
expf_fcr_101,8.875504881E-02,3DB5C535
expf_fcr_102,9.015273303E-02,3DB8A1FF
expf_fcr_103,9.157243371E-02,3DBB8A54
expf_fcr_104,9.301448613E-02,3DBE7E61
expf_fcr_105,9.447925538E-02,3DC17E57
expf_fcr_106,9.596708417E-02,3DC48A64
expf_fcr_107,9.747834504E-02,3DC7A2BA
expf_fcr_108,9.901341051E-02,3DCAC78B
expf_fcr_109,1.005726457E-01,3DCDF908
expf_fcr_110,1.021564305E-01,3DD13764
expf_fcr_111,1.037651598E-01,3DD482D4
expf_fcr_112,1.053992212E-01,3DD7DB8C
expf_fcr_113,1.070590243E-01,3DDB41C3
expf_fcr_114,1.087449566E-01,3DDEB5AD
expf_fcr_115,1.104574353E-01,3DE23782
expf_fcr_116,1.121968925E-01,3DE5C77C
expf_fcr_117,1.139637381E-01,3DE965D2
expf_fcr_118,1.157584041E-01,3DED12BE
expf_fcr_119,1.175813302E-01,3DF0CE7B
expf_fcr_120,1.194329709E-01,3DF49946
expf_fcr_121,1.213137656E-01,3DF8735A
expf_fcr_122,1.232241765E-01,3DFC5CF5
expf_fcr_123,1.251646727E-01,3E002B2B
expf_fcr_124,1.271357387E-01,3E022FDF
expf_fcr_125,1.291378289E-01,3E043CB5
expf_fcr_126,1.311714500E-01,3E0651CF
expf_fcr_127,1.332371086E-01,3E086F4F
expf_fcr_128,1.353352815E-01,3E0A9555
expf_fcr_129,1.374665052E-01,3E0CC405
expf_fcr_130,1.396312863E-01,3E0EFB81
expf_fcr_131,1.418301612E-01,3E113BED
expf_fcr_132,1.440636665E-01,3E13856D
expf_fcr_133,1.463323385E-01,3E15D825
expf_fcr_134,1.486367285E-01,3E18343A
expf_fcr_135,1.509774178E-01,3E1A99D3
expf_fcr_136,1.533549726E-01,3E1D0916
expf_fcr_137,1.557699591E-01,3E1F8229
expf_fcr_138,1.582229733E-01,3E220534
expf_fcr_139,1.607146263E-01,3E249260
expf_fcr_140,1.632455140E-01,3E2729D5
expf_fcr_141,1.658162624E-01,3E29CBBD
expf_fcr_142,1.684274822E-01,3E2C7841
expf_fcr_143,1.710798293E-01,3E2F2F8D
expf_fcr_144,1.737739444E-01,3E31F1CC
expf_fcr_145,1.765104830E-01,3E34BF2A
expf_fcr_146,1.792901158E-01,3E3797D4
expf_fcr_147,1.821135283E-01,3E3A7BF8
expf_fcr_148,1.849814057E-01,3E3D6BC4
expf_fcr_149,1.878944337E-01,3E406766
expf_fcr_150,1.908533424E-01,3E436F0F
expf_fcr_151,1.938588470E-01,3E4682EF
expf_fcr_152,1.969116777E-01,3E49A337
expf_fcr_153,2.000125796E-01,3E4CD019
expf_fcr_154,2.031623274E-01,3E5009C9
expf_fcr_155,2.063616663E-01,3E535079
expf_fcr_156,2.096113861E-01,3E56A45E
expf_fcr_157,2.129122913E-01,3E5A05AE
expf_fcr_158,2.162651718E-01,3E5D749E
expf_fcr_159,2.196708471E-01,3E60F165
expf_fcr_160,2.231301665E-01,3E647C3C
expf_fcr_161,2.266439497E-01,3E68155A
expf_fcr_162,2.302130759E-01,3E6BBCFA
expf_fcr_163,2.338383943E-01,3E6F7355
expf_fcr_164,2.375208139E-01,3E7338A8
expf_fcr_165,2.412612289E-01,3E770D2F
expf_fcr_166,2.450605333E-01,3E7AF126
expf_fcr_167,2.489196807E-01,3E7EE4CD
expf_fcr_168,2.528395951E-01,3E817431
expf_fcr_169,2.568212450E-01,3E837E13
expf_fcr_170,2.608655989E-01,3E85902D
expf_fcr_171,2.649736106E-01,3E87AA9F
expf_fcr_172,2.691463530E-01,3E89CD8D
expf_fcr_173,2.733847797E-01,3E8BF917
expf_fcr_174,2.776899636E-01,3E8E2D61
expf_fcr_175,2.820629478E-01,3E906A8E
expf_fcr_176,2.865048051E-01,3E92B0C2
expf_fcr_177,2.910165787E-01,3E950020
expf_fcr_178,2.955994308E-01,3E9758CF
expf_fcr_179,3.002544343E-01,3E99BAF3
expf_fcr_180,3.049827814E-01,3E9C26B4
expf_fcr_181,3.097855449E-01,3E9E9C36
expf_fcr_182,3.146639466E-01,3EA11BA2
expf_fcr_183,3.196192086E-01,3EA3A521
expf_fcr_184,3.246524632E-01,3EA638D9
expf_fcr_185,3.297649920E-01,3EA8D6F5
expf_fcr_186,3.349580467E-01,3EAB7F9F
expf_fcr_187,3.402328789E-01,3EAE3301
expf_fcr_188,3.455907404E-01,3EB0F145
expf_fcr_189,3.510330021E-01,3EB3BA99
expf_fcr_190,3.565609753E-01,3EB68F29
expf_fcr_191,3.621760011E-01,3EB96F22
expf_fcr_192,3.678794503E-01,3EBC5AB2
expf_fcr_193,3.736726940E-01,3EBF5207
expf_fcr_194,3.795571923E-01,3EC25552
expf_fcr_195,3.855343461E-01,3EC564C2
expf_fcr_196,3.916056156E-01,3EC88088
expf_fcr_197,3.977725208E-01,3ECBA8D7
expf_fcr_198,4.040365219E-01,3ECEDDE0
expf_fcr_199,4.103991687E-01,3ED21FD7
expf_fcr_200,4.168620110E-01,3ED56EF0
expf_fcr_201,4.234266281E-01,3ED8CB60
expf_fcr_202,4.300946295E-01,3EDC355D
expf_fcr_203,4.368676543E-01,3EDFAD1E
expf_fcr_204,4.437473118E-01,3EE332D9
expf_fcr_205,4.507353008E-01,3EE6C6C7
expf_fcr_206,4.578333497E-01,3EEA6922
expf_fcr_207,4.650431871E-01,3EEE1A24
expf_fcr_208,4.723665416E-01,3EF1DA07
expf_fcr_209,4.798052311E-01,3EF5A908
expf_fcr_210,4.873610735E-01,3EF98764
expf_fcr_211,4.950358868E-01,3EFD7558
expf_fcr_212,5.028315783E-01,3F00B992
expf_fcr_213,5.107499957E-01,3F02C083
expf_fcr_214,5.187931657E-01,3F04CFA1
expf_fcr_215,5.269629955E-01,3F06E70C
expf_fcr_216,5.352614522E-01,3F0906E5
expf_fcr_217,5.436905622E-01,3F0B2F4E
expf_fcr_218,5.522524714E-01,3F0D606B
expf_fcr_219,5.609491467E-01,3F0F9A5D
expf_fcr_220,5.697828531E-01,3F11DD4A
expf_fcr_221,5.787556171E-01,3F142954
expf_fcr_222,5.878696442E-01,3F167EA0
expf_fcr_223,5.971272588E-01,3F18DD55
expf_fcr_224,6.065306664E-01,3F1B4598
expf_fcr_225,6.160821319E-01,3F1DB78F
expf_fcr_226,6.257839799E-01,3F203361
expf_fcr_227,6.356386542E-01,3F22B937
expf_fcr_228,6.456485391E-01,3F254939
expf_fcr_229,6.558160186E-01,3F27E38F
expf_fcr_230,6.661435962E-01,3F2A8863
expf_fcr_231,6.766338348E-01,3F2D37E0
expf_fcr_232,6.872892976E-01,3F2FF231
expf_fcr_233,6.981124878E-01,3F32B780
expf_fcr_234,7.091062069E-01,3F3587FC
expf_fcr_235,7.202729583E-01,3F3863CF
expf_fcr_236,7.316156030E-01,3F3B4B29
expf_fcr_237,7.431368828E-01,3F3E3E38
expf_fcr_238,7.548395991E-01,3F413D2B
expf_fcr_239,7.667266130E-01,3F444832
expf_fcr_240,7.788007855E-01,3F475F7D
expf_fcr_241,7.910650969E-01,3F4A833E
expf_fcr_242,8.035225868E-01,3F4DB3A8
expf_fcr_243,8.161762357E-01,3F50F0ED
expf_fcr_244,8.290291429E-01,3F543B41
expf_fcr_245,8.420844078E-01,3F5792D8
expf_fcr_246,8.553453088E-01,3F5AF7E9
expf_fcr_247,8.688150644E-01,3F5E6AAA
expf_fcr_248,8.824968934E-01,3F61EB51
expf_fcr_249,8.963941932E-01,3F657A17
expf_fcr_250,9.105103612E-01,3F691735
expf_fcr_251,9.248487949E-01,3F6CC2E4
expf_fcr_252,9.394130707E-01,3F707D60
expf_fcr_253,9.542066455E-01,3F7446E3
expf_fcr_254,9.692332149E-01,3F781FAB
expf_fcr_255,9.844964147E-01,3F7C07F5
expf_fcr_256,1.000000000E+00,3F800000
powf_fwet_0,0.000000000E+00,00000000
powf_fwet_1,2.475733869E-02,3CCACFE7
powf_fwet_2,3.930890560E-02,3D210260
powf_fwet_3,5.151620135E-02,3D5302A7
powf_fwet_4,6.241341680E-02,3D7FA536
powf_fwet_5,7.242974639E-02,3D94560C
powf_fwet_6,8.179576695E-02,3DA7848A
powf_fwet_7,9.065344930E-02,3DB9A884
powf_fwet_8,9.909801930E-02,3DCAF3E7
powf_fwet_9,1.071972623E-01,3DDB8A3D
powf_fwet_10,1.150016189E-01,3DEB85F8
powf_fwet_11,1.225498766E-01,3DFAFB6E
powf_fwet_12,1.298726946E-01,3E04FD59
powf_fwet_13,1.369948238E-01,3E0C485F
powf_fwet_14,1.439366341E-01,3E136420
powf_fwet_15,1.507151127E-01,3E1A5510
powf_fwet_16,1.573446542E-01,3E211EF5
powf_fwet_17,1.638375223E-01,3E27C506
powf_fwet_18,1.702043712E-01,3E2E4A0E
powf_fwet_19,1.764544398E-01,3E34B079
powf_fwet_20,1.825958788E-01,3E3AFA6A
powf_fwet_21,1.886358410E-01,3E4129C1
powf_fwet_22,1.945807487E-01,3E47402D
powf_fwet_23,2.004363239E-01,3E4D3F2E
powf_fwet_24,2.062076777E-01,3E53281B
powf_fwet_25,2.118995041E-01,3E58FC2F
powf_fwet_26,2.175159752E-01,3E5EBC82
powf_fwet_27,2.230609655E-01,3E646A18
powf_fwet_28,2.285379618E-01,3E6A05DB
powf_fwet_29,2.339501977E-01,3E6F90A4
powf_fwet_30,2.393006235E-01,3E750B39
powf_fwet_31,2.445919663E-01,3E7A7651
powf_fwet_32,2.498267740E-01,3E7FD297
powf_fwet_33,2.550073862E-01,3E829054
powf_fwet_34,2.601359487E-01,3E85308A
powf_fwet_35,2.652145326E-01,3E87CA33
powf_fwet_36,2.702450156E-01,3E8A5D8E
powf_fwet_37,2.752291858E-01,3E8CEAD7
powf_fwet_38,2.801686823E-01,3E8F7245
powf_fwet_39,2.850650847E-01,3E91F40D
powf_fwet_40,2.899198532E-01,3E947060
powf_fwet_41,2.947343588E-01,3E96E76C
powf_fwet_42,2.995099425E-01,3E99595E
powf_fwet_43,3.042477667E-01,3E9BC65D
powf_fwet_44,3.089490533E-01,3E9E2E92
powf_fwet_45,3.136149049E-01,3EA09222
powf_fwet_46,3.182463348E-01,3EA2F12F
powf_fwet_47,3.228443563E-01,3EA54BDB
powf_fwet_48,3.274099231E-01,3EA7A246
powf_fwet_49,3.319439292E-01,3EA9F48E
powf_fwet_50,3.364472091E-01,3EAC42CF
powf_fwet_51,3.409205973E-01,3EAE8D25
powf_fwet_52,3.453648686E-01,3EB0D3AA
powf_fwet_53,3.497807980E-01,3EB31678
powf_fwet_54,3.541690409E-01,3EB555A5
powf_fwet_55,3.585302830E-01,3EB79148
powf_fwet_56,3.628652394E-01,3EB9C979
powf_fwet_57,3.671744764E-01,3EBBFE4B
powf_fwet_58,3.714585900E-01,3EBE2FD2
powf_fwet_59,3.757182062E-01,3EC05E23
powf_fwet_60,3.799538314E-01,3EC2894F
powf_fwet_61,3.841660321E-01,3EC4B169
powf_fwet_62,3.883552551E-01,3EC6D680
powf_fwet_63,3.925220668E-01,3EC8F8A7
powf_fwet_64,3.966669142E-01,3ECB17ED
powf_fwet_65,4.007902443E-01,3ECD3461
powf_fwet_66,4.048925042E-01,3ECF4E12
powf_fwet_67,4.089741409E-01,3ED1650F
powf_fwet_68,4.130355120E-01,3ED37964
powf_fwet_69,4.170770347E-01,3ED58B1F
powf_fwet_70,4.210991263E-01,3ED79A4E
powf_fwet_71,4.251021147E-01,3ED9A6FC
powf_fwet_72,4.290863574E-01,3EDBB135
powf_fwet_73,4.330522418E-01,3EDDB906
powf_fwet_74,4.370000660E-01,3EDFBE79
powf_fwet_75,4.409301579E-01,3EE1C199
powf_fwet_76,4.448428452E-01,3EE3C271
powf_fwet_77,4.487384260E-01,3EE5C10B
powf_fwet_78,4.526171982E-01,3EE7BD71
powf_fwet_79,4.564794302E-01,3EE9B7AC
powf_fwet_80,4.603254199E-01,3EEBAFC6
powf_fwet_81,4.641554356E-01,3EEDA5C8
powf_fwet_82,4.679697454E-01,3EEF99BB
powf_fwet_83,4.717685878E-01,3EF18BA7
powf_fwet_84,4.755522311E-01,3EF37B95
powf_fwet_85,4.793209136E-01,3EF5698D
powf_fwet_86,4.830748439E-01,3EF75596
powf_fwet_87,4.868142605E-01,3EF93FB8
powf_fwet_88,4.905394018E-01,3EFB27FB
powf_fwet_89,4.942504466E-01,3EFD0E65
powf_fwet_90,4.979476631E-01,3EFEF2FF
powf_fwet_91,5.016312003E-01,3F006AE7
powf_fwet_92,5.053012967E-01,3F015B6D
powf_fwet_93,5.089581609E-01,3F024B15
powf_fwet_94,5.126019120E-01,3F0339E1
powf_fwet_95,5.162327886E-01,3F0427D5
powf_fwet_96,5.198509693E-01,3F0514F4
powf_fwet_97,5.234566331E-01,3F060141
powf_fwet_98,5.270498991E-01,3F06ECBE
powf_fwet_99,5.306310058E-01,3F07D76F
powf_fwet_100,5.342000723E-01,3F08C156
powf_fwet_101,5.377572775E-01,3F09AA76
powf_fwet_102,5.413028002E-01,3F0A92D2
powf_fwet_103,5.448367000E-01,3F0B7A6B
powf_fwet_104,5.483592749E-01,3F0C6146
powf_fwet_105,5.518705249E-01,3F0D4763
powf_fwet_106,5.553706884E-01,3F0E2CC6
powf_fwet_107,5.588598847E-01,3F0F1171
powf_fwet_108,5.623382330E-01,3F0FF566
powf_fwet_109,5.658058524E-01,3F10D8A7
powf_fwet_110,5.692628622E-01,3F11BB36
powf_fwet_111,5.727095008E-01,3F129D17
powf_fwet_112,5.761457682E-01,3F137E4A
powf_fwet_113,5.795718431E-01,3F145ED2
powf_fwet_114,5.829878449E-01,3F153EB1
powf_fwet_115,5.863938332E-01,3F161DE8
powf_fwet_116,5.897900462E-01,3F16FC7B
powf_fwet_117,5.931764841E-01,3F17DA6A
powf_fwet_118,5.965532660E-01,3F18B7B7
powf_fwet_119,5.999205709E-01,3F199465
powf_fwet_120,6.032784581E-01,3F1A7075
powf_fwet_121,6.066270471E-01,3F1B4BE9
powf_fwet_122,6.099664569E-01,3F1C26C3
powf_fwet_123,6.132967472E-01,3F1D0104
powf_fwet_124,6.166180372E-01,3F1DDAAE
powf_fwet_125,6.199303865E-01,3F1EB3C2
powf_fwet_126,6.232339144E-01,3F1F8C42
powf_fwet_127,6.265287995E-01,3F206431
powf_fwet_128,6.298149824E-01,3F213B8E
powf_fwet_129,6.330926418E-01,3F22125C
powf_fwet_130,6.363618970E-01,3F22E89D
powf_fwet_131,6.396227479E-01,3F23BE51
powf_fwet_132,6.428753138E-01,3F24937A
powf_fwet_133,6.461197138E-01,3F25681A
powf_fwet_134,6.493560076E-01,3F263C32
powf_fwet_135,6.525841951E-01,3F270FC2
powf_fwet_136,6.558045149E-01,3F27E2CE
powf_fwet_137,6.590169072E-01,3F28B555
powf_fwet_138,6.622215509E-01,3F29875A
powf_fwet_139,6.654183865E-01,3F2A58DC
powf_fwet_140,6.686076522E-01,3F2B29DF
powf_fwet_141,6.717892885E-01,3F2BFA62
powf_fwet_142,6.749634743E-01,3F2CCA68
powf_fwet_143,6.781302094E-01,3F2D99F1
powf_fwet_144,6.812895536E-01,3F2E68FE
powf_fwet_145,6.844416261E-01,3F2F3791
powf_fwet_146,6.875864267E-01,3F3005AA
powf_fwet_147,6.907240748E-01,3F30D34B
powf_fwet_148,6.938546300E-01,3F31A075
powf_fwet_149,6.969782114E-01,3F326D2A
powf_fwet_150,7.000947595E-01,3F333969
powf_fwet_151,7.032043934E-01,3F340534
powf_fwet_152,7.063071728E-01,3F34D08C
powf_fwet_153,7.094031572E-01,3F359B72
powf_fwet_154,7.124924660E-01,3F3665E8
powf_fwet_155,7.155750394E-01,3F372FED
powf_fwet_156,7.186510563E-01,3F37F984
powf_fwet_157,7.217204571E-01,3F38C2AC
powf_fwet_158,7.247833610E-01,3F398B67
powf_fwet_159,7.278398275E-01,3F3A53B6
powf_fwet_160,7.308899164E-01,3F3B1B9A
powf_fwet_161,7.339336276E-01,3F3BE313
powf_fwet_162,7.369710803E-01,3F3CAA23
powf_fwet_163,7.400023341E-01,3F3D70CB
powf_fwet_164,7.430273294E-01,3F3E370A
powf_fwet_165,7.460462451E-01,3F3EFCE3
powf_fwet_166,7.490590215E-01,3F3FC255
powf_fwet_167,7.520657778E-01,3F408762
powf_fwet_168,7.550665736E-01,3F414C0B
powf_fwet_169,7.580614090E-01,3F421050
powf_fwet_170,7.610503435E-01,3F42D432
powf_fwet_171,7.640334368E-01,3F4397B2
powf_fwet_172,7.670106888E-01,3F445AD0
powf_fwet_173,7.699822187E-01,3F451D8E
powf_fwet_174,7.729480267E-01,3F45DFEC
powf_fwet_175,7.759081721E-01,3F46A1EB
powf_fwet_176,7.788626552E-01,3F47638B
powf_fwet_177,7.818115950E-01,3F4824CE
powf_fwet_178,7.847549915E-01,3F48E5B4
powf_fwet_179,7.876928449E-01,3F49A63D
powf_fwet_180,7.906252742E-01,3F4A666B
powf_fwet_181,7.935522795E-01,3F4B263E
powf_fwet_182,7.964739203E-01,3F4BE5B7
powf_fwet_183,7.993901968E-01,3F4CA4D6
powf_fwet_184,8.023011684E-01,3F4D639C
powf_fwet_185,8.052068949E-01,3F4E220A
powf_fwet_186,8.081073761E-01,3F4EE020
powf_fwet_187,8.110026717E-01,3F4F9DDF
powf_fwet_188,8.138928413E-01,3F505B48
powf_fwet_189,8.167778850E-01,3F51185B
powf_fwet_190,8.196578622E-01,3F51D519
powf_fwet_191,8.225327730E-01,3F529182
powf_fwet_192,8.254026771E-01,3F534D97
powf_fwet_193,8.282675743E-01,3F540958
powf_fwet_194,8.311275840E-01,3F54C4C7
powf_fwet_195,8.339827061E-01,3F557FE4
powf_fwet_196,8.368328810E-01,3F563AAE
powf_fwet_197,8.396782875E-01,3F56F528
powf_fwet_198,8.425188661E-01,3F57AF51
powf_fwet_199,8.453546762E-01,3F58692A
powf_fwet_200,8.481857181E-01,3F5922B3
powf_fwet_201,8.510120511E-01,3F59DBED
powf_fwet_202,8.538337350E-01,3F5A94D9
powf_fwet_203,8.566507697E-01,3F5B4D77
powf_fwet_204,8.594631553E-01,3F5C05C7
powf_fwet_205,8.622709513E-01,3F5CBDCA
powf_fwet_206,8.650742173E-01,3F5D7581
powf_fwet_207,8.678729534E-01,3F5E2CEC
powf_fwet_208,8.706672192E-01,3F5EE40C
powf_fwet_209,8.734569550E-01,3F5F9AE0
powf_fwet_210,8.762422800E-01,3F60516A
powf_fwet_211,8.790231943E-01,3F6107AA
powf_fwet_212,8.817997575E-01,3F61BDA1
powf_fwet_213,8.845719099E-01,3F62734E
powf_fwet_214,8.873397112E-01,3F6328B2
powf_fwet_215,8.901032805E-01,3F63DDCF
powf_fwet_216,8.928624988E-01,3F6492A3
powf_fwet_217,8.956175447E-01,3F654731
powf_fwet_218,8.983682990E-01,3F65FB77
powf_fwet_219,9.011148810E-01,3F66AF77
powf_fwet_220,9.038572907E-01,3F676331
powf_fwet_221,9.065955877E-01,3F6816A6
powf_fwet_222,9.093297124E-01,3F68C9D5
powf_fwet_223,9.120597243E-01,3F697CBF
powf_fwet_224,9.147856832E-01,3F6A2F65
powf_fwet_225,9.175076485E-01,3F6AE1C8
powf_fwet_226,9.202255011E-01,3F6B93E6
powf_fwet_227,9.229394197E-01,3F6C45C2
powf_fwet_228,9.256493449E-01,3F6CF75B
powf_fwet_229,9.283552766E-01,3F6DA8B1
powf_fwet_230,9.310572743E-01,3F6E59C5
powf_fwet_231,9.337553978E-01,3F6F0A98
powf_fwet_232,9.364496469E-01,3F6FBB2A
powf_fwet_233,9.391400218E-01,3F706B7B
powf_fwet_234,9.418265224E-01,3F711B8B
powf_fwet_235,9.445092082E-01,3F71CB5B
powf_fwet_236,9.471881390E-01,3F727AEC
powf_fwet_237,9.498632550E-01,3F732A3D
powf_fwet_238,9.525346160E-01,3F73D94F
powf_fwet_239,9.552022815E-01,3F748823
powf_fwet_240,9.578661919E-01,3F7536B8
powf_fwet_241,9.605264068E-01,3F75E50F
powf_fwet_242,9.631829858E-01,3F769329
powf_fwet_243,9.658358693E-01,3F774105
powf_fwet_244,9.684851170E-01,3F77EEA4
powf_fwet_245,9.711307883E-01,3F789C07
powf_fwet_246,9.737728238E-01,3F79492D
powf_fwet_247,9.764113426E-01,3F79F618
powf_fwet_248,9.790462852E-01,3F7AA2C7
powf_fwet_249,9.816776514E-01,3F7B4F3A
powf_fwet_250,9.843055606E-01,3F7BFB73
powf_fwet_251,9.869298935E-01,3F7CA770
powf_fwet_252,9.895508289E-01,3F7D5334
powf_fwet_253,9.921682477E-01,3F7DFEBD
powf_fwet_254,9.947822690E-01,3F7EAA0D
powf_fwet_255,9.973928332E-01,3F7F5523
powf_fwet_256,1.000000000E+00,3F800000
powf_wdf_0,3.311314371E-14,291520DB
powf_wcnd_0,1.096480173E-25,1607BCD8
powf_wdf_1,1.574053388E-12,2BDD8740
powf_wcnd_1,1.397085664E-22,1B28E5B5
powf_wdf_2,1.805060615E-11,2D9EC65A
powf_wcnd_2,1.279310427E-20,1E71A7A8
powf_wdf_3,1.078317227E-10,2EED1FDD
powf_wcnd_3,3.501983636E-19,20CEB87B
powf_wdf_4,4.422805733E-10,2FF32575
powf_wcnd_4,4.778311379E-18,22B049E0
powf_wdf_5,1.419888762E-09,30C325E5
powf_wcnd_5,4.142195591E-17,243F066A
powf_wdf_6,3.836594598E-09,3183D30B
powf_wcnd_6,2.609543604E-16,25966E11
powf_wdf_7,9.121746025E-09,321CB5DD
powf_wcnd_7,1.297247264E-15,26BAF3FA
powf_wdf_8,1.964875196E-08,32A8C810
powf_wcnd_8,5.371456470E-15,27C186F1
powf_wdf_9,3.912901647E-08,33280ECF
powf_wcnd_9,1.923240823E-14,28AD3AEA
powf_wdf_10,7.309751737E-08,339CF9C9
powf_wcnd_10,6.117492851E-14,2989C0F2
powf_wdf_11,1.294981473E-07,340B0C2E
powf_wcnd_11,1.763788497E-13,2A4695BE
powf_wdf_12,2.193762896E-07,346B8DB2
powf_wcnd_12,4.680944217E-13,2B03C1C2
powf_wdf_13,3.576871563E-07,34C00826
powf_wcnd_13,1.157338114E-12,2BA2E180
powf_wdf_14,5.642265251E-07,3517755A
powf_wcnd_14,2.691479418E-12,2C3D6562
powf_wdf_15,8.646908327E-07,35681D1A
powf_wcnd_15,5.933312869E-12,2CD0C288
powf_wdf_16,1.291875037E-06,35AD647D
powf_wcnd_16,1.247806285E-11,2D5B8433
powf_wdf_17,1.887015401E-06,35FD455B
powf_wcnd_17,2.516763534E-11,2DDD607A
powf_wdf_18,2.701282028E-06,363547AC
powf_wcnd_18,4.890085906E-11,2E571179
powf_wdf_19,3.797430054E-06,367ED75A
powf_wcnd_19,9.187758887E-11,2ECA0A7C
powf_wdf_20,5.251614766E-06,36B03707
powf_wcnd_20,1.674654027E-10,2F382152
powf_wdf_21,7.155383628E-06,36F01847
powf_wcnd_21,2.969432478E-10,2FA33F0C
powf_wdf_22,9.617824617E-06,37215C3E
powf_wcnd_22,5.134573322E-10,300D2359
powf_wdf_23,1.276793773E-05,375635E0
powf_wcnd_23,8.676336316E-10,306E7E4A
powf_wdf_24,1.675715976E-05,378C91BA
powf_wcnd_24,1.435411678E-09,30C5480F
powf_wdf_25,2.176210728E-05,37B68DC5
powf_wcnd_25,2.328829352E-09,31200933
powf_wdf_26,2.798750756E-05,37EAC6B7
powf_wcnd_26,3.710676433E-09,317EFEE9
powf_wdf_27,3.566935993E-05,38159BAF
powf_wcnd_27,5.814167370E-09,31C7C5F5
powf_wdf_28,4.507831181E-05,383D1278
powf_wcnd_28,8.969066378E-09,321A165F
powf_wdf_29,5.652316759E-05,386D134A
powf_wcnd_29,1.363598301E-08,326A43B0
powf_wdf_30,7.035481394E-05,38938B74
powf_wcnd_30,2.045107550E-08,32AFAC64
powf_wdf_31,8.697019075E-05,38B663C4
powf_wcnd_31,3.028364759E-08,33021139
powf_wdf_32,1.068165657E-04,38E002B5
powf_wcnd_32,4.430982159E-08,333E4F2A
powf_wdf_33,1.303962490E-04,3908BAFA
powf_wcnd_33,6.410625275E-08,3389AAC9
powf_wdf_34,1.582709374E-04,3925F588
powf_wcnd_34,9.176761040E-08,33C511C7
powf_wdf_35,1.910674036E-04,39485944
powf_wcnd_35,1.300546728E-07,340BA528
powf_wdf_36,2.294819860E-04,3970A11A
powf_wcnd_36,1.825767555E-07,34440A51
powf_wdf_37,2.742871293E-04,398FCE32
powf_wcnd_37,2.540194828E-07,3488602C
powf_wdf_38,3.263360704E-04,39AB1816
powf_wcnd_38,3.504213169E-07,34BC218A
powf_wdf_39,3.865702893E-04,39CAAC96
powf_wcnd_39,4.795157906E-07,3500B813
powf_wdf_40,4.560244270E-04,39EF1690
powf_wcnd_40,6.511414199E-07,352ECA19
powf_wdf_41,5.358346389E-04,3A0C7741
powf_wcnd_41,8.777454923E-07,356B9E36
powf_wdf_42,6.272440660E-04,3A246DA3
powf_wcnd_42,1.174981207E-06,359DB40C
powf_wdf_43,7.316104602E-04,3A3FC98C
powf_wcnd_43,1.562428565E-06,35D1B4A3
powf_wdf_44,8.504153229E-04,3A5EEE68
powf_wcnd_44,2.064460432E-06,360A8B29
powf_wdf_45,9.852689691E-04,3A812424
powf_wcnd_45,2.711251227E-06,3635F2F1
powf_wdf_46,1.137922285E-03,3A952656
powf_wcnd_46,3.540003945E-06,366D90CE
powf_wdf_47,1.310270862E-03,3AABBD65
powf_wcnd_47,4.596353392E-06,369A3A60
powf_wdf_48,1.504369313E-03,3AC52E42
powf_wcnd_48,5.936070920E-06,36C72E76
powf_wdf_49,1.722435118E-03,3AE1C355
powf_wcnd_49,7.626997558E-06,36FFEB69
powf_wdf_50,1.966860611E-03,3B00E672
powf_wcnd_50,9.751343896E-06,372399B4
powf_wdf_51,2.240225673E-03,3B12D0C0
powf_wcnd_51,1.240838628E-05,37502D9D
powf_wdf_52,2.545300405E-03,3B26CF0E
powf_wcnd_52,1.571749453E-05,3783D910
powf_wdf_53,2.885066206E-03,3B3D1361
powf_wcnd_53,1.982179856E-05,37A646FD
powf_wdf_54,3.262714483E-03,3B55D344
powf_wcnd_54,2.489220424E-05,37D0CF9A
powf_wdf_55,3.681671340E-03,3B714832
powf_wcnd_55,3.113228377E-05,38029409
powf_wdf_56,4.145597108E-03,3B87D7CA
powf_wcnd_56,3.878358257E-05,3822AB8E
powf_wdf_57,4.658403341E-03,3B98A585
powf_wcnd_57,4.813190753E-05,3849E13E
powf_wdf_58,5.224271212E-03,3BAB305D
powf_wcnd_58,5.951457206E-05,38799F49
powf_wdf_59,5.847651046E-03,3BBF9DA7
powf_wcnd_59,7.332825044E-05,3899C7CE
powf_wdf_60,6.533291657E-03,3BD61539
powf_wcnd_60,9.003854939E-05,38BCD314
powf_wdf_61,7.286235690E-03,3BEEC160
powf_wcnd_61,1.101900634E-04,38E715D7
powf_wdf_62,8.111853153E-03,3C04E794
powf_wcnd_62,1.344187331E-04,390CF2C1
powf_wdf_63,9.015836753E-03,3C13B729
powf_wcnd_63,1.634645741E-04,392B67B0
powf_wdf_64,1.000423636E-02,3C23E8CF
powf_wcnd_64,1.981875976E-04,394FD094
powf_wdf_65,1.108344924E-02,3C35975B
powf_wcnd_65,2.395838237E-04,397B38CB
powf_wdf_66,1.226027403E-02,3C48DF51
powf_wcnd_66,2.888056624E-04,39976AD7
powf_wdf_67,1.354186889E-02,3C5DDEB7
powf_wcnd_67,3.471812233E-04,39B605E0
powf_wdf_68,1.493582968E-02,3C74B569
powf_wcnd_68,4.162407131E-04,39DA3AE2
powf_wdf_69,1.645017043E-02,3C86C282
powf_wcnd_69,4.977415665E-04,3A027ADF
powf_wdf_70,1.809336245E-02,3C943888
powf_wcnd_70,5.936997477E-04,3A1BA284
powf_wdf_71,1.987430267E-02,3CA2CF6F
powf_wcnd_71,7.064196398E-04,3A392F05
powf_wdf_72,2.180240490E-02,3CB29AF5
powf_wcnd_72,8.385355468E-04,3A5BD12B
powf_wdf_73,2.388758399E-02,3CC3AFE5
powf_wcnd_73,9.930513334E-04,3A822946
powf_wdf_74,2.614022791E-02,3CD62408
powf_wcnd_74,1.173381694E-03,3A99CC28
powf_wdf_75,2.857130952E-02,3CEA0E61
powf_wcnd_75,1.383409486E-03,3AB55385
powf_wdf_76,3.119233996E-02,3CFF8714
powf_wcnd_76,1.627537305E-03,3AD55317
powf_wdf_77,3.401543945E-02,3D0B53C6
powf_wcnd_77,1.910752268E-03,3AFA7235
powf_wdf_78,3.705325350E-02,3D17C527
powf_wcnd_78,2.238685032E-03,3B12B6E7
powf_wdf_79,4.031911492E-02,3D2525A8
powf_wcnd_79,2.617697697E-03,3B2B8DAE
powf_wdf_80,4.382698610E-02,3D3383ED
powf_wcnd_80,3.054957837E-03,3B4835B0
powf_wdf_81,4.759151116E-02,3D42EF51
powf_wcnd_81,3.558535129E-03,3B693650
powf_wdf_82,5.162794888E-02,3D5377D4
powf_wcnd_82,4.137484357E-03,3B8793BC
powf_wdf_83,5.595234409E-02,3D652E49
powf_wcnd_83,4.801978357E-03,3B9D59EA
powf_wdf_84,6.058149040E-02,3D78244C
powf_wcnd_84,5.563417450E-03,3BB64D54
powf_wdf_85,6.553284079E-02,3D863615
powf_wcnd_85,6.434540730E-03,3BD2D8D7
powf_wdf_86,7.082472742E-02,3D910C8E
powf_wcnd_86,7.429601625E-03,3BF37404
powf_wdf_87,7.647626102E-02,3D9C9F96
powf_wcnd_87,8.564503863E-03,3C0C5222
powf_wdf_88,8.250744641E-02,3DA8F9AA
powf_wcnd_88,9.856983088E-03,3C217F2F
powf_wdf_89,8.893900365E-02,3DB625A7
powf_wcnd_89,1.132675633E-02,3C3993DC
powf_wdf_90,9.579267353E-02,3DC42EF3
powf_wcnd_90,1.299577672E-02,3C54EC3D
powf_wdf_91,1.030911431E-01,3DD32173
powf_wcnd_91,1.488843467E-02,3C73EE9F
powf_wdf_92,1.108578667E-01,3DE30973
powf_wcnd_92,1.703174226E-02,3C8B8627
powf_wdf_93,1.191174313E-01,3DF3F3D7
powf_wcnd_93,1.945567504E-02,3C9F6182
powf_wdf_94,1.278953850E-01,3E02F702
powf_wcnd_94,2.219340391E-02,3CB5CEF1
powf_wdf_95,1.372184008E-01,3E0C82FB
powf_wcnd_95,2.528162859E-02,3CCF1B6B
powf_wdf_96,1.471139491E-01,3E16A50A
powf_wcnd_96,2.876081690E-02,3CEB9BCE
powf_wdf_97,1.576108485E-01,3E2164BD
powf_wcnd_97,3.267568722E-02,3D05D6F1
powf_wdf_98,1.687390655E-01,3E2CC9EF
powf_wcnd_98,3.707555681E-02,3D17DC8A
powf_wdf_99,1.805294305E-01,3E38DCB5
powf_wcnd_99,4.201462120E-02,3D2C1786
powf_wdf_100,1.930142343E-01,3E45A586
powf_wcnd_100,4.755260795E-02,3D42C686
powf_wdf_101,2.062269300E-01,3E532D27
powf_wcnd_101,5.375513434E-02,3D5C2E58
powf_wdf_102,2.202023268E-01,3E617CB8
powf_wcnd_102,6.069431081E-02,3D789A99
powf_wdf_103,2.349761724E-01,3E709D98
powf_wcnd_103,6.844907254E-02,3D8C2F07
powf_wdf_104,2.505859137E-01,3E804CCC
powf_wcnd_104,7.710611820E-02,3D9DE9D0
powf_wdf_105,2.670703232E-01,3E88BD71
powf_wcnd_105,8.676041663E-02,3DB1AF72
powf_wdf_106,2.844692171E-01,3E91A5F3
powf_wcnd_106,9.751563519E-02,3DC7B647
powf_wdf_107,3.028242886E-01,3E9B0BC9
powf_wcnd_107,1.094853655E-01,3DE039DD
powf_wdf_108,3.221784532E-01,3EA4F493
powf_wcnd_108,1.227935851E-01,3DFB7B34
powf_wdf_109,3.425763547E-01,3EAF662B
powf_wcnd_109,1.375757605E-01,3E0CE0A9
powf_wdf_110,3.640637994E-01,3EBA6692
powf_wcnd_110,1.539792418E-01,3E1DACBC
powf_wdf_111,3.866884708E-01,3EC5FC08
powf_wcnd_111,1.721649915E-01,3E304C05
powf_wdf_112,4.104998708E-01,3ED22D0A
powf_wcnd_112,1.923083067E-01,3E44EC78
powf_wdf_113,4.355485439E-01,3EDF0038
powf_wcnd_113,2.145994306E-01,3E5BBFF4
powf_wdf_114,4.618873000E-01,3EEC7C7E
powf_wcnd_114,2.392457128E-01,3E74FCD4
powf_wdf_115,4.895705283E-01,3EFAA8FD
powf_wcnd_115,2.664722502E-01,3E886F0D
powf_wdf_116,5.186546445E-01,3F04C68D
powf_wcnd_116,2.965237200E-01,3E97D1F5
powf_wdf_117,5.491971374E-01,3F0C982F
powf_wcnd_117,3.296647370E-01,3EA8C9D1
powf_wdf_118,5.812581778E-01,3F14CD56
powf_wcnd_118,3.661830723E-01,3EBB7C59
powf_wdf_119,6.148995757E-01,3F1D6A0F
powf_wcnd_119,4.063901007E-01,3ED0125D
powf_wdf_120,6.501854062E-01,3F26728D
powf_wcnd_120,4.506234229E-01,3EE6B81D
powf_wdf_121,6.871809363E-01,3F2FEB17
powf_wcnd_121,4.992471933E-01,3EFF9D54
powf_wdf_122,7.259542346E-01,3F39D823
powf_wcnd_122,5.526562333E-01,3F0D7AE1
powf_wdf_123,7.665755749E-01,3F443E4C
powf_wcnd_123,6.112773418E-01,3F1C7CAC
powf_wdf_124,8.091165423E-01,3F4F2243
powf_wcnd_124,6.755700111E-01,3F2CF228
powf_wdf_125,8.536517024E-01,3F5A88EB
powf_wcnd_125,7.460314631E-01,3F3EFBEB
powf_wdf_126,9.002575874E-01,3F667748
powf_wcnd_126,8.231976032E-01,3F52BD14
powf_wdf_127,9.490135312E-01,3F72F28D
powf_wcnd_127,9.076467752E-01,3F685B8A
powf_wdf_128,1.000000000E+00,3F800000
powf_wcnd_128,1.000000000E+00,3F800000
