leaf,case,slot,name,index,baseline_bits,probe_bits,already_at_probe,noutputs_changed,max_abs_delta
ragrb,neutral_forest,1,vai,0,40833333,00000000,0,3,24.0548458
ragrb,neutral_forest,2,rhoair,0,3F970A3D,00000000,0,0,0.00000000
ragrb,neutral_forest,3,hg,0,42340000,00000000,0,0,0.00000000
ragrb,neutral_forest,4,tv,0,4391C000,00000000,0,0,0.00000000
ragrb,neutral_forest,5,tah,0,4391199A,00000000,0,0,0.00000000
ragrb,neutral_forest,6,zpd,0,41500000,00000000,0,2,220.638870
ragrb,neutral_forest,7,z0mg,0,3C23D70A,00000000,0,0,0.00000000
ragrb,neutral_forest,8,z0hg,0,3C449BA6,00000000,0,2,0.586868286
ragrb,neutral_forest,9,hcan,0,41A00000,00000000,0,3,24.0548458
ragrb,neutral_forest,10,uc,0,4019999A,00000000,0,1,20.9451542
ragrb,neutral_forest,11,z0h,0,3F8B851F,00000000,0,2,3.96362305
ragrb,neutral_forest,12,fv,0,3EAE147B,00000000,0,2,225896896.
ragrb,neutral_forest,13,cwp,0,3E3851EC,00000000,0,3,24.0548458
ragrb,neutral_forest,14,mpe,0,358637BD,00000000,0,0,0.00000000
ragrb,neutral_forest,15,mozg,0,BE800000,00000000,0,0,0.00000000
ragrb,neutral_forest,16,fhg,0,3FA00000,00000000,0,0,0.00000000
ragrb,neutral_forest,17,dleaf,0,3D23D70A,00000000,0,1,24.0548458
ragrb,unstable_forest,1,vai,0,40666666,00000000,0,3,30.8256187
ragrb,unstable_forest,2,rhoair,0,3F933333,00000000,0,5,70.8014297
ragrb,unstable_forest,3,hg,0,43340000,00000000,0,5,45.5852661
ragrb,unstable_forest,4,tv,0,43950000,00000000,0,0,0.00000000
ragrb,unstable_forest,5,tah,0,4393C000,00000000,0,5,70.8014297
ragrb,unstable_forest,6,zpd,0,411C0000,00000000,0,5,160.451797
ragrb,unstable_forest,7,z0mg,0,3C03126F,00000000,0,5,0.137786865E-1
ragrb,unstable_forest,8,z0hg,0,3C1374BC,00000000,0,2,0.426986694
ragrb,unstable_forest,9,hcan,0,41700000,00000000,0,3,30.8256187
ragrb,unstable_forest,10,uc,0,3FF33333,00000000,0,1,14.1743813
ragrb,unstable_forest,11,z0h,0,3F51EB85,00000000,0,2,3.11018372
ragrb,unstable_forest,12,fv,0,3ED6D5D0,00000000,0,5,93252768.0
ragrb,unstable_forest,13,cwp,0,3E800000,00000000,0,3,30.8256187
ragrb,unstable_forest,14,mpe,0,358637BD,00000000,0,0,0.00000000
ragrb,unstable_forest,15,mozg,0,3ECCCCCD,00000000,0,0,0.00000000
ragrb,unstable_forest,16,fhg,0,3FB33333,00000000,0,4,124.843384
ragrb,unstable_forest,17,dleaf,0,3D4CCCCD,00000000,0,1,30.8256187
ragrb,stable_grass,1,vai,0,400CCCCD,00000000,0,3,29.3485718
ragrb,stable_grass,2,rhoair,0,3F99999A,00000000,0,5,2815.94385
ragrb,stable_grass,3,hg,0,C1F00000,00000000,0,5,75.9139099
ragrb,stable_grass,4,tv,0,438B8000,00000000,0,0,0.00000000
ragrb,stable_grass,5,tah,0,438C0000,00000000,0,5,2815.94385
ragrb,stable_grass,6,zpd,0,3F266666,00000000,0,5,405.352234
ragrb,stable_grass,7,z0mg,0,3C23D70A,00000000,0,5,1.26113892
ragrb,stable_grass,8,z0hg,0,3C343958,00000000,0,2,19.5833130
ragrb,stable_grass,9,hcan,0,3F800000,00000000,0,3,29.3485718
ragrb,stable_grass,10,uc,0,3F99999A,00000000,0,1,15.6514282
ragrb,stable_grass,11,z0h,0,3DF5C28F,00000000,0,2,16.5581665
ragrb,stable_grass,12,fv,0,3E19999A,00000000,0,5,68562992.0
ragrb,stable_grass,13,cwp,0,40A00000,00000000,0,3,29.3485718
ragrb,stable_grass,14,mpe,0,358637BD,00000000,0,0,0.00000000
ragrb,stable_grass,15,mozg,0,3DCCCCCD,00000000,0,0,0.00000000
ragrb,stable_grass,16,fhg,0,3F8CCCCD,00000000,0,4,229.480789
ragrb,stable_grass,17,dleaf,0,3CF5C28F,00000000,0,1,29.3485718
ragrb,stable_clamp_mozg,1,vai,0,40A66666,00000000,0,3,40.2595520
ragrb,stable_clamp_mozg,2,rhoair,0,3FA66666,00000000,0,0,0.00000000
ragrb,stable_clamp_mozg,3,hg,0,C2A00000,00000000,0,5,116250.672
ragrb,stable_clamp_mozg,4,tv,0,43850000,00000000,0,0,0.00000000
ragrb,stable_clamp_mozg,5,tah,0,43848000,00000000,0,0,0.00000000
ragrb,stable_clamp_mozg,6,zpd,0,41500000,00000000,0,5,121402.281
ragrb,stable_clamp_mozg,7,z0mg,0,3C23D70A,00000000,0,0,0.00000000
ragrb,stable_clamp_mozg,8,z0hg,0,3C656042,00000000,0,2,767.406250
ragrb,stable_clamp_mozg,9,hcan,0,41A00000,00000000,0,3,40.2595520
ragrb,stable_clamp_mozg,10,uc,0,40C00000,00000000,0,1,4.74044800
ragrb,stable_clamp_mozg,11,z0h,0,3F800000,00000000,0,2,132.007812
ragrb,stable_clamp_mozg,12,fv,0,3D4CCCCD,00000000,0,2,0.170648074E+11
ragrb,stable_clamp_mozg,13,cwp,0,3E4CCCCD,00000000,0,3,40.2595520
ragrb,stable_clamp_mozg,14,mpe,0,358637BD,00000000,0,0,0.00000000
ragrb,stable_clamp_mozg,15,mozg,0,BD4CCCCD,00000000,0,0,0.00000000
ragrb,stable_clamp_mozg,16,fhg,0,40000000,00000000,0,4,81351.2812
ragrb,stable_clamp_mozg,17,dleaf,0,3D75C28F,00000000,0,1,40.2595520
ragrb,mpe_floors_tmp1,1,vai,0,3FE66666,00000000,0,3,24.6175308
ragrb,mpe_floors_tmp1,2,rhoair,0,3F933333,00000000,0,5,36.1494064
ragrb,mpe_floors_tmp1,3,hg,0,38D1B717,00000000,0,0,0.00000000
ragrb,mpe_floors_tmp1,4,tv,0,43900000,00000000,0,0,0.00000000
ragrb,mpe_floors_tmp1,5,tah,0,43910000,00000000,0,5,36.1494064
ragrb,mpe_floors_tmp1,6,zpd,0,3FA66666,00000000,0,5,82.0368729
ragrb,mpe_floors_tmp1,7,z0mg,0,3BA3D70A,00000000,0,5,0.259399414E-2
ragrb,mpe_floors_tmp1,8,z0hg,0,3BC49BA6,00000000,0,2,0.768264771
ragrb,mpe_floors_tmp1,9,hcan,0,40000000,00000000,0,3,24.6175308
ragrb,mpe_floors_tmp1,10,uc,0,3FC00000,00000000,0,1,20.3824692
ragrb,mpe_floors_tmp1,11,z0h,0,3E19999A,00000000,0,2,3.76061249
ragrb,mpe_floors_tmp1,12,fv,0,3E99999A,00000000,0,5,43474.0898
ragrb,mpe_floors_tmp1,13,cwp,0,3FD5C28F,00000000,0,3,24.6175308
ragrb,mpe_floors_tmp1,14,mpe,0,38D1B717,00000000,0,5,0.704696655
ragrb,mpe_floors_tmp1,15,mozg,0,3D8F5C29,00000000,0,0,0.00000000
ragrb,mpe_floors_tmp1,16,fhg,0,3F666666,00000000,0,4,33.3634338
ragrb,mpe_floors_tmp1,17,dleaf,0,3D3851EC,00000000,0,1,24.6175308
ragrb,mpe_floors_kh,1,vai,0,3F666666,00000000,0,3,4.45032883
ragrb,mpe_floors_kh,2,rhoair,0,3FA00000,00000000,0,5,9734.93750
ragrb,mpe_floors_kh,3,hg,0,42700000,00000000,0,5,14515.8750
ragrb,mpe_floors_kh,4,tv,0,438E0000,00000000,0,0,0.00000000
ragrb,mpe_floors_kh,5,tah,0,438F0000,00000000,0,5,9734.93750
ragrb,mpe_floors_kh,6,zpd,0,3FFFFF58,00000000,0,5,281485.562
ragrb,mpe_floors_kh,7,z0mg,0,3C23D70A,00000000,0,5,11.7500000
ragrb,mpe_floors_kh,8,z0hg,0,3C54FDF4,00000000,0,2,2363.56250
ragrb,mpe_floors_kh,9,hcan,0,40000000,00000000,0,3,4.45032883
ragrb,mpe_floors_kh,10,uc,0,40400000,00000000,0,1,40.5496712
ragrb,mpe_floors_kh,11,z0h,0,3DCCCCCD,00000000,0,2,9851.62500
ragrb,mpe_floors_kh,12,fv,0,3D4CCCCD,00000000,0,5,9734.93750
ragrb,mpe_floors_kh,13,cwp,0,3E99999A,00000000,0,3,4.45032883
ragrb,mpe_floors_kh,14,mpe,0,3727C5AC,00000000,0,2,6746221.00
ragrb,mpe_floors_kh,15,mozg,0,BE19999A,00000000,0,0,0.00000000
ragrb,mpe_floors_kh,16,fhg,0,3F866666,00000000,0,4,42939.0312
ragrb,mpe_floors_kh,17,dleaf,0,3CA3D70A,00000000,0,1,4.45032883
ragrb,rb_high_clamp,1,vai,0,40C00000,00000000,0,3,45.0000000
ragrb,rb_high_clamp,2,rhoair,0,3F866666,00000000,0,4,7282.33496
ragrb,rb_high_clamp,3,hg,0,437A0000,00000000,0,4,1066.49219
ragrb,rb_high_clamp,4,tv,0,43988000,00000000,0,0,0.00000000
ragrb,rb_high_clamp,5,tah,0,43970000,00000000,0,4,7282.33496
ragrb,rb_high_clamp,6,zpd,0,3FA66666,00000000,0,4,7373.95801
ragrb,rb_high_clamp,7,z0mg,0,3CA3D70A,00000000,0,4,13.1376953
ragrb,rb_high_clamp,8,z0hg,0,3CCCCCCD,00000000,0,2,1101.61621
ragrb,rb_high_clamp,9,hcan,0,40000000,00000000,0,3,45.0000000
ragrb,rb_high_clamp,10,uc,0,3F000000,00000000,0,0,0.00000000
ragrb,rb_high_clamp,11,z0h,0,3E4CCCCD,00000000,0,2,19.2519531
ragrb,rb_high_clamp,12,fv,0,3F0CB924,00000000,0,4,321884352.
ragrb,rb_high_clamp,13,cwp,0,40A00000,00000000,0,3,45.0000000
ragrb,rb_high_clamp,14,mpe,0,358637BD,00000000,0,0,0.00000000
ragrb,rb_high_clamp,15,mozg,0,3E99999A,00000000,0,0,0.00000000
ragrb,rb_high_clamp,16,fhg,0,3FD9999A,00000000,0,3,8933.11719
ragrb,rb_high_clamp,17,dleaf,0,3D8F5C29,00000000,0,1,45.0000000
ragrb,rb_low_clamp,1,vai,0,3F000000,00000000,0,2,0.00000000
ragrb,rb_low_clamp,2,rhoair,0,3F9C28F6,00000000,0,0,0.00000000
ragrb,rb_low_clamp,3,hg,0,C1200000,00000000,0,0,0.00000000
ragrb,rb_low_clamp,4,tv,0,43890000,00000000,0,0,0.00000000
ragrb,rb_low_clamp,5,tah,0,43898000,00000000,0,0,0.00000000
ragrb,rb_low_clamp,6,zpd,0,3EA66666,00000000,0,2,9.03073502
ragrb,rb_low_clamp,7,z0mg,0,3CF5C28F,00000000,0,0,0.00000000
ragrb,rb_low_clamp,8,z0hg,0,3D0F5C29,00000000,0,2,1.02264595
ragrb,rb_low_clamp,9,hcan,0,3F000000,00000000,0,2,0.00000000
ragrb,rb_low_clamp,10,uc,0,41A00000,00000000,0,1,45.0000000
ragrb,rb_low_clamp,11,z0h,0,3D4CCCCD,00000000,0,2,1.26872635
ragrb,rb_low_clamp,12,fv,0,3F19999A,00000000,0,2,385656.375
ragrb,rb_low_clamp,13,cwp,0,3E3851EC,00000000,0,2,0.00000000
ragrb,rb_low_clamp,14,mpe,0,358637BD,00000000,0,0,0.00000000
ragrb,rb_low_clamp,15,mozg,0,3E4CCCCD,00000000,0,0,0.00000000
ragrb,rb_low_clamp,16,fhg,0,3F4CCCCD,00000000,0,0,0.00000000
ragrb,rb_low_clamp,17,dleaf,0,3D23D70A,00000000,0,0,0.00000000
sfcdif1,neutral_start,1,sfctmp,0,43910000,00000000,0,0,0.00000000
sfcdif1,neutral_start,2,rhoair,0,3F970A3D,00000000,0,0,0.00000000
sfcdif1,neutral_start,3,h,0,42F00000,00000000,0,0,0.00000000
sfcdif1,neutral_start,4,qair,0,3C23D70A,00000000,0,0,0.00000000
sfcdif1,neutral_start,5,zlvl,0,41200000,40400000,0,4,0.134950399
sfcdif1,neutral_start,6,zpd,0,3F266666,00000000,0,4,0.450241566E-2
sfcdif1,neutral_start,7,z0m,0,3DCCCCCD,00000000,0,4,0.308508575
sfcdif1,neutral_start,8,z0h,0,3DCCCCCD,00000000,0,2,0.405329354E-1
sfcdif1,neutral_start,9,ur,0,40600000,00000000,0,2,0.308508575
sfcdif1,neutral_start,10,mpe,0,358637BD,00000000,0,0,0.00000000
sfcdif1,neutral_start,11,moz,0,BE4CCCCD,00000000,0,0,0.00000000
sfcdif1,neutral_start,12,fm,0,3F000000,00000000,0,0,0.00000000
sfcdif1,neutral_start,13,fh,0,3ECCCCCD,00000000,0,0,0.00000000
sfcdif1,neutral_start,14,fm2,0,3E99999A,00000000,0,0,0.00000000
sfcdif1,neutral_start,15,fh2,0,3E800000,00000000,0,0,0.00000000
sfcdif1,neutral_start,16,fv,0,3E99999A,00000000,0,0,0.00000000
sfcdif1,unstable_moderate,1,sfctmp,0,43938000,00000000,0,9,3.42428970
sfcdif1,unstable_moderate,2,rhoair,0,3F933333,00000000,0,9,3.42428970
sfcdif1,unstable_moderate,3,h,0,437A0000,00000000,0,9,0.767571211
sfcdif1,unstable_moderate,4,qair,0,3C449BA6,00000000,0,9,0.456339121E-2
sfcdif1,unstable_moderate,5,zlvl,0,41200000,40400000,0,7,0.466731876
sfcdif1,unstable_moderate,6,zpd,0,3F266666,00000000,0,7,0.433393717E-1
sfcdif1,unstable_moderate,7,z0m,0,3DCCCCCD,00000000,0,4,0.316362828
sfcdif1,unstable_moderate,8,z0h,0,3DCCCCCD,00000000,0,4,0.499582216E-1
sfcdif1,unstable_moderate,9,ur,0,40400000,00000000,0,2,0.316362828
sfcdif1,unstable_moderate,10,mpe,0,358637BD,00000000,0,0,0.00000000
sfcdif1,unstable_moderate,11,moz,0,BDCCCCCD,00000000,0,0,0.00000000
sfcdif1,unstable_moderate,12,fm,0,3F19999A,00000000,0,5,0.300000012
sfcdif1,unstable_moderate,13,fh,0,3F0CCCCD,00000000,0,2,0.275000036
sfcdif1,unstable_moderate,14,fm2,0,3ECCCCCD,00000000,0,1,0.199999988
sfcdif1,unstable_moderate,15,fh2,0,3EB33333,00000000,0,2,0.174999982
sfcdif1,unstable_moderate,16,fv,0,3EB32618,00000000,0,9,3.42428970
sfcdif1,stable_moderate,1,sfctmp,0,438B0000,00000000,0,9,2.17630553
sfcdif1,stable_moderate,2,rhoair,0,3FA00000,00000000,0,9,2.17630553
sfcdif1,stable_moderate,3,h,0,C2340000,00000000,0,10,1.53249037
sfcdif1,stable_moderate,4,qair,0,3B656042,00000000,0,9,0.326180458E-2
sfcdif1,stable_moderate,5,zlvl,0,41200000,40400000,0,7,1.10529852
sfcdif1,stable_moderate,6,zpd,0,3EA66666,00000000,0,7,0.513175726E-1
sfcdif1,stable_moderate,7,z0m,0,3D4CCCCD,00000000,0,4,0.126747146
sfcdif1,stable_moderate,8,z0h,0,3D4CCCCD,00000000,0,4,0.123436982E-1
sfcdif1,stable_moderate,9,ur,0,400CCCCD,00000000,0,2,0.126747146
sfcdif1,stable_moderate,10,mpe,0,358637BD,00000000,0,0,0.00000000
sfcdif1,stable_moderate,11,moz,0,3D4CCCCD,00000000,0,0,0.00000000
sfcdif1,stable_moderate,12,fm,0,BE99999A,00000000,0,5,0.149999976
sfcdif1,stable_moderate,13,fh,0,BE8F5C29,00000000,0,2,0.139999986
sfcdif1,stable_moderate,14,fm2,0,BE19999A,00000000,0,1,0.749999881E-1
sfcdif1,stable_moderate,15,fh2,0,BE0F5C29,00000000,0,2,0.699999928E-1
sfcdif1,stable_moderate,16,fv,0,3E4CB296,00000000,0,9,2.17630553
sfcdif1,sign_flip_counts,1,sfctmp,0,43920000,00000000,0,9,3.73443866
sfcdif1,sign_flip_counts,2,rhoair,0,3F947AE1,00000000,0,9,3.73443866
sfcdif1,sign_flip_counts,3,h,0,43200000,00000000,0,9,1.34924543
sfcdif1,sign_flip_counts,4,qair,0,3C1374BC,00000000,0,9,0.741124153E-2
sfcdif1,sign_flip_counts,5,zlvl,0,41400000,40400000,0,7,1.05650723
sfcdif1,sign_flip_counts,6,zpd,0,3F000000,00000000,0,7,0.586948395E-1
sfcdif1,sign_flip_counts,7,z0m,0,3DA3D70A,00000000,0,4,0.264697462
sfcdif1,sign_flip_counts,8,z0h,0,3DA3D70A,00000000,0,4,0.387355424E-1
sfcdif1,sign_flip_counts,9,ur,0,40333333,00000000,0,2,0.264697462
sfcdif1,sign_flip_counts,10,mpe,0,358637BD,00000000,0,0,0.00000000
sfcdif1,sign_flip_counts,11,moz,0,3E99999A,00000000,0,1,1.00000000
sfcdif1,sign_flip_counts,12,fm,0,3E4CCCCD,00000000,0,5,0.100000024
sfcdif1,sign_flip_counts,13,fh,0,3E3851EC,00000000,0,2,0.900000334E-1
sfcdif1,sign_flip_counts,14,fm2,0,3DF5C28F,00000000,0,1,0.600000024E-1
sfcdif1,sign_flip_counts,15,fh2,0,3DCCCCCD,00000000,0,2,0.500000119E-1
sfcdif1,sign_flip_counts,16,fv,0,3E800000,00000000,0,9,3.73443866
sfcdif1,sign_flip_resets,1,sfctmp,0,438F8000,00000000,0,0,0.00000000
sfcdif1,sign_flip_resets,2,rhoair,0,3F99999A,00000000,0,0,0.00000000
sfcdif1,sign_flip_resets,3,h,0,42BE0000,00000000,0,0,0.00000000
sfcdif1,sign_flip_resets,4,qair,0,3BE56042,00000000,0,0,0.00000000
sfcdif1,sign_flip_resets,5,zlvl,0,41000000,40400000,0,4,0.587828159E-1
sfcdif1,sign_flip_resets,6,zpd,0,3ECCCCCD,00000000,0,4,0.216528773E-2
sfcdif1,sign_flip_resets,7,z0m,0,3D75C28F,00000000,0,4,0.206545055
sfcdif1,sign_flip_resets,8,z0h,0,3D75C28F,00000000,0,2,0.233640540E-1
sfcdif1,sign_flip_resets,9,ur,0,40200000,00000000,0,2,0.206545055
sfcdif1,sign_flip_resets,10,mpe,0,358637BD,00000000,0,0,0.00000000
sfcdif1,sign_flip_resets,11,moz,0,3E800000,00000000,0,10,1.00000000
sfcdif1,sign_flip_resets,12,fm,0,3EE66666,00000000,0,0,0.00000000
sfcdif1,sign_flip_resets,13,fh,0,3ED70A3D,00000000,0,0,0.00000000
sfcdif1,sign_flip_resets,14,fm2,0,3E6147AE,00000000,0,0,0.00000000
sfcdif1,sign_flip_resets,15,fh2,0,3E4CCCCD,00000000,0,0,0.00000000
sfcdif1,sign_flip_resets,16,fv,0,3E8F5C29,00000000,0,0,0.00000000
sfcdif1,mozsgn_already_two,1,sfctmp,0,438E0000,00000000,0,0,0.00000000
sfcdif1,mozsgn_already_two,2,rhoair,0,3F9C28F6,00000000,0,0,0.00000000
sfcdif1,mozsgn_already_two,3,h,0,428C0000,00000000,0,0,0.00000000
sfcdif1,mozsgn_already_two,4,qair,0,3BB43958,00000000,0,0,0.00000000
sfcdif1,mozsgn_already_two,5,zlvl,0,40C00000,40400000,0,4,0.275539756E-1
sfcdif1,mozsgn_already_two,6,zpd,0,3E4CCCCD,00000000,0,4,0.108760595E-2
sfcdif1,mozsgn_already_two,7,z0m,0,3D23D70A,00000000,0,4,0.160748005
sfcdif1,mozsgn_already_two,8,z0h,0,3D23D70A,00000000,0,2,0.163535234E-1
sfcdif1,mozsgn_already_two,9,ur,0,40000000,00000000,0,2,0.160748005
sfcdif1,mozsgn_already_two,10,mpe,0,358637BD,00000000,0,0,0.00000000
sfcdif1,mozsgn_already_two,11,moz,0,BECCCCCD,00000000,0,0,0.00000000
sfcdif1,mozsgn_already_two,12,fm,0,3F333333,00000000,0,0,0.00000000
sfcdif1,mozsgn_already_two,13,fh,0,3F266666,00000000,0,0,0.00000000
sfcdif1,mozsgn_already_two,14,fm2,0,3EA8F5C3,00000000,0,0,0.00000000
sfcdif1,mozsgn_already_two,15,fh2,0,3E99999A,00000000,0,0,0.00000000
sfcdif1,mozsgn_already_two,16,fv,0,3E6147AE,00000000,0,0,0.00000000
sfcdif1,mpe_floors_tmp1,1,sfctmp,0,438F0000,00000000,0,9,4.21790648
sfcdif1,mpe_floors_tmp1,2,rhoair,0,3F9851EC,00000000,0,9,4.21790648
sfcdif1,mpe_floors_tmp1,3,h,0,3951B717,00000000,0,0,0.00000000
sfcdif1,mpe_floors_tmp1,4,qair,0,3BC49BA6,00000000,0,0,0.00000000
sfcdif1,mpe_floors_tmp1,5,zlvl,0,41200000,40400000,0,7,0.105488747
sfcdif1,mpe_floors_tmp1,6,zpd,0,3F0CCCCD,00000000,0,7,0.465539098E-2
sfcdif1,mpe_floors_tmp1,7,z0m,0,3D8F5C29,00000000,0,4,0.271852612
sfcdif1,mpe_floors_tmp1,8,z0h,0,3D8F5C29,00000000,0,4,0.330567509E-1
sfcdif1,mpe_floors_tmp1,9,ur,0,404CCCCD,00000000,0,2,0.271852612
sfcdif1,mpe_floors_tmp1,10,mpe,0,38D1B717,00000000,0,9,0.916403979E-1
sfcdif1,mpe_floors_tmp1,11,moz,0,BD4CCCCD,00000000,0,0,0.00000000
sfcdif1,mpe_floors_tmp1,12,fm,0,3E99999A,00000000,0,5,0.150000006
sfcdif1,mpe_floors_tmp1,13,fh,0,3E947AE1,00000000,0,2,0.144999996
sfcdif1,mpe_floors_tmp1,14,fm2,0,3E23D70A,00000000,0,1,0.799999982E-1
sfcdif1,mpe_floors_tmp1,15,fh2,0,3E19999A,00000000,0,2,0.750000030E-1
sfcdif1,mpe_floors_tmp1,16,fv,0,3EA8F5C3,00000000,0,9,4.21790648
sfcdif1,moz_clamped_to_one,1,sfctmp,0,43880000,00000000,0,0,0.00000000
sfcdif1,moz_clamped_to_one,2,rhoair,0,3FA66666,00000000,0,0,0.00000000
sfcdif1,moz_clamped_to_one,3,h,0,C2B40000,00000000,0,10,2.85440874
sfcdif1,moz_clamped_to_one,4,qair,0,3B03126F,00000000,0,0,0.00000000
sfcdif1,moz_clamped_to_one,5,zlvl,0,41200000,40400000,0,4,0.116546527E-1
sfcdif1,moz_clamped_to_one,6,zpd,0,3E99999A,00000000,0,4,0.236324966E-3
sfcdif1,moz_clamped_to_one,7,z0m,0,3CF5C28F,00000000,0,4,0.683473796E-1
sfcdif1,moz_clamped_to_one,8,z0h,0,3CF5C28F,00000000,0,2,0.393106369E-2
sfcdif1,moz_clamped_to_one,9,ur,0,3FC00000,00000000,0,2,0.683473796E-1
sfcdif1,moz_clamped_to_one,10,mpe,0,358637BD,00000000,0,0,0.00000000
sfcdif1,moz_clamped_to_one,11,moz,0,3F4CCCCD,00000000,0,0,0.00000000
sfcdif1,moz_clamped_to_one,12,fm,0,BF800000,00000000,0,5,0.500000000
sfcdif1,moz_clamped_to_one,13,fh,0,BF733333,00000000,0,2,0.474999905
sfcdif1,moz_clamped_to_one,14,fm2,0,BF000000,00000000,0,1,0.250000000
sfcdif1,moz_clamped_to_one,15,fh2,0,BEF5C28F,00000000,0,2,0.240000010
sfcdif1,moz_clamped_to_one,16,fv,0,3D23D70A,00000000,0,0,0.00000000
sfcdif1,clamps_bind,1,sfctmp,0,43930000,00000000,0,1,0.00000000
sfcdif1,clamps_bind,2,rhoair,0,3F8F5C29,00000000,0,1,0.00000000
sfcdif1,clamps_bind,3,h,0,42AC0000,00000000,0,9,32.5575447
sfcdif1,clamps_bind,4,qair,0,3C343958,00000000,0,1,0.402772427E-2
sfcdif1,clamps_bind,5,zlvl,0,40200000,40400000,0,7,14.2449608
sfcdif1,clamps_bind,6,zpd,0,3F000000,00000000,0,7,14.2449608
sfcdif1,clamps_bind,7,z0m,0,3F800000,00000000,0,6,37.8200874
sfcdif1,clamps_bind,8,z0h,0,3F800000,00000000,0,5,37.8200874
sfcdif1,clamps_bind,9,ur,0,3FE66666,00000000,0,2,37.8200874
sfcdif1,clamps_bind,10,mpe,0,358637BD,00000000,0,0,0.00000000
sfcdif1,clamps_bind,11,moz,0,BE99999A,00000000,0,0,0.00000000
sfcdif1,clamps_bind,12,fm,0,3F99999A,00000000,0,5,30.8754311
sfcdif1,clamps_bind,13,fh,0,3F800000,00000000,0,0,0.00000000
sfcdif1,clamps_bind,14,fm2,0,3F8CCCCD,00000000,0,1,0.456943929
sfcdif1,clamps_bind,15,fh2,0,3F800000,00000000,0,2,16.7742634
sfcdif1,clamps_bind,16,fv,0,3E19999A,00000000,0,1,0.00000000
sfcdif1,degenerate_guards,1,sfctmp,0,43908000,00000000,0,0,0.00000000
sfcdif1,degenerate_guards,2,rhoair,0,3F95C28F,00000000,0,0,0.00000000
sfcdif1,degenerate_guards,3,h,0,430C0000,00000000,0,0,0.00000000
sfcdif1,degenerate_guards,4,qair,0,3C03126F,00000000,0,0,0.00000000
sfcdif1,degenerate_guards,5,zlvl,0,4A742410,40400000,0,6,0.319999836E+12
sfcdif1,degenerate_guards,6,zpd,0,40000000,00000000,0,0,0.00000000
sfcdif1,degenerate_guards,7,z0m,0,4A742400,00000000,0,4,0.320000033E+12
sfcdif1,degenerate_guards,8,z0h,0,4A742400,00000000,0,2,0.320000033E+12
sfcdif1,degenerate_guards,9,ur,0,40000000,00000000,0,2,0.320000033E+12
sfcdif1,degenerate_guards,10,mpe,0,358637BD,00000000,0,4,0.108737561E+13
sfcdif1,degenerate_guards,11,moz,0,BE19999A,00000000,0,0,0.00000000
sfcdif1,degenerate_guards,12,fm,0,3F666666,00000000,0,0,0.00000000
sfcdif1,degenerate_guards,13,fh,0,3F4CCCCD,00000000,0,0,0.00000000
sfcdif1,degenerate_guards,14,fm2,0,3F19999A,00000000,0,0,0.00000000
sfcdif1,degenerate_guards,15,fh2,0,3F000000,00000000,0,0,0.00000000
sfcdif1,degenerate_guards,16,fv,0,3ECCCCCD,00000000,0,0,0.00000000
stomata,forest_wj_limited,1,mpe,0,358637BD,00000000,0,0,0.00000000
stomata,forest_wj_limited,2,apar,0,40A00000,00000000,0,2,16689.2734
stomata,forest_wj_limited,3,foln,0,3F99999A,00000000,0,2,16689.2734
stomata,forest_wj_limited,4,tv,0,43950000,00000000,0,2,16689.2734
stomata,forest_wj_limited,5,ei,0,45462000,00000000,0,2,0.00000000
stomata,forest_wj_limited,6,ea,0,45034000,00000000,0,2,4227.64795
stomata,forest_wj_limited,7,sfctmp,0,43940000,00000000,0,2,0.182509422E-3
stomata,forest_wj_limited,8,sfcprs,0,47BD7400,00000000,0,2,0.00000000
stomata,forest_wj_limited,9,fveg,0,3F733333,00000000,0,2,2589.04028
stomata,forest_wj_limited,10,o2,0,46A34800,00000000,0,2,573.013916
stomata,forest_wj_limited,11,co2,0,42200000,00000000,0,2,16689.2734
stomata,forest_wj_limited,12,igs,0,3F800000,00000000,0,2,16689.2734
stomata,forest_wj_limited,13,btran,0,3F4CCCCD,00000000,0,2,16689.2734
stomata,forest_wj_limited,14,rb,0,41C80000,00000000,0,2,16.4492188
stomata,forest_wj_limited,15,bp,0,44FA0000,00000000,0,2,640.692627
stomata,forest_wj_limited,16,folnmx,0,3FC00000,00000000,0,0,0.00000000
stomata,forest_wj_limited,17,qe25,0,3D75C28F,00000000,0,2,16689.2734
stomata,forest_wj_limited,18,kc25,0,41F00000,00000000,0,2,573.013916
stomata,forest_wj_limited,19,akc,0,40066666,00000000,0,2,16689.2734
stomata,forest_wj_limited,20,ko25,0,46EA6000,00000000,0,2,16689.2734
stomata,forest_wj_limited,21,ako,0,3F99999A,00000000,0,2,573.013916
stomata,forest_wj_limited,22,vcmx25,0,42480000,00000000,0,2,16689.2734
stomata,forest_wj_limited,23,avcmx,0,4019999A,00000000,0,2,0.00000000
stomata,forest_wj_limited,24,c3psn,0,3F800000,00000000,0,2,573.013916
stomata,forest_wj_limited,25,mp,0,40C00000,00000000,0,2,16689.2734
stomata,dry_canopy_ci_floor,1,mpe,0,358637BD,00000000,0,0,0.00000000
stomata,dry_canopy_ci_floor,2,apar,0,44160000,00000000,0,2,19797.4277
stomata,dry_canopy_ci_floor,3,foln,0,3FE66666,00000000,0,2,19797.4277
stomata,dry_canopy_ci_floor,4,tv,0,43968000,00000000,0,2,19797.4277
stomata,dry_canopy_ci_floor,5,ei,0,4573C000,00000000,0,2,0.00000000
stomata,dry_canopy_ci_floor,6,ea,0,43C80000,00000000,0,0,0.00000000
stomata,dry_canopy_ci_floor,7,sfctmp,0,43958000,00000000,0,1,0.00000000
stomata,dry_canopy_ci_floor,8,sfcprs,0,47C35000,00000000,0,2,0.00000000
stomata,dry_canopy_ci_floor,9,fveg,0,3F4CCCCD,00000000,0,0,0.00000000
stomata,dry_canopy_ci_floor,10,o2,0,46A34800,00000000,0,2,86.9799805
stomata,dry_canopy_ci_floor,11,co2,0,42200000,00000000,0,2,19797.4277
stomata,dry_canopy_ci_floor,12,igs,0,3F800000,00000000,0,2,19797.4277
stomata,dry_canopy_ci_floor,13,btran,0,3F19999A,00000000,0,2,19797.4277
stomata,dry_canopy_ci_floor,14,rb,0,40A00000,00000000,0,1,18.9404907
stomata,dry_canopy_ci_floor,15,bp,0,44FA0000,00000000,0,2,0.00000000
stomata,dry_canopy_ci_floor,16,folnmx,0,3FC00000,00000000,0,0,0.00000000
stomata,dry_canopy_ci_floor,17,qe25,0,3D6147AE,00000000,0,2,19797.4277
stomata,dry_canopy_ci_floor,18,kc25,0,41F00000,00000000,0,2,86.9799805
stomata,dry_canopy_ci_floor,19,akc,0,40066666,00000000,0,2,86.9799805
stomata,dry_canopy_ci_floor,20,ko25,0,46EA6000,00000000,0,2,19797.4277
stomata,dry_canopy_ci_floor,21,ako,0,3F99999A,00000000,0,2,19797.4277
stomata,dry_canopy_ci_floor,22,vcmx25,0,42F00000,00000000,0,2,19797.4277
stomata,dry_canopy_ci_floor,23,avcmx,0,4019999A,00000000,0,2,19797.4277
stomata,dry_canopy_ci_floor,24,c3psn,0,3F800000,00000000,0,2,185.237320
stomata,dry_canopy_ci_floor,25,mp,0,40C00000,00000000,0,1,19797.4277
stomata,crop_we_limited,1,mpe,0,358637BD,00000000,0,0,0.00000000
stomata,crop_we_limited,2,apar,0,43D20000,00000000,0,2,20002.5723
stomata,crop_we_limited,3,foln,0,4019999A,00000000,0,2,20002.5723
stomata,crop_we_limited,4,tv,0,43960000,00000000,0,2,20002.5723
stomata,crop_we_limited,5,ei,0,45610000,00000000,0,2,0.00000000
stomata,crop_we_limited,6,ea,0,4573C000,00000000,0,2,127.680511
stomata,crop_we_limited,7,sfctmp,0,43948000,00000000,0,1,0.00000000
stomata,crop_we_limited,8,sfcprs,0,47C15C00,00000000,0,2,0.00000000
stomata,crop_we_limited,9,fveg,0,3F666666,00000000,0,0,0.00000000
stomata,crop_we_limited,10,o2,0,46A34800,00000000,0,0,0.00000000
stomata,crop_we_limited,11,co2,0,42200000,00000000,0,2,20002.5723
stomata,crop_we_limited,12,igs,0,3F666666,00000000,0,2,20002.5723
stomata,crop_we_limited,13,btran,0,3F800000,00000000,0,2,20002.5723
stomata,crop_we_limited,14,rb,0,41400000,00000000,0,1,1.81850052
stomata,crop_we_limited,15,bp,0,44FA0000,00000000,0,1,0.965003967E-1
stomata,crop_we_limited,16,folnmx,0,3FC00000,00000000,0,0,0.00000000
stomata,crop_we_limited,17,qe25,0,3D851EB8,00000000,0,2,20002.5723
stomata,crop_we_limited,18,kc25,0,41200000,00000000,0,0,0.00000000
stomata,crop_we_limited,19,akc,0,3FE66666,00000000,0,0,0.00000000
stomata,crop_we_limited,20,ko25,0,46EA6000,00000000,0,2,20002.5723
stomata,crop_we_limited,21,ako,0,3FA66666,00000000,0,2,20002.5723
stomata,crop_we_limited,22,vcmx25,0,42A00000,00000000,0,2,20002.5723
stomata,crop_we_limited,23,avcmx,0,400CCCCD,00000000,0,2,20002.5723
stomata,crop_we_limited,24,c3psn,0,3F800000,00000000,0,2,39.2493172
stomata,crop_we_limited,25,mp,0,41100000,00000000,0,1,20002.5723
stomata,c4_pathway,1,mpe,0,358637BD,00000000,0,0,0.00000000
stomata,c4_pathway,2,apar,0,439B0000,00000000,0,2,9747.49512
stomata,c4_pathway,3,foln,0,3FCCCCCD,00000000,0,2,9747.49414
stomata,c4_pathway,4,tv,0,43978000,00000000,0,2,9747.49414
stomata,c4_pathway,5,ei,0,4584D000,00000000,0,2,0.00000000
stomata,c4_pathway,6,ea,0,45228000,00000000,0,1,13.5627174
stomata,c4_pathway,7,sfctmp,0,43968000,00000000,0,1,0.00000000
stomata,c4_pathway,8,sfcprs,0,47BF6800,00000000,0,2,0.00000000
stomata,c4_pathway,9,fveg,0,3F59999A,00000000,0,0,0.00000000
stomata,c4_pathway,10,o2,0,46A34800,00000000,0,0,0.00000000
stomata,c4_pathway,11,co2,0,42200000,00000000,0,2,51.3803329
stomata,c4_pathway,12,igs,0,3F800000,00000000,0,2,9747.49414
stomata,c4_pathway,13,btran,0,3F333333,00000000,0,2,9747.49414
stomata,c4_pathway,14,rb,0,41A00000,00000000,0,1,13.5179024
stomata,c4_pathway,15,bp,0,457A0000,00000000,0,1,0.210929871
stomata,c4_pathway,16,folnmx,0,3FC00000,00000000,0,0,0.00000000
stomata,c4_pathway,17,qe25,0,3D23D70A,00000000,0,2,9747.49414
stomata,c4_pathway,18,kc25,0,41F00000,00000000,0,0,0.00000000
stomata,c4_pathway,19,akc,0,40066666,00000000,0,0,0.00000000
stomata,c4_pathway,20,ko25,0,46EA6000,00000000,0,0,0.00000000
stomata,c4_pathway,21,ako,0,3F99999A,00000000,0,0,0.00000000
stomata,c4_pathway,22,vcmx25,0,425C0000,00000000,0,2,9747.49414
stomata,c4_pathway,23,avcmx,0,4019999A,00000000,0,2,9747.49414
stomata,c4_pathway,24,c3psn,0,00000000,00000000,1,0,0.00000000
stomata,c4_pathway,25,mp,0,41100000,00000000,0,1,9747.49414
stomata,dark_early_return,1,mpe,0,358637BD,00000000,0,0,0.00000000
stomata,dark_early_return,2,apar,0,00000000,00000000,1,0,0.00000000
stomata,dark_early_return,3,foln,0,3FC00000,00000000,0,0,0.00000000
stomata,dark_early_return,4,tv,0,43900000,00000000,0,0,0.00000000
stomata,dark_early_return,5,ei,0,44D48000,00000000,0,0,0.00000000
stomata,dark_early_return,6,ea,0,44BB8000,00000000,0,0,0.00000000
stomata,dark_early_return,7,sfctmp,0,438F8000,00000000,0,1,0.00000000
stomata,dark_early_return,8,sfcprs,0,47C54400,00000000,0,1,0.423281676E-7
stomata,dark_early_return,9,fveg,0,3F19999A,00000000,0,0,0.00000000
stomata,dark_early_return,10,o2,0,46A34800,00000000,0,0,0.00000000
stomata,dark_early_return,11,co2,0,42200000,00000000,0,0,0.00000000
stomata,dark_early_return,12,igs,0,3F000000,00000000,0,0,0.00000000
stomata,dark_early_return,13,btran,0,3F666666,00000000,0,0,0.00000000
stomata,dark_early_return,14,rb,0,41F00000,00000000,0,0,0.00000000
stomata,dark_early_return,15,bp,0,58635FA9,00000000,0,1,0.00000000
stomata,dark_early_return,16,folnmx,0,00000000,00000000,1,0,0.00000000
stomata,dark_early_return,17,qe25,0,00000000,00000000,1,0,0.00000000
stomata,dark_early_return,18,kc25,0,41F00000,00000000,0,0,0.00000000
stomata,dark_early_return,19,akc,0,40066666,00000000,0,0,0.00000000
stomata,dark_early_return,20,ko25,0,46EA6000,00000000,0,0,0.00000000
stomata,dark_early_return,21,ako,0,3F99999A,00000000,0,0,0.00000000
stomata,dark_early_return,22,vcmx25,0,00000000,00000000,1,0,0.00000000
stomata,dark_early_return,23,avcmx,0,4019999A,00000000,0,0,0.00000000
stomata,dark_early_return,24,c3psn,0,3F800000,00000000,0,0,0.00000000
stomata,dark_early_return,25,mp,0,41100000,00000000,0,0,0.00000000
stomata,fveg_clamp_folnmx_zero,1,mpe,0,358637BD,00000000,0,0,0.00000000
stomata,fveg_clamp_folnmx_zero,2,apar,0,33D6BF95,00000000,0,2,3283.93945
stomata,fveg_clamp_folnmx_zero,3,foln,0,3F666666,00000000,0,2,3283.93945
stomata,fveg_clamp_folnmx_zero,4,tv,0,43930000,00000000,0,2,3283.93945
stomata,fveg_clamp_folnmx_zero,5,ei,0,45228000,00000000,0,2,0.00000000
stomata,fveg_clamp_folnmx_zero,6,ea,0,44ED8000,00000000,0,2,2017.22070
stomata,fveg_clamp_folnmx_zero,7,sfctmp,0,43928000,00000000,0,2,0.271946192E-6
stomata,fveg_clamp_folnmx_zero,8,sfcprs,0,47BB8000,00000000,0,2,0.00000000
stomata,fveg_clamp_folnmx_zero,9,fveg,0,33D6BF95,00000000,0,0,0.00000000
stomata,fveg_clamp_folnmx_zero,10,o2,0,46A34800,00000000,0,2,349.636719
stomata,fveg_clamp_folnmx_zero,11,co2,0,42200000,00000000,0,2,3283.93945
stomata,fveg_clamp_folnmx_zero,12,igs,0,3F800000,00000000,0,2,3283.93945
stomata,fveg_clamp_folnmx_zero,13,btran,0,3F000000,00000000,0,2,3283.93945
stomata,fveg_clamp_folnmx_zero,14,rb,0,420C0000,00000000,0,2,2.34570312
stomata,fveg_clamp_folnmx_zero,15,bp,0,44FA0000,00000000,0,2,86119.2578
stomata,fveg_clamp_folnmx_zero,16,folnmx,0,00000000,00000000,1,0,0.00000000
stomata,fveg_clamp_folnmx_zero,17,qe25,0,3D8F5C29,00000000,0,2,3283.93945
stomata,fveg_clamp_folnmx_zero,18,kc25,0,41D00000,00000000,0,2,349.636719
stomata,fveg_clamp_folnmx_zero,19,akc,0,40000000,00000000,0,2,3283.93945
stomata,fveg_clamp_folnmx_zero,20,ko25,0,46DAC000,00000000,0,2,3283.93945
stomata,fveg_clamp_folnmx_zero,21,ako,0,3F8CCCCD,00000000,0,2,349.636719
stomata,fveg_clamp_folnmx_zero,22,vcmx25,0,42340000,00000000,0,2,3283.93945
stomata,fveg_clamp_folnmx_zero,23,avcmx,0,40133333,00000000,0,2,0.00000000
stomata,fveg_clamp_folnmx_zero,24,c3psn,0,3F800000,00000000,0,2,349.636719
stomata,fveg_clamp_folnmx_zero,25,mp,0,41000000,00000000,0,2,3283.93945
stomata,highland_crop_b_nonneg,1,mpe,0,358637BD,00000000,0,0,0.00000000
stomata,highland_crop_b_nonneg,2,apar,0,43BE0000,00000000,0,2,12367.6182
stomata,highland_crop_b_nonneg,3,foln,0,40000000,00000000,0,2,12367.6182
stomata,highland_crop_b_nonneg,4,tv,0,43920000,00000000,0,2,12367.6182
stomata,highland_crop_b_nonneg,5,ei,0,45160000,00000000,0,2,0.00000000
stomata,highland_crop_b_nonneg,6,ea,0,44C80000,00000000,0,2,108.056961
stomata,highland_crop_b_nonneg,7,sfctmp,0,43910000,00000000,0,2,0.659635544
stomata,highland_crop_b_nonneg,8,sfcprs,0,476A6000,00000000,0,2,0.00000000
stomata,highland_crop_b_nonneg,9,fveg,0,3F6B851F,00000000,0,0,0.00000000
stomata,highland_crop_b_nonneg,10,o2,0,46435000,00000000,0,2,21.4336929
stomata,highland_crop_b_nonneg,11,co2,0,41C00000,00000000,0,2,12367.6182
stomata,highland_crop_b_nonneg,12,igs,0,3F800000,00000000,0,2,12367.6182
stomata,highland_crop_b_nonneg,13,btran,0,3F800000,00000000,0,2,12367.6182
stomata,highland_crop_b_nonneg,14,rb,0,42480000,00000000,0,2,22.2239609
stomata,highland_crop_b_nonneg,15,bp,0,44FA0000,00000000,0,2,0.628173828
stomata,highland_crop_b_nonneg,16,folnmx,0,3FC00000,00000000,0,0,0.00000000
stomata,highland_crop_b_nonneg,17,qe25,0,3D75C28F,00000000,0,2,12367.6182
stomata,highland_crop_b_nonneg,18,kc25,0,41F00000,00000000,0,2,27.3825912
stomata,highland_crop_b_nonneg,19,akc,0,40066666,00000000,0,2,12367.6182
stomata,highland_crop_b_nonneg,20,ko25,0,46EA6000,00000000,0,2,12367.6182
stomata,highland_crop_b_nonneg,21,ako,0,3F99999A,00000000,0,2,21.4336929
stomata,highland_crop_b_nonneg,22,vcmx25,0,42A00000,00000000,0,2,12367.6182
stomata,highland_crop_b_nonneg,23,avcmx,0,4019999A,00000000,0,2,0.00000000
stomata,highland_crop_b_nonneg,24,c3psn,0,3F800000,00000000,0,2,53.0747681
stomata,highland_crop_b_nonneg,25,mp,0,41100000,00000000,0,2,12367.6182
stomata,co2_starved_fine,1,mpe,0,358637BD,00000000,0,1,0.100460047E-4
stomata,co2_starved_fine,2,apar,0,43960000,00000000,0,2,19774.6914
stomata,co2_starved_fine,3,foln,0,3FB33333,00000000,0,2,19774.6914
stomata,co2_starved_fine,4,tv,0,43948000,00000000,0,2,19774.6895
stomata,co2_starved_fine,5,ei,0,453B8000,00000000,0,2,0.00000000
stomata,co2_starved_fine,6,ea,0,44FA0000,00000000,0,1,0.181898940E-11
stomata,co2_starved_fine,7,sfctmp,0,43938000,00000000,0,2,2.53298569
stomata,co2_starved_fine,8,sfcprs,0,47BD7400,00000000,0,2,0.00000000
stomata,co2_starved_fine,9,fveg,0,3F6147AE,00000000,0,0,0.00000000
stomata,co2_starved_fine,10,o2,0,43480000,00000000,0,2,0.550589561E-1
stomata,co2_starved_fine,11,co2,0,3F000000,00000000,0,2,19774.6914
stomata,co2_starved_fine,12,igs,0,3F800000,00000000,0,2,19774.6914
stomata,co2_starved_fine,13,btran,0,3F666666,00000000,0,2,19774.6914
stomata,co2_starved_fine,14,rb,0,42480000,00000000,0,2,12.0375223
stomata,co2_starved_fine,15,bp,0,44FA0000,00000000,0,2,0.00000000
stomata,co2_starved_fine,16,folnmx,0,3FC00000,00000000,0,2,0.483164787
stomata,co2_starved_fine,17,qe25,0,3D75C28F,00000000,0,2,19774.6914
stomata,co2_starved_fine,18,kc25,0,40400000,00000000,0,2,15.4515266
stomata,co2_starved_fine,19,akc,0,40066666,00000000,0,2,19774.6914
stomata,co2_starved_fine,20,ko25,0,46EA6000,00000000,0,2,19774.6914
stomata,co2_starved_fine,21,ako,0,3F99999A,00000000,0,2,0.550589561E-1
stomata,co2_starved_fine,22,vcmx25,0,42700000,00000000,0,2,19774.6914
stomata,co2_starved_fine,23,avcmx,0,4019999A,00000000,0,2,0.00000000
stomata,co2_starved_fine,24,c3psn,0,3F800000,00000000,0,2,69.8832092
stomata,co2_starved_fine,25,mp,0,40C00000,00000000,0,1,19774.6914
stomata,co2_starved_coarse,1,mpe,0,3A83126F,00000000,0,1,0.100232484E-1
stomata,co2_starved_coarse,2,apar,0,43910000,00000000,0,2,15546.2617
stomata,co2_starved_coarse,3,foln,0,3FA66666,00000000,0,2,15546.2617
stomata,co2_starved_coarse,4,tv,0,43940000,00000000,0,2,15546.2617
stomata,co2_starved_coarse,5,ei,0,45354000,00000000,0,2,0.00000000
stomata,co2_starved_coarse,6,ea,0,44E10000,00000000,0,1,0.775791705E-6
stomata,co2_starved_coarse,7,sfctmp,0,43930000,00000000,0,2,1.98929596
stomata,co2_starved_coarse,8,sfcprs,0,47B98C00,00000000,0,2,0.00000000
stomata,co2_starved_coarse,9,fveg,0,3F5C28F6,00000000,0,0,0.00000000
stomata,co2_starved_coarse,10,o2,0,43340000,00000000,0,2,1.62876940
stomata,co2_starved_coarse,11,co2,0,3ECCCCCD,00000000,0,2,15546.2617
stomata,co2_starved_coarse,12,igs,0,3F800000,00000000,0,2,15546.2617
stomata,co2_starved_coarse,13,btran,0,3F59999A,00000000,0,2,15546.2617
stomata,co2_starved_coarse,14,rb,0,42400000,00000000,0,2,9.78693199
stomata,co2_starved_coarse,15,bp,0,451C4000,00000000,0,2,0.00000000
stomata,co2_starved_coarse,16,folnmx,0,3FB33333,00000000,0,2,0.448567390
stomata,co2_starved_coarse,17,qe25,0,3D6D9168,00000000,0,2,15546.2617
stomata,co2_starved_coarse,18,kc25,0,40200000,00000000,0,2,12.6095543
stomata,co2_starved_coarse,19,akc,0,400CCCCD,00000000,0,2,15546.2617
stomata,co2_starved_coarse,20,ko25,0,46F23000,00000000,0,2,15546.2617
stomata,co2_starved_coarse,21,ako,0,3FA00000,00000000,0,2,1.62876940
stomata,co2_starved_coarse,22,vcmx25,0,42680000,00000000,0,2,15546.2617
stomata,co2_starved_coarse,23,avcmx,0,40200000,00000000,0,2,0.00000000
stomata,co2_starved_coarse,24,c3psn,0,3F800000,00000000,0,2,69.5157013
stomata,co2_starved_coarse,25,mp,0,40E00000,00000000,0,1,15546.2617
stomata,igs_zero_dormant,1,mpe,0,358637BD,00000000,0,0,0.00000000
stomata,igs_zero_dormant,2,apar,0,43160000,00000000,0,0,0.00000000
stomata,igs_zero_dormant,3,foln,0,3F8CCCCD,00000000,0,0,0.00000000
stomata,igs_zero_dormant,4,tv,0,438E8000,00000000,0,0,0.00000000
stomata,igs_zero_dormant,5,ei,0,44ED8000,00000000,0,2,0.00000000
stomata,igs_zero_dormant,6,ea,0,44A28000,00000000,0,0,0.00000000
stomata,igs_zero_dormant,7,sfctmp,0,438E0000,00000000,0,1,0.00000000
stomata,igs_zero_dormant,8,sfcprs,0,47C25600,00000000,0,2,0.00000000
stomata,igs_zero_dormant,9,fveg,0,3F400000,00000000,0,0,0.00000000
stomata,igs_zero_dormant,10,o2,0,46A34800,00000000,0,0,0.00000000
stomata,igs_zero_dormant,11,co2,0,42180000,00000000,0,0,0.00000000
stomata,igs_zero_dormant,12,igs,0,00000000,00000000,1,0,0.00000000
stomata,igs_zero_dormant,13,btran,0,3ECCCCCD,00000000,0,0,0.00000000
stomata,igs_zero_dormant,14,rb,0,41E00000,00000000,0,0,0.00000000
stomata,igs_zero_dormant,15,bp,0,453B8000,00000000,0,2,0.00000000
stomata,igs_zero_dormant,16,folnmx,0,3FCCCCCD,00000000,0,0,0.00000000
stomata,igs_zero_dormant,17,qe25,0,3D4CCCCD,00000000,0,0,0.00000000
stomata,igs_zero_dormant,18,kc25,0,41E00000,00000000,0,0,0.00000000
stomata,igs_zero_dormant,19,akc,0,3FF33333,00000000,0,0,0.00000000
stomata,igs_zero_dormant,20,ko25,0,46E29000,00000000,0,0,0.00000000
stomata,igs_zero_dormant,21,ako,0,3F933333,00000000,0,0,0.00000000
stomata,igs_zero_dormant,22,vcmx25,0,420C0000,00000000,0,0,0.00000000
stomata,igs_zero_dormant,23,avcmx,0,40066666,00000000,0,2,0.00000000
stomata,igs_zero_dormant,24,c3psn,0,3F800000,00000000,0,0,0.00000000
stomata,igs_zero_dormant,25,mp,0,40A00000,00000000,0,0,0.00000000
