leaf,case,slot,name,index,baseline_bits,already_zero,noutputs_changed,max_abs_delta
atm,warm_dry_noon,1,sfcprs,0,47BC7A00,0,3,1572.72717
atm,warm_dry_noon,2,sfctmp,0,43951333,0,4,298.149994
atm,warm_dry_noon,3,q2,0,3C271DE7,0,3,1572.72717
atm,warm_dry_noon,4,prcpconv,0,00000000,1,0,0.00000000
atm,warm_dry_noon,5,prcpnonc,0,00000000,1,0,0.00000000
atm,warm_dry_noon,6,prcpshcv,0,00000000,1,0,0.00000000
atm,warm_dry_noon,7,prcpsnow,0,00000000,1,0,0.00000000
atm,warm_dry_noon,8,prcpgrpl,0,00000000,1,0,0.00000000
atm,warm_dry_noon,9,prcphail,0,00000000,1,0,0.00000000
atm,warm_dry_noon,10,soldn,0,44430000,0,5,780.000000
atm,warm_dry_noon,11,cosz,0,3F5EB852,0,5,780.000000
atm,warm_rain_afternoon,1,sfcprs,0,47B9F000,0,3,1838.44275
atm,warm_rain_afternoon,2,sfctmp,0,43918000,0,6,291.000000
atm,warm_rain_afternoon,3,q2,0,3C463F14,0,3,1838.44275
atm,warm_rain_afternoon,4,prcpconv,0,3A83126F,0,5,0.100000016E-2
atm,warm_rain_afternoon,5,prcpnonc,0,3B23D70A,0,4,0.249999994E-2
atm,warm_rain_afternoon,6,prcpshcv,0,00000000,1,0,0.00000000
atm,warm_rain_afternoon,7,prcpsnow,0,00000000,1,0,0.00000000
atm,warm_rain_afternoon,8,prcpgrpl,0,00000000,1,0,0.00000000
atm,warm_rain_afternoon,9,prcphail,0,00000000,1,0,0.00000000
atm,warm_rain_afternoon,10,soldn,0,43700000,0,5,240.000000
atm,warm_rain_afternoon,11,cosz,0,3ED1EB85,0,5,240.000000
atm,mixed_phase_lower,1,sfcprs,0,47BE0A00,0,3,593.067749
atm,mixed_phase_lower,2,sfctmp,0,43890000,0,6,274.000000
atm,mixed_phase_lower,3,q2,0,3B79096C,0,3,593.067749
atm,mixed_phase_lower,4,prcpconv,0,00000000,1,0,0.00000000
atm,mixed_phase_lower,5,prcpnonc,0,3AB78034,0,6,0.526315749
atm,mixed_phase_lower,6,prcpshcv,0,00000000,1,0,0.00000000
atm,mixed_phase_lower,7,prcpsnow,0,00000000,1,0,0.00000000
atm,mixed_phase_lower,8,prcpgrpl,0,00000000,1,0,0.00000000
atm,mixed_phase_lower,9,prcphail,0,00000000,1,0,0.00000000
atm,mixed_phase_lower,10,soldn,0,42F00000,0,5,120.000000
atm,mixed_phase_lower,11,cosz,0,3E6147AE,0,5,120.000000
atm,mixed_phase_upper,1,sfcprs,0,47BE0A00,0,3,686.460266
atm,mixed_phase_upper,2,sfctmp,0,4389C000,0,6,275.500000
atm,mixed_phase_upper,3,q2,0,3B902DE0,0,3,686.460266
atm,mixed_phase_upper,4,prcpconv,0,399D4952,0,5,0.300000072E-3
atm,mixed_phase_upper,5,prcpnonc,0,3A6BEDFA,0,6,0.900000043E-3
atm,mixed_phase_upper,6,prcpshcv,0,3951B717,0,6,0.200000009E-3
atm,mixed_phase_upper,7,prcpsnow,0,39D1B717,0,0,0.00000000
atm,mixed_phase_upper,8,prcpgrpl,0,3951B717,0,0,0.00000000
atm,mixed_phase_upper,9,prcphail,0,38D1B717,0,0,0.00000000
atm,mixed_phase_upper,10,soldn,0,43200000,0,5,160.000000
atm,mixed_phase_upper,11,cosz,0,3E9EB852,0,5,160.000000
atm,cold_all_snow,1,sfcprs,0,47ACA800,0,3,156.229965
atm,cold_all_snow,2,sfctmp,0,4382A666,0,3,261.299988
atm,cold_all_snow,3,q2,0,3A902DE0,0,3,156.229965
atm,cold_all_snow,4,prcpconv,0,00000000,1,0,0.00000000
atm,cold_all_snow,5,prcpnonc,0,3A51B717,0,5,0.526315749
atm,cold_all_snow,6,prcpshcv,0,00000000,1,0,0.00000000
atm,cold_all_snow,7,prcpsnow,0,3A449BA6,0,0,0.00000000
atm,cold_all_snow,8,prcpgrpl,0,3851B717,0,0,0.00000000
atm,cold_all_snow,9,prcphail,0,37FBA882,0,0,0.00000000
atm,cold_all_snow,10,soldn,0,42BE0000,0,5,95.0000000
atm,cold_all_snow,11,cosz,0,3E3851EC,0,5,95.0000000
atm,near_freezing_snow,1,sfcprs,0,47C18E00,0,3,651.607971
atm,near_freezing_snow,2,sfctmp,0,4388C000,0,3,273.500000
atm,near_freezing_snow,3,q2,0,3B86594B,0,3,651.607971
atm,near_freezing_snow,4,prcpconv,0,00000000,1,0,0.00000000
atm,near_freezing_snow,5,prcpnonc,0,3B4B295F,0,5,0.526315808
atm,near_freezing_snow,6,prcpshcv,0,00000000,1,0,0.00000000
atm,near_freezing_snow,7,prcpsnow,0,3B2A64C3,0,0,0.00000000
atm,near_freezing_snow,8,prcpgrpl,0,39D1B717,0,0,0.00000000
atm,near_freezing_snow,9,prcphail,0,38D1B717,0,0,0.00000000
atm,near_freezing_snow,10,soldn,0,42700000,0,5,60.0000000
atm,near_freezing_snow,11,cosz,0,3DF5C28F,0,5,60.0000000
atm,nocturnal_dark,1,sfcprs,0,47BD1000,0,3,1161.90686
atm,nocturnal_dark,2,sfctmp,0,438E599A,0,6,284.700012
atm,nocturnal_dark,3,q2,0,3BF5C28F,0,3,1161.90686
atm,nocturnal_dark,4,prcpconv,0,00000000,1,0,0.00000000
atm,nocturnal_dark,5,prcpnonc,0,3A1D4952,0,5,0.526315808
atm,nocturnal_dark,6,prcpshcv,0,00000000,1,0,0.00000000
atm,nocturnal_dark,7,prcpsnow,0,38D1B717,0,0,0.00000000
atm,nocturnal_dark,8,prcpgrpl,0,37A7C5AC,0,0,0.00000000
atm,nocturnal_dark,9,prcphail,0,3727C5AC,0,0,0.00000000
atm,nocturnal_dark,10,soldn,0,42340000,0,0,0.00000000
atm,nocturnal_dark,11,cosz,0,BEAE147B,0,0,0.00000000
atm,hot_bright_convective,1,sfcprs,0,47C57600,0,3,2830.43384
atm,hot_bright_convective,2,sfctmp,0,4398F333,0,6,305.899994
atm,hot_bright_convective,3,q2,0,3C902DE0,0,3,2830.43384
atm,hot_bright_convective,4,prcpconv,0,3B102DE0,0,4,0.219999999E-2
atm,hot_bright_convective,5,prcpnonc,0,39D1B717,0,5,0.400000019E-3
atm,hot_bright_convective,6,prcpshcv,0,3A378034,0,4,0.699999975E-3
atm,hot_bright_convective,7,prcpsnow,0,00000000,1,0,0.00000000
atm,hot_bright_convective,8,prcpgrpl,0,00000000,1,0,0.00000000
atm,hot_bright_convective,9,prcphail,0,00000000,1,0,0.00000000
atm,hot_bright_convective,10,soldn,0,446B0000,0,5,940.000000
atm,hot_bright_convective,11,cosz,0,3F75C28F,0,5,940.000000
esat,clamp_low_minus50,1,tc,0,C2480000,0,4,606.954834
esat,deep_cold_minus28,1,tc,0,C1E33333,0,4,566.119385
esat,frost_minus7,1,tc,0,C0E4CCCD,0,4,277.394073
esat,freezing_zero,1,tc,0,00000000,1,0,0.00000000
esat,cool_plus6,1,tc,0,40CB3333,0,4,407.443481
esat,warm_plus27,1,tc,0,41DE6666,0,4,4191.22510
esat,clamp_high_plus50,1,tc,0,42480000,0,4,17892.5527
rosr12,soil_only_isnow0,1,a,-2,BE9EB852,0,0,0.00000000
rosr12,soil_only_isnow0,2,a,-1,BEF0A3D7,0,0,0.00000000
rosr12,soil_only_isnow0,3,a,0,BF6B851F,0,0,0.00000000
rosr12,soil_only_isnow0,4,a,1,C008F5C3,0,0,0.00000000
rosr12,soil_only_isnow0,5,a,2,BFD0A3D7,0,7,0.361327678E-1
rosr12,soil_only_isnow0,6,a,3,BF6147AE,0,6,0.585176144E-2
rosr12,soil_only_isnow0,7,a,4,BEB33333,0,5,0.406622887E-2
rosr12,soil_only_isnow0,8,b,-2,3FCF5C29,0,0,0.00000000
rosr12,soil_only_isnow0,9,b,-1,3FF851EC,0,0,0.00000000
rosr12,soil_only_isnow0,10,b,0,402D70A4,0,0,0.00000000
rosr12,soil_only_isnow0,11,b,1,408C28F6,0,8,0.00000000
rosr12,soil_only_isnow0,12,b,2,40633333,0,7,0.429825708E-1
rosr12,soil_only_isnow0,13,b,3,401A3D71,0,6,0.115208909
rosr12,soil_only_isnow0,14,b,4,3FE28F5C,0,5,0.143073704E-1
rosr12,soil_only_isnow0,15,c,-2,BEE147AE,0,1,0.439999998
rosr12,soil_only_isnow0,16,c,-1,BF2147AE,0,1,0.629999995
rosr12,soil_only_isnow0,17,c,0,BF933333,0,1,1.14999998
rosr12,soil_only_isnow0,18,c,1,BFEF5C29,0,8,1.87000000
rosr12,soil_only_isnow0,19,c,2,BFB5C28F,0,7,1.41999996
rosr12,soil_only_isnow0,20,c,3,BF35C28F,0,6,0.709999979
rosr12,soil_only_isnow0,21,c,4,BE947AE1,0,0,0.00000000
rosr12,soil_only_isnow0,22,d,-2,3CAC0831,0,0,0.00000000
rosr12,soil_only_isnow0,23,d,-1,BD449BA6,0,0,0.00000000
rosr12,soil_only_isnow0,24,d,0,3DEF9DB2,0,0,0.00000000
rosr12,soil_only_isnow0,25,d,1,BE86A7F0,0,8,0.781860799E-1
rosr12,soil_only_isnow0,26,d,2,3DAC0831,0,7,0.364661478E-1
rosr12,soil_only_isnow0,27,d,3,BD178D50,0,6,0.201989729E-1
rosr12,soil_only_isnow0,28,d,4,3C1374BC,0,5,0.547446311E-2
rosr12,one_snow_layer,1,a,-2,BEA9D496,0,0,0.00000000
rosr12,one_snow_layer,2,a,-1,BF00BE0E,0,0,0.00000000
rosr12,one_snow_layer,3,a,0,BF7C01A5,0,0,0.00000000
rosr12,one_snow_layer,4,a,1,C0128C16,0,9,0.859883428E-2
rosr12,one_snow_layer,5,a,2,BFDF3EAC,0,8,0.397043079E-1
rosr12,one_snow_layer,6,a,3,BF710CB3,0,7,0.948544126E-2
rosr12,one_snow_layer,7,a,4,BEBFBE77,0,6,0.506175961E-2
rosr12,one_snow_layer,8,b,-2,3FC2EB1C,0,0,0.00000000
rosr12,one_snow_layer,9,b,-1,3FE96BBA,0,0,0.00000000
rosr12,one_snow_layer,10,b,0,4023089A,0,10,0.00000000
rosr12,one_snow_layer,11,b,1,4083C01A,0,9,0.156569019
rosr12,one_snow_layer,12,b,2,40559168,0,8,0.354960114E-1
rosr12,one_snow_layer,13,b,3,4010FC51,0,7,0.694484338E-1
rosr12,one_snow_layer,14,b,4,3FD4F766,0,6,0.488310773E-2
rosr12,one_snow_layer,15,c,-2,BEFE90FF,0,1,0.497199982
rosr12,one_snow_layer,16,c,-1,BF363F14,0,1,0.711899996
rosr12,one_snow_layer,17,c,0,BFA65604,0,10,1.29949999
rosr12,one_snow_layer,18,c,1,C0073D08,0,9,2.11310005
rosr12,one_snow_layer,19,c,2,BFCD6388,0,8,1.60459995
rosr12,one_snow_layer,20,c,3,BF4D6388,0,7,0.802299976
rosr12,one_snow_layer,21,c,4,BEA7C84B,0,0,0.00000000
rosr12,one_snow_layer,22,d,-2,3C8EC95C,0,0,0.00000000
rosr12,one_snow_layer,23,d,-1,BD232F44,0,0,0.00000000
rosr12,one_snow_layer,24,d,0,3DC6E19B,0,10,0.670682937E-1
rosr12,one_snow_layer,25,d,1,BE5F876A,0,9,0.141904145
rosr12,one_snow_layer,26,d,2,3D8EC95C,0,8,0.511668250E-1
rosr12,one_snow_layer,27,d,3,BCFB938A,0,7,0.225648172E-1
rosr12,one_snow_layer,28,d,4,3BF4C6E6,0,6,0.508546457E-2
rosr12,two_snow_layers,1,a,-2,BE906F6A,0,0,0.00000000
rosr12,two_snow_layers,2,a,-1,BEDAFB7F,0,0,0.00000000
rosr12,two_snow_layers,3,a,0,BF5652BE,0,11,0.703565031E-2
rosr12,two_snow_layers,4,a,1,BFF94468,0,10,0.102542527E-1
rosr12,two_snow_layers,5,a,2,BFBDDCC7,0,9,0.237722360E-1
rosr12,two_snow_layers,6,a,3,BF4D013B,0,8,0.325001776E-3
rosr12,two_snow_layers,7,a,4,BEA3126F,0,7,0.264213234E-2
rosr12,two_snow_layers,8,b,-2,3FE62B6B,0,0,0.00000000
rosr12,two_snow_layers,9,b,-1,4009D14F,0,12,0.00000000
rosr12,two_snow_layers,10,b,0,404084B6,0,11,0.594663322
rosr12,two_snow_layers,11,b,1,409B93DE,0,10,0.389954537
rosr12,two_snow_layers,12,b,2,407C3127,0,9,0.353732295E-1
rosr12,two_snow_layers,13,b,3,402B34D7,0,8,0.152933568
rosr12,two_snow_layers,14,b,4,3FFB7B4A,0,7,0.680640638E-1
rosr12,two_snow_layers,15,c,-2,BEC63F14,0,1,0.387199998
rosr12,two_snow_layers,16,c,-1,BF0DED28,0,12,0.554399967
rosr12,two_snow_layers,17,c,0,BF818937,0,11,1.01199996
rosr12,two_snow_layers,18,c,1,BFD2A305,0,10,1.64559996
rosr12,two_snow_layers,19,c,2,BF9FF2E4,0,9,1.24959993
rosr12,two_snow_layers,20,c,3,BF1FF2E4,0,8,0.624799967
rosr12,two_snow_layers,21,c,4,BE82A993,0,0,0.00000000
rosr12,two_snow_layers,22,d,-2,3CD028A2,0,0,0.00000000
rosr12,two_snow_layers,23,d,-1,BD6DE54C,0,12,0.294765662E-1
rosr12,two_snow_layers,24,d,0,3E10F7BA,0,11,0.610092320E-1
rosr12,two_snow_layers,25,d,1,BEA2EF0C,0,10,0.917399675E-1
rosr12,two_snow_layers,26,d,2,3DD028A2,0,9,0.342869386E-1
rosr12,two_snow_layers,27,d,3,BD3760C0,0,8,0.196757801E-1
rosr12,two_snow_layers,28,d,4,3C326BF8,0,7,0.578956585E-2
rosr12,three_snow_layers,1,a,-2,BEC339C1,0,0,0.00000000
rosr12,three_snow_layers,2,a,-1,BF13FE5D,0,13,0.226939619E-1
rosr12,three_snow_layers,3,a,0,BF90D845,0,12,0.163082182
rosr12,three_snow_layers,4,a,1,C02875F8,0,11,0.178972736
rosr12,three_snow_layers,5,a,2,C0005048,0,10,0.247839183
rosr12,three_snow_layers,6,a,3,BF8A8C15,0,9,0.164314479
rosr12,three_snow_layers,7,a,4,BEDC6A7F,0,8,0.545545220E-1
rosr12,three_snow_layers,8,b,-2,3FB46738,0,14,0.00000000
rosr12,three_snow_layers,9,b,-1,3FD809D5,0,13,0.235385567
rosr12,three_snow_layers,10,b,0,4016E48F,0,12,0.202209964
rosr12,three_snow_layers,11,b,1,4073E0DF,0,11,0.297882676
rosr12,three_snow_layers,12,b,2,4045A9FC,0,10,0.249106720
rosr12,three_snow_layers,13,b,3,40063056,0,9,0.242743462
rosr12,three_snow_layers,14,b,4,3FC51B71,0,8,0.160051256
rosr12,three_snow_layers,15,c,-2,BEEECBFA,0,14,0.466399968
rosr12,three_snow_layers,16,c,-1,BF2AF4F0,0,13,0.667799950
rosr12,three_snow_layers,17,c,0,BF9C0830,0,12,1.21899986
rosr12,three_snow_layers,18,c,1,BFFDB8BA,0,11,1.98219991
rosr12,three_snow_layers,19,c,2,BFC0AA64,0,10,1.50519991
rosr12,three_snow_layers,20,c,3,BF40AA64,0,9,0.752599955
rosr12,three_snow_layers,21,c,4,BE9D6388,0,0,0.00000000
rosr12,three_snow_layers,22,d,-2,3C9E44FA,0,14,0.291095376E-1
rosr12,three_snow_layers,23,d,-1,BD34E11E,0,13,0.162213683
rosr12,three_snow_layers,24,d,0,3DDC725C,0,12,0.522894740
rosr12,three_snow_layers,25,d,1,BE77C45E,0,11,0.827328324
rosr12,three_snow_layers,26,d,2,3D9E44FA,0,10,0.246897146
rosr12,three_snow_layers,27,d,3,BD0B6D87,0,9,0.867804140E-1
rosr12,three_snow_layers,28,d,4,3C07A8D6,0,8,0.103165507E-1
rosr12,three_snow_layers_alt,1,a,-2,BE855326,0,0,0.00000000
rosr12,three_snow_layers_alt,2,a,-1,BECA2339,0,13,0.199552812E-2
rosr12,three_snow_layers_alt,3,a,0,BF45D638,0,12,0.536822900E-2
rosr12,three_snow_layers_alt,4,a,1,BFE617C2,0,11,0.106413662E-1
rosr12,three_snow_layers_alt,5,a,2,BFAF41F2,0,10,0.198258907E-1
rosr12,three_snow_layers_alt,6,a,3,BF3D3C36,0,9,0.108311512E-2
rosr12,three_snow_layers_alt,7,a,4,BE96872B,0,8,0.216891663E-2
rosr12,three_snow_layers_alt,8,b,-2,3FF6C227,0,14,0.00000000
rosr12,three_snow_layers_alt,9,b,-1,4013C01B,0,13,0.848764598
rosr12,three_snow_layers_alt,10,b,0,404E64C4,0,12,0.839088261
rosr12,three_snow_layers_alt,11,b,1,40A6CA58,0,11,0.566672444
rosr12,three_snow_layers_alt,12,b,2,40872F1B,0,10,0.848336294E-1
rosr12,three_snow_layers_alt,13,b,3,40378BAD,0,9,0.213662624
rosr12,three_snow_layers_alt,14,b,4,4006CD9F,0,8,0.120354131
rosr12,three_snow_layers_alt,15,c,-2,BEB1F8A1,0,14,0.347600013
rosr12,three_snow_layers_alt,16,c,-1,BEFED289,0,13,0.497700006
rosr12,three_snow_layers_alt,17,c,0,BF689375,0,12,0.908500016
rosr12,three_snow_layers_alt,18,c,1,BFBD182B,0,11,1.47730005
rosr12,three_snow_layers_alt,19,c,2,BF8F9724,0,10,1.12179995
rosr12,three_snow_layers_alt,20,c,3,BF0F9724,0,9,0.560899973
rosr12,three_snow_layers_alt,21,c,4,BE6A9931,0,0,0.00000000
rosr12,three_snow_layers_alt,22,d,-2,3CE685DC,0,14,0.150908809E-1
rosr12,three_snow_layers_alt,23,d,-1,BD83BA35,0,13,0.305741895E-1
rosr12,three_snow_layers_alt,24,d,0,3E208AF0,0,12,0.579526462E-1
rosr12,three_snow_layers_alt,25,d,1,BEB47066,0,11,0.846709982E-1
rosr12,three_snow_layers_alt,26,d,2,3DE685DC,0,10,0.322079882E-1
rosr12,three_snow_layers_alt,27,d,3,BD4B1466,0,9,0.192848369E-1
rosr12,three_snow_layers_alt,28,d,4,3C45974E,0,8,0.590004027E-2
csnow,snow_free_isnow0,1,snice,-2,00000000,1,0,0.00000000
csnow,snow_free_isnow0,2,snice,-1,00000000,1,0,0.00000000
csnow,snow_free_isnow0,3,snice,0,00000000,1,0,0.00000000
csnow,snow_free_isnow0,4,snliq,-2,00000000,1,0,0.00000000
csnow,snow_free_isnow0,5,snliq,-1,00000000,1,0,0.00000000
csnow,snow_free_isnow0,6,snliq,0,00000000,1,0,0.00000000
csnow,snow_free_isnow0,7,dzsnso,-2,00000000,1,0,0.00000000
csnow,snow_free_isnow0,8,dzsnso,-1,00000000,1,0,0.00000000
csnow,snow_free_isnow0,9,dzsnso,0,00000000,1,0,0.00000000
csnow,single_thin_layer,1,snice,-2,00000000,1,0,0.00000000
csnow,single_thin_layer,2,snice,-1,00000000,1,0,0.00000000
csnow,single_thin_layer,3,snice,0,41466666,0,4,589912.812
csnow,single_thin_layer,4,snliq,-2,00000000,1,0,0.00000000
csnow,single_thin_layer,5,snliq,-1,00000000,1,0,0.00000000
csnow,single_thin_layer,6,snliq,0,3FF33333,0,3,165775.000
csnow,single_thin_layer,7,dzsnso,-2,00000000,1,0,0.00000000
csnow,single_thin_layer,8,dzsnso,-1,00000000,1,0,0.00000000
csnow,single_thin_layer,9,dzsnso,0,3D449BA6,0,5,1338312.25
csnow,two_layer_ripe,1,snice,-2,00000000,1,0,0.00000000
csnow,two_layer_ripe,2,snice,-1,42240000,0,4,693517.438
csnow,two_layer_ripe,3,snice,0,41D40000,0,4,852304.688
csnow,two_layer_ripe,4,snliq,-2,00000000,1,0,0.00000000
csnow,two_layer_ripe,5,snliq,-1,41166666,0,3,291608.875
csnow,two_layer_ripe,6,snliq,0,416CCCCD,0,3,872991.625
csnow,two_layer_ripe,7,dzsnso,-2,00000000,1,0,0.00000000
csnow,two_layer_ripe,8,dzsnso,-1,3E0A3D71,0,5,1108873.75
csnow,two_layer_ripe,9,dzsnso,0,3D916873,0,5,368703.750
csnow,three_layer_cold,1,snice,-2,42B0999A,0,4,826377.000
csnow,three_layer_cold,2,snice,-1,4252CCCD,0,4,813123.000
csnow,three_layer_cold,3,snice,0,41ACCCCD,0,4,795553.562
csnow,three_layer_cold,4,snliq,-2,3F666666,0,3,15447.5625
csnow,three_layer_cold,5,snliq,-1,3EB33333,0,3,9904.06250
csnow,three_layer_cold,6,snliq,0,3F866666,0,3,70925.8125
csnow,three_layer_cold,7,dzsnso,-2,3E79DB23,0,5,1252175.50
csnow,three_layer_cold,8,dzsnso,-1,3E178D50,0,5,1270973.00
csnow,three_layer_cold,9,dzsnso,0,3D7DF3B6,0,5,1227520.62
csnow,ice_saturated_clamp,1,snice,-2,00000000,1,0,0.00000000
csnow,ice_saturated_clamp,2,snice,-1,43520000,0,5,1326200.00
csnow,ice_saturated_clamp,3,snice,0,42C00000,0,5,1108588.25
csnow,ice_saturated_clamp,4,snliq,-2,00000000,1,0,0.00000000
csnow,ice_saturated_clamp,5,snliq,-1,42040000,0,1,1.48645687
csnow,ice_saturated_clamp,6,snliq,0,41400000,0,1,3.03218842
csnow,ice_saturated_clamp,7,dzsnso,-2,00000000,1,0,0.00000000
csnow,ice_saturated_clamp,8,dzsnso,-1,3E3851EC,0,1,0.00000000
csnow,ice_saturated_clamp,9,dzsnso,0,3D50E560,0,1,0.00000000
csnow,three_layer_dense,1,snice,-2,4306B333,0,4,1569346.62
csnow,three_layer_dense,2,snice,-1,428E6666,0,4,1343698.88
csnow,three_layer_dense,3,snice,0,41EE6666,0,4,1237259.75
csnow,three_layer_dense,4,snliq,-2,4019999A,0,3,51281.6250
csnow,three_layer_dense,5,snliq,-1,3FCCCCCD,0,3,55378.5000
csnow,three_layer_dense,6,snliq,0,40466666,0,3,236050.875
csnow,three_layer_dense,7,dzsnso,-2,3E48B439,0,5,473371.750
csnow,three_layer_dense,8,dzsnso,-1,3DF7CED9,0,5,694922.625
csnow,three_layer_dense,9,dzsnso,0,3D6147AE,0,5,620689.375
tdfcnd,wet_unfrozen_loam,1,smc,0,3E9A9FBE,0,1,1.00038934
tdfcnd,wet_unfrozen_loam,2,sh2o,0,3E9A9FBE,0,1,0.604394555
tdfcnd,wet_unfrozen_loam,3,smcmax,1,3EDE353F,0,1,0.00000000
tdfcnd,wet_unfrozen_loam,4,quartz,1,3E800000,0,1,0.205381393
tdfcnd,dry_below_kersten,1,smc,0,3CF5C28F,0,1,0.970095992E-1
tdfcnd,dry_below_kersten,2,sh2o,0,3CED9168,0,1,0.812050402E-1
tdfcnd,dry_below_kersten,3,smcmax,1,3ED2F1AA,0,1,0.00000000
tdfcnd,dry_below_kersten,4,quartz,1,3EA3D70A,0,1,0.255381763E-1
tdfcnd,partly_frozen,1,smc,0,3E8FDF3B,0,1,1.07757413
tdfcnd,partly_frozen,2,sh2o,0,3DCED917,0,1,0.292672753
tdfcnd,partly_frozen,3,smcmax,1,3EE4DD2F,0,1,0.00000000
tdfcnd,partly_frozen,4,quartz,1,3E3851EC,0,1,0.151659131
tdfcnd,bone_dry_zero_smc,1,smc,0,00000000,1,0,0.00000000
tdfcnd,bone_dry_zero_smc,2,sh2o,0,00000000,1,0,0.00000000
tdfcnd,bone_dry_zero_smc,3,smcmax,1,3ED78D50,0,1,2.77320099
tdfcnd,bone_dry_zero_smc,4,quartz,1,3EB33333,0,0,0.00000000
tdfcnd,saturated_loam,1,smc,0,3EDE353F,0,1,1.19813275
tdfcnd,saturated_loam,2,sh2o,0,3EDE353F,0,1,1.12740064
tdfcnd,saturated_loam,3,smcmax,1,3EDE353F,0,1,0.00000000
tdfcnd,saturated_loam,4,quartz,1,3E851EB8,0,1,0.254522324
tdfcnd,quartz_rich_sand,1,smc,0,3E581062,0,1,2.11536980
tdfcnd,quartz_rich_sand,2,sh2o,0,3E581062,0,1,0.614864826
tdfcnd,quartz_rich_sand,3,smcmax,1,3EAD9168,0,1,0.00000000
tdfcnd,quartz_rich_sand,4,quartz,1,3F6B851F,0,1,1.31795311
tdfcnd,clay_wilting,1,smc,0,3E0D4FDF,0,1,0.441795677
tdfcnd,clay_wilting,2,sh2o,0,3D7DF3B6,0,1,0.163777113
tdfcnd,clay_wilting,3,smcmax,1,3EEF9DB2,0,1,0.00000000
tdfcnd,clay_wilting,4,quartz,1,3DCCCCCD,0,1,0.345141888E-1
thermoprop,bare_soil_wet,1,dzsnso,-2,00000000,1,0,0.00000000
thermoprop,bare_soil_wet,2,dzsnso,-1,00000000,1,0,0.00000000
thermoprop,bare_soil_wet,3,dzsnso,0,00000000,1,0,0.00000000
thermoprop,bare_soil_wet,4,dzsnso,1,3DCCCCCD,0,2,0.00000000
thermoprop,bare_soil_wet,5,dzsnso,2,3E99999A,0,1,0.00000000
thermoprop,bare_soil_wet,6,dzsnso,3,3F19999A,0,1,0.00000000
thermoprop,bare_soil_wet,7,dzsnso,4,3F800000,0,1,0.00000000
thermoprop,bare_soil_wet,8,snice,-2,00000000,1,0,0.00000000
thermoprop,bare_soil_wet,9,snice,-1,00000000,1,0,0.00000000
thermoprop,bare_soil_wet,10,snice,0,00000000,1,0,0.00000000
thermoprop,bare_soil_wet,11,snliq,-2,00000000,1,0,0.00000000
thermoprop,bare_soil_wet,12,snliq,-1,00000000,1,0,0.00000000
thermoprop,bare_soil_wet,13,snliq,0,00000000,1,0,0.00000000
thermoprop,bare_soil_wet,14,smc,1,3E9A9FBE,0,3,632084.500
thermoprop,bare_soil_wet,15,smc,2,3E9374BC,0,3,602782.750
thermoprop,bare_soil_wet,16,smc,3,3E8AC083,0,3,567201.750
thermoprop,bare_soil_wet,17,smc,4,3E86A7F0,0,3,550457.750
thermoprop,bare_soil_wet,18,sh2o,1,3E9A9FBE,0,3,632387.875
thermoprop,bare_soil_wet,19,sh2o,2,3E9374BC,0,3,603072.125
thermoprop,bare_soil_wet,20,sh2o,3,3E8AC083,0,3,567474.000
thermoprop,bare_soil_wet,21,sh2o,4,3E86A7F0,0,3,550722.000
thermoprop,bare_soil_wet,22,stc,-2,438E8000,0,0,0.00000000
thermoprop,bare_soil_wet,23,stc,-1,438EB333,0,0,0.00000000
thermoprop,bare_soil_wet,24,stc,0,438EF333,0,0,0.00000000
thermoprop,bare_soil_wet,25,stc,1,438F199A,0,0,0.00000000
thermoprop,bare_soil_wet,26,stc,2,438F8CCD,0,0,0.00000000
thermoprop,bare_soil_wet,27,stc,3,43900000,0,0,0.00000000
thermoprop,bare_soil_wet,28,stc,4,43904CCD,0,0,0.00000000
thermoprop,bare_soil_wet,29,snowh,0,00000000,1,0,0.00000000
thermoprop,bare_soil_wet,30,dt,0,42700000,0,4,0.250322424E-3
thermoprop,bare_soil_wet,31,tg,0,43903333,0,0,0.00000000
thermoprop,bare_soil_wet,32,ur,0,406CCCCD,0,0,0.00000000
thermoprop,bare_soil_wet,33,lat,0,3F32B6AE,0,0,0.00000000
thermoprop,bare_soil_wet,34,z0m,0,3E19999A,0,0,0.00000000
thermoprop,bare_soil_wet,35,zlvl,0,41A00000,0,0,0.00000000
thermoprop,bare_soil_wet,36,smcmax,1,3EDE353F,0,3,867564.000
thermoprop,bare_soil_wet,37,smcmax,2,3EDE353F,0,3,867564.000
thermoprop,bare_soil_wet,38,smcmax,3,3EDE353F,0,3,867564.000
thermoprop,bare_soil_wet,39,smcmax,4,3EDE353F,0,3,867564.000
thermoprop,bare_soil_wet,40,csoil,0,49F42400,0,8,1132000.12
thermoprop,bare_soil_wet,41,quartz,1,3E800000,0,1,0.205381393
thermoprop,bare_soil_wet,42,quartz,2,3E75C28F,0,1,0.191586673
thermoprop,bare_soil_wet,43,quartz,3,3E6B851F,0,1,0.177004397
thermoprop,bare_soil_wet,44,quartz,4,3E6147AE,0,1,0.165886641
thermoprop,bare_soil_frozen,1,dzsnso,-2,00000000,1,0,0.00000000
thermoprop,bare_soil_frozen,2,dzsnso,-1,00000000,1,0,0.00000000
thermoprop,bare_soil_frozen,3,dzsnso,0,00000000,1,0,0.00000000
thermoprop,bare_soil_frozen,4,dzsnso,1,3DB851EC,0,2,1.12150133
thermoprop,bare_soil_frozen,5,dzsnso,2,3E8F5C29,0,1,0.00000000
thermoprop,bare_soil_frozen,6,dzsnso,3,3F147AE1,0,1,0.00000000
thermoprop,bare_soil_frozen,7,dzsnso,4,3F733333,0,1,0.00000000
thermoprop,bare_soil_frozen,8,snice,-2,00000000,1,0,0.00000000
thermoprop,bare_soil_frozen,9,snice,-1,00000000,1,0,0.00000000
thermoprop,bare_soil_frozen,10,snice,0,00000000,1,0,0.00000000
thermoprop,bare_soil_frozen,11,snliq,-2,00000000,1,0,0.00000000
thermoprop,bare_soil_frozen,12,snliq,-1,00000000,1,0,0.00000000
thermoprop,bare_soil_frozen,13,snliq,0,00000000,1,0,0.00000000
thermoprop,bare_soil_frozen,14,smc,1,3E8FDF3B,0,3,588131.750
thermoprop,bare_soil_frozen,15,smc,2,3E96872B,0,3,615340.625
thermoprop,bare_soil_frozen,16,smc,3,3E9FBE77,0,3,653014.500
thermoprop,bare_soil_frozen,17,smc,4,3E989375,0,3,623712.500
thermoprop,bare_soil_frozen,18,sh2o,1,3DBA5E35,0,3,190554.000
thermoprop,bare_soil_frozen,19,sh2o,2,3DD0E560,0,3,213588.000
thermoprop,bare_soil_frozen,20,sh2o,3,3E1EB852,0,3,324570.000
thermoprop,bare_soil_frozen,21,sh2o,4,3E4DD2F2,0,3,420893.875
thermoprop,bare_soil_frozen,22,stc,-2,43880CCD,0,0,0.00000000
thermoprop,bare_soil_frozen,23,stc,-1,43883333,0,0,0.00000000
thermoprop,bare_soil_frozen,24,stc,0,43886666,0,0,0.00000000
thermoprop,bare_soil_frozen,25,stc,1,4387F333,0,0,0.00000000
thermoprop,bare_soil_frozen,26,stc,2,43884CCD,0,0,0.00000000
thermoprop,bare_soil_frozen,27,stc,3,4388B333,0,0,0.00000000
thermoprop,bare_soil_frozen,28,stc,4,43890CCD,0,0,0.00000000
thermoprop,bare_soil_frozen,29,snowh,0,3C5D2F1B,0,1,0.168225169
thermoprop,bare_soil_frozen,30,dt,0,42340000,0,4,0.264879403E-3
thermoprop,bare_soil_frozen,31,tg,0,4387999A,0,0,0.00000000
thermoprop,bare_soil_frozen,32,ur,0,40A33333,0,0,0.00000000
thermoprop,bare_soil_frozen,33,lat,0,3F490FF9,0,0,0.00000000
thermoprop,bare_soil_frozen,34,z0m,0,3DA3D70A,0,0,0.00000000
thermoprop,bare_soil_frozen,35,zlvl,0,41C80000,0,0,0.00000000
thermoprop,bare_soil_frozen,36,smcmax,1,3ECED917,0,3,751034.250
thermoprop,bare_soil_frozen,37,smcmax,2,3ED2F1AA,0,3,765906.250
thermoprop,bare_soil_frozen,38,smcmax,3,3ED78D50,0,3,782637.000
thermoprop,bare_soil_frozen,39,smcmax,4,3EDC28F6,0,3,799368.000
thermoprop,bare_soil_frozen,40,csoil,0,49E30D00,0,8,1108560.00
thermoprop,bare_soil_frozen,41,quartz,1,3EA3D70A,0,1,0.308869123
thermoprop,bare_soil_frozen,42,quartz,2,3E99999A,0,1,0.328523040
thermoprop,bare_soil_frozen,43,quartz,3,3E8F5C29,0,1,0.284134269
thermoprop,bare_soil_frozen,44,quartz,4,3E851EB8,0,1,0.215836406
thermoprop,one_snow_layer,1,dzsnso,-2,00000000,1,0,0.00000000
thermoprop,one_snow_layer,2,dzsnso,-1,00000000,1,0,0.00000000
thermoprop,one_snow_layer,3,dzsnso,0,3D7DF3B6,0,7,1407046.88
thermoprop,one_snow_layer,4,dzsnso,1,3DE147AE,0,2,0.468356252
thermoprop,one_snow_layer,5,dzsnso,2,3EA3D70A,0,1,0.00000000
thermoprop,one_snow_layer,6,dzsnso,3,3F2147AE,0,1,0.00000000
thermoprop,one_snow_layer,7,dzsnso,4,3F866666,0,1,0.00000000
thermoprop,one_snow_layer,8,snice,-2,00000000,1,0,0.00000000
thermoprop,one_snow_layer,9,snice,-1,00000000,1,0,0.00000000
thermoprop,one_snow_layer,10,snice,0,416CCCCD,0,6,545101.500
thermoprop,one_snow_layer,11,snliq,-2,00000000,1,0,0.00000000
thermoprop,one_snow_layer,12,snliq,-1,00000000,1,0,0.00000000
thermoprop,one_snow_layer,13,snliq,0,40066666,0,5,141851.625
thermoprop,one_snow_layer,14,smc,1,3E79DB23,0,3,510690.750
thermoprop,one_snow_layer,15,smc,2,3E849BA6,0,3,542086.000
thermoprop,one_snow_layer,16,smc,3,3E8D4FDF,0,3,577666.750
thermoprop,one_snow_layer,17,smc,4,3E9374BC,0,3,602782.750
thermoprop,one_snow_layer,18,sh2o,1,3E79DB23,0,3,510936.000
thermoprop,one_snow_layer,19,sh2o,2,3E849BA6,0,3,542346.250
thermoprop,one_snow_layer,20,sh2o,3,3E8D4FDF,0,3,577944.000
thermoprop,one_snow_layer,21,sh2o,4,3E9374BC,0,3,603072.000
thermoprop,one_snow_layer,22,stc,-2,43860000,0,0,0.00000000
thermoprop,one_snow_layer,23,stc,-1,4386C000,0,0,0.00000000
thermoprop,one_snow_layer,24,stc,0,43877333,0,0,0.00000000
thermoprop,one_snow_layer,25,stc,1,4387E666,0,0,0.00000000
thermoprop,one_snow_layer,26,stc,2,43887333,0,0,0.00000000
thermoprop,one_snow_layer,27,stc,3,43890000,0,0,0.00000000
thermoprop,one_snow_layer,28,stc,4,4389999A,0,0,0.00000000
thermoprop,one_snow_layer,29,snowh,0,3D7DF3B6,0,0,0.00000000
thermoprop,one_snow_layer,30,dt,0,41F00000,0,5,0.704372593E-3
thermoprop,one_snow_layer,31,tg,0,43867333,0,0,0.00000000
thermoprop,one_snow_layer,32,ur,0,40133333,0,0,0.00000000
thermoprop,one_snow_layer,33,lat,0,3F060AA6,0,0,0.00000000
thermoprop,one_snow_layer,34,z0m,0,3E6147AE,0,0,0.00000000
thermoprop,one_snow_layer,35,zlvl,0,41900000,0,0,0.00000000
thermoprop,one_snow_layer,36,smcmax,1,3EED9168,0,3,987853.750
thermoprop,one_snow_layer,37,smcmax,2,3EE8F5C3,0,3,968692.750
thermoprop,one_snow_layer,38,smcmax,3,3EE4DD2F,0,3,951661.000
thermoprop,one_snow_layer,39,smcmax,4,3EE0C49C,0,3,934629.000
thermoprop,one_snow_layer,40,csoil,0,4A020140,0,8,1194930.00
thermoprop,one_snow_layer,41,quartz,1,3E3851EC,0,1,0.715319514E-1
thermoprop,one_snow_layer,42,quartz,2,3E570A3D,0,1,0.142350793
thermoprop,one_snow_layer,43,quartz,3,3E75C28F,0,1,0.176759839
thermoprop,one_snow_layer,44,quartz,4,3E8A3D71,0,1,0.213316679
thermoprop,two_snow_layers,1,dzsnso,-2,00000000,1,0,0.00000000
thermoprop,two_snow_layers,2,dzsnso,-1,3E010625,0,6,1314383.62
thermoprop,two_snow_layers,3,dzsnso,0,3D916873,0,7,1330605.25
thermoprop,two_snow_layers,4,dzsnso,1,3DF5C28F,0,2,0.696743727
thermoprop,two_snow_layers,5,dzsnso,2,3E947AE1,0,1,0.00000000
thermoprop,two_snow_layers,6,dzsnso,3,3F1C28F6,0,1,0.00000000
thermoprop,two_snow_layers,7,dzsnso,4,3F7AE148,0,1,0.00000000
thermoprop,two_snow_layers,8,snice,-2,00000000,1,0,0.00000000
thermoprop,two_snow_layers,9,snice,-1,42240000,0,5,743054.500
thermoprop,two_snow_layers,10,snice,0,418C0000,0,6,562842.688
thermoprop,two_snow_layers,11,snliq,-2,00000000,1,0,0.00000000
thermoprop,two_snow_layers,12,snliq,-1,3F8CCCCD,0,4,36561.9375
thermoprop,two_snow_layers,13,snliq,0,4059999A,0,5,200552.125
thermoprop,two_snow_layers,14,smc,1,3EA2D0E5,0,3,665572.500
thermoprop,two_snow_layers,15,smc,2,3E9C28F6,0,3,638363.500
thermoprop,two_snow_layers,16,smc,3,3E94FDF4,0,3,609061.500
thermoprop,two_snow_layers,17,smc,4,3E8DD2F2,0,3,579759.750
thermoprop,two_snow_layers,18,sh2o,1,3EA2D0E5,0,3,665892.000
thermoprop,two_snow_layers,19,sh2o,2,3E9C28F6,0,3,638670.000
thermoprop,two_snow_layers,20,sh2o,3,3E94FDF4,0,3,609353.750
thermoprop,two_snow_layers,21,sh2o,4,3E8DD2F2,0,3,580038.125
thermoprop,two_snow_layers,22,stc,-2,4387199A,0,0,0.00000000
thermoprop,two_snow_layers,23,stc,-1,4387B333,0,0,0.00000000
thermoprop,two_snow_layers,24,stc,0,43884CCD,0,0,0.00000000
thermoprop,two_snow_layers,25,stc,1,4388F333,0,0,0.00000000
thermoprop,two_snow_layers,26,stc,2,4389599A,0,0,0.00000000
thermoprop,two_snow_layers,27,stc,3,43898CCD,0,0,0.00000000
thermoprop,two_snow_layers,28,stc,4,4389E666,0,0,0.00000000
thermoprop,two_snow_layers,29,snowh,0,3E49BA5E,0,0,0.00000000
thermoprop,two_snow_layers,30,dt,0,42F00000,0,6,0.221397984E-2
thermoprop,two_snow_layers,31,tg,0,43894CCD,0,0,0.00000000
thermoprop,two_snow_layers,32,ur,0,408CCCCD,0,0,0.00000000
thermoprop,two_snow_layers,33,lat,0,3F5F6944,0,0,0.00000000
thermoprop,two_snow_layers,34,z0m,0,3CA3D70A,0,0,0.00000000
thermoprop,two_snow_layers,35,zlvl,0,41B00000,0,0,0.00000000
thermoprop,two_snow_layers,36,smcmax,1,3ED78D50,0,3,1014187.00
thermoprop,two_snow_layers,37,smcmax,2,3ED60419,0,3,1006960.00
thermoprop,two_snow_layers,38,smcmax,3,3ED47AE1,0,3,999733.250
thermoprop,two_snow_layers,39,smcmax,4,3ED2F1AA,0,3,992506.000
thermoprop,two_snow_layers,40,csoil,0,4A131840,0,8,1417080.12
thermoprop,two_snow_layers,41,quartz,1,3EB33333,0,1,0.204345703
thermoprop,two_snow_layers,42,quartz,2,3EBD70A4,0,1,0.344054103
thermoprop,two_snow_layers,43,quartz,3,3EC7AE14,0,1,0.361836314
thermoprop,two_snow_layers,44,quartz,4,3ED1EB85,0,1,0.378959894
thermoprop,three_snow_layers,1,dzsnso,-2,3E624DD3,0,6,1260316.00
thermoprop,three_snow_layers,2,dzsnso,-1,3E09374C,0,6,1295895.00
thermoprop,three_snow_layers,3,dzsnso,0,3D6D9168,0,7,1263888.38
thermoprop,three_snow_layers,4,dzsnso,1,3DA3D70A,0,2,0.581987321
thermoprop,three_snow_layers,5,dzsnso,2,3E851EB8,0,1,0.00000000
thermoprop,three_snow_layers,6,dzsnso,3,3F0CCCCD,0,1,0.00000000
thermoprop,three_snow_layers,7,dzsnso,4,3F666666,0,1,0.00000000
thermoprop,three_snow_layers,8,snice,-2,429ECCCD,0,5,820418.750
thermoprop,three_snow_layers,9,snice,-1,42386666,0,5,785603.500
thermoprop,three_snow_layers,10,snice,0,4195999A,0,6,736242.688
thermoprop,three_snow_layers,11,snliq,-2,3F333333,0,4,13265.1875
thermoprop,three_snow_layers,12,snliq,-1,3ECCCCCD,0,4,12501.5000
thermoprop,three_snow_layers,13,snliq,0,3FA66666,0,5,93868.9375
thermoprop,three_snow_layers,14,smc,1,3DD70A3D,0,3,219764.500
thermoprop,three_snow_layers,15,smc,2,3E2C0831,0,3,351623.250
thermoprop,three_snow_layers,16,smc,3,3E624DD3,0,3,462552.000
thermoprop,three_snow_layers,17,smc,4,3E820C4A,0,3,531620.875
thermoprop,three_snow_layers,18,sh2o,1,3D449BA6,0,3,100512.000
thermoprop,three_snow_layers,19,sh2o,2,3DC6A7F0,0,3,203118.000
thermoprop,three_snow_layers,20,sh2o,3,3E3B645A,0,3,383202.000
thermoprop,three_snow_layers,21,sh2o,4,3E74BC6A,0,3,500466.125
thermoprop,three_snow_layers,22,stc,-2,43812666,0,0,0.00000000
thermoprop,three_snow_layers,23,stc,-1,4382D99A,0,0,0.00000000
thermoprop,three_snow_layers,24,stc,0,4384B333,0,0,0.00000000
thermoprop,three_snow_layers,25,stc,1,4386E666,0,0,0.00000000
thermoprop,three_snow_layers,26,stc,2,4387999A,0,0,0.00000000
thermoprop,three_snow_layers,27,stc,3,43886666,0,0,0.00000000
thermoprop,three_snow_layers,28,stc,4,43894CCD,0,0,0.00000000
thermoprop,three_snow_layers,29,snowh,0,3ED374BC,0,0,0.00000000
thermoprop,three_snow_layers,30,dt,0,42B40000,0,7,0.186929584E-2
thermoprop,three_snow_layers,31,tg,0,4381B333,0,0,0.00000000
thermoprop,three_snow_layers,32,ur,0,40D9999A,0,0,0.00000000
thermoprop,three_snow_layers,33,lat,0,3F75BC02,0,0,0.00000000
thermoprop,three_snow_layers,34,z0m,0,3D4CCCCD,0,0,0.00000000
thermoprop,three_snow_layers,35,zlvl,0,41F00000,0,0,0.00000000
thermoprop,three_snow_layers,36,smcmax,1,3EAD9168,0,3,582739.375
thermoprop,three_snow_layers,37,smcmax,2,3EB1A9FC,0,3,596491.375
thermoprop,three_snow_layers,38,smcmax,3,3EB645A2,0,3,611962.375
thermoprop,three_snow_layers,39,smcmax,4,3EBA5E35,0,3,625714.000
thermoprop,three_snow_layers,40,csoil,0,49D1F600,0,8,1136920.00
thermoprop,three_snow_layers,41,quartz,1,3F6B851F,0,1,0.382099271
thermoprop,three_snow_layers,42,quartz,2,3F59999A,0,1,0.850095093
thermoprop,three_snow_layers,43,quartz,3,3F47AE14,0,1,0.835229158
thermoprop,three_snow_layers,44,quartz,4,3F35C28F,0,1,0.762488842
thermoprop,three_snow_layers_dense,1,dzsnso,-2,3E48B439,0,6,473371.750
thermoprop,three_snow_layers_dense,2,dzsnso,-1,3DF7CED9,0,6,694922.625
thermoprop,three_snow_layers_dense,3,dzsnso,0,3D6147AE,0,7,620689.375
thermoprop,three_snow_layers_dense,4,dzsnso,1,3E051EB8,0,2,0.555711985E-1
thermoprop,three_snow_layers_dense,5,dzsnso,2,3E9EB852,0,1,0.00000000
thermoprop,three_snow_layers_dense,6,dzsnso,3,3F170A3D,0,1,0.00000000
thermoprop,three_snow_layers_dense,7,dzsnso,4,3F828F5C,0,1,0.00000000
thermoprop,three_snow_layers_dense,8,snice,-2,4306B333,0,5,1569346.62
thermoprop,three_snow_layers_dense,9,snice,-1,428E6666,0,5,1343698.88
thermoprop,three_snow_layers_dense,10,snice,0,41EE6666,0,6,1237259.75
thermoprop,three_snow_layers_dense,11,snliq,-2,4019999A,0,4,51281.6250
thermoprop,three_snow_layers_dense,12,snliq,-1,3FCCCCCD,0,4,55378.5000
thermoprop,three_snow_layers_dense,13,snliq,0,40466666,0,5,236050.875
thermoprop,three_snow_layers_dense,14,smc,1,3E072B02,0,3,276275.375
thermoprop,three_snow_layers_dense,15,smc,2,3E439581,0,3,399762.125
thermoprop,three_snow_layers_dense,16,smc,3,3E71A9FC,0,3,493947.000
thermoprop,three_snow_layers_dense,17,smc,4,3E89374C,0,3,560922.750
thermoprop,three_snow_layers_dense,18,sh2o,1,3D79DB23,0,3,127734.000
thermoprop,three_snow_layers_dense,19,sh2o,2,3DE978D5,0,3,238716.000
thermoprop,three_snow_layers_dense,20,sh2o,3,3E4AC083,0,3,414612.125
thermoprop,three_snow_layers_dense,21,sh2o,4,3E79DB23,0,3,510936.000
thermoprop,three_snow_layers_dense,22,stc,-2,437E199A,0,0,0.00000000
thermoprop,three_snow_layers_dense,23,stc,-1,4381999A,0,0,0.00000000
thermoprop,three_snow_layers_dense,24,stc,0,4383E666,0,0,0.00000000
thermoprop,three_snow_layers_dense,25,stc,1,43864000,0,0,0.00000000
thermoprop,three_snow_layers_dense,26,stc,2,43873333,0,0,0.00000000
thermoprop,three_snow_layers_dense,27,stc,3,43880CCD,0,0,0.00000000
thermoprop,three_snow_layers_dense,28,stc,4,4388F333,0,0,0.00000000
thermoprop,three_snow_layers_dense,29,snowh,0,3EBE76C9,0,0,0.00000000
thermoprop,three_snow_layers_dense,30,dt,0,42960000,0,7,0.925559318E-3
thermoprop,three_snow_layers_dense,31,tg,0,43800CCD,0,0,0.00000000
thermoprop,three_snow_layers_dense,32,ur,0,40E66666,0,0,0.00000000
thermoprop,three_snow_layers_dense,33,lat,0,3F81930C,0,0,0.00000000
thermoprop,three_snow_layers_dense,34,z0m,0,3CF5C28F,0,0,0.00000000
thermoprop,three_snow_layers_dense,35,zlvl,0,41E00000,0,0,0.00000000
thermoprop,three_snow_layers_dense,36,smcmax,1,3EB43958,0,3,682526.500
thermoprop,three_snow_layers_dense,37,smcmax,2,3EB8D4FE,0,3,699977.250
thermoprop,three_snow_layers_dense,38,smcmax,3,3EBD70A4,0,3,717428.250
thermoprop,three_snow_layers_dense,39,smcmax,4,3EC20C4A,0,3,734879.250
thermoprop,three_snow_layers_dense,40,csoil,0,49ECD100,0,8,1257120.00
thermoprop,three_snow_layers_dense,41,quartz,1,3F19999A,0,1,0.301442266
thermoprop,three_snow_layers_dense,42,quartz,2,3F11EB85,0,1,0.519017458
thermoprop,three_snow_layers_dense,43,quartz,3,3F0A3D71,0,1,0.505604863
thermoprop,three_snow_layers_dense,44,quartz,4,3F028F5C,0,1,0.490002990
thermoprop,urban_override,1,dzsnso,-2,00000000,1,0,0.00000000
thermoprop,urban_override,2,dzsnso,-1,00000000,1,0,0.00000000
thermoprop,urban_override,3,dzsnso,0,00000000,1,0,0.00000000
thermoprop,urban_override,4,dzsnso,1,3E0F5C29,0,2,2.51616931
thermoprop,urban_override,5,dzsnso,2,3EAE147B,0,1,0.00000000
thermoprop,urban_override,6,dzsnso,3,3F28F5C3,0,1,0.00000000
thermoprop,urban_override,7,dzsnso,4,3F8CCCCD,0,1,0.00000000
thermoprop,urban_override,8,snice,-2,00000000,1,0,0.00000000
thermoprop,urban_override,9,snice,-1,00000000,1,0,0.00000000
thermoprop,urban_override,10,snice,0,00000000,1,0,0.00000000
thermoprop,urban_override,11,snliq,-2,00000000,1,0,0.00000000
thermoprop,urban_override,12,snliq,-1,00000000,1,0,0.00000000
thermoprop,urban_override,13,snliq,0,00000000,1,0,0.00000000
thermoprop,urban_override,14,smc,1,3E48B439,0,2,410227.250
thermoprop,urban_override,15,smc,2,3E591687,0,2,443715.000
thermoprop,urban_override,16,smc,3,3E73B646,0,2,498133.000
thermoprop,urban_override,17,smc,4,3E808312,0,2,525341.750
thermoprop,urban_override,18,sh2o,1,3E48B439,0,2,410424.125
thermoprop,urban_override,19,sh2o,2,3E591687,0,2,443928.000
thermoprop,urban_override,20,sh2o,3,3E73B646,0,2,498372.250
thermoprop,urban_override,21,sh2o,4,3E808312,0,2,525593.750
thermoprop,urban_override,22,stc,-2,43913333,0,0,0.00000000
thermoprop,urban_override,23,stc,-1,43918CCD,0,0,0.00000000
thermoprop,urban_override,24,stc,0,43920000,0,0,0.00000000
thermoprop,urban_override,25,stc,1,4392999A,0,0,0.00000000
thermoprop,urban_override,26,stc,2,43930000,0,0,0.00000000
thermoprop,urban_override,27,stc,3,43936666,0,0,0.00000000
thermoprop,urban_override,28,stc,4,4393C000,0,0,0.00000000
thermoprop,urban_override,29,snowh,0,3CAA64C3,0,1,0.373830795
thermoprop,urban_override,30,dt,0,41A00000,0,4,0.575317863E-4
thermoprop,urban_override,31,tg,0,43938CCD,0,0,0.00000000
thermoprop,urban_override,32,ur,0,3FF33333,0,0,0.00000000
thermoprop,urban_override,33,lat,0,3EDF62B7,0,0,0.00000000
thermoprop,urban_override,34,z0m,0,3EB33333,0,0,0.00000000
thermoprop,urban_override,35,zlvl,0,41400000,0,0,0.00000000
thermoprop,urban_override,36,smcmax,1,3EE45A1D,0,2,1337551.75
thermoprop,urban_override,37,smcmax,2,3EE1CAC1,0,2,1322557.00
thermoprop,urban_override,38,smcmax,3,3EDFBE77,0,2,1310561.00
thermoprop,urban_override,39,smcmax,4,3EDDB22D,0,2,1298565.00
thermoprop,urban_override,40,csoil,0,4A371B00,0,8,1700999.88
thermoprop,urban_override,41,quartz,1,3EF5C28F,0,0,0.00000000
thermoprop,urban_override,42,quartz,2,3EEB851F,0,0,0.00000000
thermoprop,urban_override,43,quartz,3,3EE147AE,0,0,0.00000000
thermoprop,urban_override,44,quartz,4,3ED70A3D,0,0,0.00000000
thermoprop,lake_thawed_column,1,dzsnso,-2,00000000,1,0,0.00000000
thermoprop,lake_thawed_column,2,dzsnso,-1,3E178D50,0,6,1236113.62
thermoprop,lake_thawed_column,3,dzsnso,0,3D8D4FDF,0,7,1209756.38
thermoprop,lake_thawed_column,4,dzsnso,1,3DCCCCCD,0,2,0.118594050
thermoprop,lake_thawed_column,5,dzsnso,2,3E8A3D71,0,1,0.00000000
thermoprop,lake_thawed_column,6,dzsnso,3,3F1EB852,0,1,0.00000000
thermoprop,lake_thawed_column,7,dzsnso,4,3F8147AE,0,1,0.00000000
thermoprop,lake_thawed_column,8,snice,-2,00000000,1,0,0.00000000
thermoprop,lake_thawed_column,9,snice,-1,42513333,0,5,806951.250
thermoprop,lake_thawed_column,10,snice,0,41AB3333,0,6,708226.250
thermoprop,lake_thawed_column,11,snliq,-2,00000000,1,0,0.00000000
thermoprop,lake_thawed_column,12,snliq,-1,3FE66666,0,4,50935.1250
thermoprop,lake_thawed_column,13,snliq,0,4039999A,0,5,176017.375
thermoprop,lake_thawed_column,14,smc,1,3EA978D5,0,0,0.00000000
thermoprop,lake_thawed_column,15,smc,2,3EA2D0E5,0,0,0.00000000
thermoprop,lake_thawed_column,16,smc,3,3E9C28F6,0,0,0.00000000
thermoprop,lake_thawed_column,17,smc,4,3E96872B,0,0,0.00000000
thermoprop,lake_thawed_column,18,sh2o,1,3EA978D5,0,0,0.00000000
thermoprop,lake_thawed_column,19,sh2o,2,3EA2D0E5,0,0,0.00000000
thermoprop,lake_thawed_column,20,sh2o,3,3E9C28F6,0,0,0.00000000
thermoprop,lake_thawed_column,21,sh2o,4,3E96872B,0,0,0.00000000
thermoprop,lake_thawed_column,22,stc,-2,43878CCD,0,0,0.00000000
thermoprop,lake_thawed_column,23,stc,-1,43883333,0,0,0.00000000
thermoprop,lake_thawed_column,24,stc,0,43888000,0,0,0.00000000
thermoprop,lake_thawed_column,25,stc,1,43896666,0,3,2094000.00
thermoprop,lake_thawed_column,26,stc,2,4389999A,0,3,2094000.00
thermoprop,lake_thawed_column,27,stc,3,438A0CCD,0,3,2094000.00
thermoprop,lake_thawed_column,28,stc,4,4389CCCD,0,3,2094000.00
thermoprop,lake_thawed_column,29,snowh,0,3E5E353F,0,0,0.00000000
thermoprop,lake_thawed_column,30,dt,0,42DC0000,0,6,0.180290011E-2
thermoprop,lake_thawed_column,31,tg,0,4389A666,0,0,0.00000000
thermoprop,lake_thawed_column,32,ur,0,40466666,0,0,0.00000000
thermoprop,lake_thawed_column,33,lat,0,3F1C63F1,0,0,0.00000000
thermoprop,lake_thawed_column,34,z0m,0,3D23D70A,0,0,0.00000000
thermoprop,lake_thawed_column,35,zlvl,0,41C00000,0,0,0.00000000
thermoprop,lake_thawed_column,36,smcmax,1,3EF3B646,0,0,0.00000000
thermoprop,lake_thawed_column,37,smcmax,2,3EEF9DB2,0,0,0.00000000
thermoprop,lake_thawed_column,38,smcmax,3,3EEB020C,0,0,0.00000000
thermoprop,lake_thawed_column,39,smcmax,4,3EE6E979,0,0,0.00000000
thermoprop,lake_thawed_column,40,csoil,0,4A0A8CC0,0,0,0.00000000
thermoprop,lake_thawed_column,41,quartz,1,3DCCCCCD,0,0,0.00000000
thermoprop,lake_thawed_column,42,quartz,2,3E051EB8,0,0,0.00000000
thermoprop,lake_thawed_column,43,quartz,3,3E23D70A,0,0,0.00000000
thermoprop,lake_thawed_column,44,quartz,4,3E428F5C,0,0,0.00000000
thermoprop,lake_frozen_column,1,dzsnso,-2,00000000,1,0,0.00000000
thermoprop,lake_frozen_column,2,dzsnso,-1,00000000,1,0,0.00000000
thermoprop,lake_frozen_column,3,dzsnso,0,3DAC0831,0,7,1345006.50
thermoprop,lake_frozen_column,4,dzsnso,1,3E19999A,0,2,1.22291112
thermoprop,lake_frozen_column,5,dzsnso,2,3EA8F5C3,0,1,0.00000000
thermoprop,lake_frozen_column,6,dzsnso,3,3F11EB85,0,1,0.00000000
thermoprop,lake_frozen_column,7,dzsnso,4,3F6E147B,0,1,0.00000000
thermoprop,lake_frozen_column,8,snice,-2,00000000,1,0,0.00000000
thermoprop,lake_frozen_column,9,snice,-1,00000000,1,0,0.00000000
thermoprop,lake_frozen_column,10,snice,0,41B4CCCD,0,6,614379.188
thermoprop,lake_frozen_column,11,snliq,-2,00000000,1,0,0.00000000
thermoprop,lake_frozen_column,12,snliq,-1,00000000,1,0,0.00000000
thermoprop,lake_frozen_column,13,snliq,0,402CCCCD,0,5,134614.312
thermoprop,lake_frozen_column,14,smc,1,3E88B439,0,0,0.00000000
thermoprop,lake_frozen_column,15,smc,2,3E8FDF3B,0,0,0.00000000
thermoprop,lake_frozen_column,16,smc,3,3E960419,0,0,0.00000000
thermoprop,lake_frozen_column,17,smc,4,3E9E353F,0,0,0.00000000
thermoprop,lake_frozen_column,18,sh2o,1,3E3F7CEE,0,0,0.00000000
thermoprop,lake_frozen_column,19,sh2o,2,3E78D4FE,0,0,0.00000000
thermoprop,lake_frozen_column,20,sh2o,3,3E960419,0,0,0.00000000
thermoprop,lake_frozen_column,21,sh2o,4,3E9E353F,0,0,0.00000000
thermoprop,lake_frozen_column,22,stc,-2,43870000,0,0,0.00000000
thermoprop,lake_frozen_column,23,stc,-1,43878000,0,0,0.00000000
thermoprop,lake_frozen_column,24,stc,0,43884000,0,0,0.00000000
thermoprop,lake_frozen_column,25,stc,1,43883333,0,0,0.00000000
thermoprop,lake_frozen_column,26,stc,2,4387E666,0,0,0.00000000
thermoprop,lake_frozen_column,27,stc,3,43878CCD,0,0,0.00000000
thermoprop,lake_frozen_column,28,stc,4,43872666,0,0,0.00000000
thermoprop,lake_frozen_column,29,snowh,0,3DAC0831,0,0,0.00000000
thermoprop,lake_frozen_column,30,dt,0,42480000,0,5,0.794717344E-3
thermoprop,lake_frozen_column,31,tg,0,43886666,0,0,0.00000000
thermoprop,lake_frozen_column,32,ur,0,40333333,0,0,0.00000000
thermoprop,lake_frozen_column,33,lat,0,3F3BA5E3,0,0,0.00000000
thermoprop,lake_frozen_column,34,z0m,0,3DE147AE,0,0,0.00000000
thermoprop,lake_frozen_column,35,zlvl,0,41800000,0,0,0.00000000
thermoprop,lake_frozen_column,36,smcmax,1,3ECBC6A8,0,0,0.00000000
thermoprop,lake_frozen_column,37,smcmax,2,3ECFDF3B,0,0,0.00000000
thermoprop,lake_frozen_column,38,smcmax,3,3ED3F7CF,0,0,0.00000000
thermoprop,lake_frozen_column,39,smcmax,4,3ED81062,0,0,0.00000000
thermoprop,lake_frozen_column,40,csoil,0,49EE0980,0,0,0.00000000
thermoprop,lake_frozen_column,41,quartz,1,3EE147AE,0,0,0.00000000
thermoprop,lake_frozen_column,42,quartz,2,3EF0A3D7,0,0,0.00000000
thermoprop,lake_frozen_column,43,quartz,3,3F000000,0,0,0.00000000
thermoprop,lake_frozen_column,44,quartz,4,3F07AE14,0,0,0.00000000
thermoprop,lake_mixed_column,1,dzsnso,-2,00000000,1,0,0.00000000
thermoprop,lake_mixed_column,2,dzsnso,-1,00000000,1,0,0.00000000
thermoprop,lake_mixed_column,3,dzsnso,0,00000000,1,0,0.00000000
thermoprop,lake_mixed_column,4,dzsnso,1,3D8F5C29,0,2,0.173267335
thermoprop,lake_mixed_column,5,dzsnso,2,3E800000,0,1,0.00000000
thermoprop,lake_mixed_column,6,dzsnso,3,3F23D70A,0,1,0.00000000
thermoprop,lake_mixed_column,7,dzsnso,4,3F88F5C3,0,1,0.00000000
thermoprop,lake_mixed_column,8,snice,-2,00000000,1,0,0.00000000
thermoprop,lake_mixed_column,9,snice,-1,00000000,1,0,0.00000000
thermoprop,lake_mixed_column,10,snice,0,00000000,1,0,0.00000000
thermoprop,lake_mixed_column,11,snliq,-2,00000000,1,0,0.00000000
thermoprop,lake_mixed_column,12,snliq,-1,00000000,1,0,0.00000000
thermoprop,lake_mixed_column,13,snliq,0,00000000,1,0,0.00000000
thermoprop,lake_mixed_column,14,smc,1,3E645A1D,0,0,0.00000000
thermoprop,lake_mixed_column,15,smc,2,3E7CED91,0,0,0.00000000
thermoprop,lake_mixed_column,16,smc,3,3E8624DD,0,0,0.00000000
thermoprop,lake_mixed_column,17,smc,4,3E8ED917,0,0,0.00000000
thermoprop,lake_mixed_column,18,sh2o,1,3E645A1D,0,0,0.00000000
thermoprop,lake_mixed_column,19,sh2o,2,3E7CED91,0,0,0.00000000
thermoprop,lake_mixed_column,20,sh2o,3,3E8624DD,0,0,0.00000000
thermoprop,lake_mixed_column,21,sh2o,4,3E8ED917,0,0,0.00000000
thermoprop,lake_mixed_column,22,stc,-2,4386B333,0,0,0.00000000
thermoprop,lake_mixed_column,23,stc,-1,4387599A,0,0,0.00000000
thermoprop,lake_mixed_column,24,stc,0,4387F333,0,0,0.00000000
thermoprop,lake_mixed_column,25,stc,1,43894000,0,3,2094000.00
thermoprop,lake_mixed_column,26,stc,2,43888666,0,0,0.00000000
thermoprop,lake_mixed_column,27,stc,3,43880CCD,0,0,0.00000000
thermoprop,lake_mixed_column,28,stc,4,4387A666,0,0,0.00000000
thermoprop,lake_mixed_column,29,snowh,0,3CFDF3B6,0,1,0.767326951E-1
thermoprop,lake_mixed_column,30,dt,0,42C80000,0,4,0.341110659E-3
thermoprop,lake_mixed_column,31,tg,0,43874000,0,0,0.00000000
thermoprop,lake_mixed_column,32,ur,0,40B33333,0,0,0.00000000
thermoprop,lake_mixed_column,33,lat,0,3F113405,0,0,0.00000000
thermoprop,lake_mixed_column,34,z0m,0,3E8F5C29,0,0,0.00000000
thermoprop,lake_mixed_column,35,zlvl,0,41D00000,0,0,0.00000000
thermoprop,lake_mixed_column,36,smcmax,1,3ED2F1AA,0,0,0.00000000
thermoprop,lake_mixed_column,37,smcmax,2,3ED91687,0,0,0.00000000
thermoprop,lake_mixed_column,38,smcmax,3,3EDF3B64,0,0,0.00000000
thermoprop,lake_mixed_column,39,smcmax,4,3EE56042,0,0,0.00000000
thermoprop,lake_mixed_column,40,csoil,0,49FDE800,0,0,0.00000000
thermoprop,lake_mixed_column,41,quartz,1,3E4CCCCD,0,0,0.00000000
thermoprop,lake_mixed_column,42,quartz,2,3E947AE1,0,0,0.00000000
thermoprop,lake_mixed_column,43,quartz,3,3EA8F5C3,0,0,0.00000000
thermoprop,lake_mixed_column,44,quartz,4,3E9EB852,0,0,0.00000000
wdfcnd1,loam_unfrozen,1,smc,0,3E8FDF3B,0,2,0.220014954E-6
wdfcnd1,loam_unfrozen,2,fcr,0,00000000,1,0,0.00000000
wdfcnd1,loam_unfrozen,3,smcmax,1,3EDE353F,0,2,0.00000000
wdfcnd1,loam_unfrozen,4,bexp,1,40A80000,0,2,0.193557048E-5
wdfcnd1,loam_unfrozen,5,dwsat,1,36AC8972,0,1,0.220014954E-6
wdfcnd1,loam_unfrozen,6,dksat,1,3668DE25,0,1,0.981190151E-8
wdfcnd1,loam_partly_impermeable,1,smc,0,3E872B02,0,2,0.160057525E-6
wdfcnd1,loam_partly_impermeable,2,fcr,0,3EAE147B,0,2,0.824538944E-7
wdfcnd1,loam_partly_impermeable,3,smcmax,1,3ED2F1AA,0,2,0.00000000
wdfcnd1,loam_partly_impermeable,4,bexp,1,4097AE14,0,2,0.115967600E-5
wdfcnd1,loam_partly_impermeable,5,dwsat,1,36A368FB,0,1,0.160057525E-6
wdfcnd1,loam_partly_impermeable,6,dksat,1,3643496B,0,1,0.743253059E-8
wdfcnd1,fully_impermeable,1,smc,0,3E960419,0,0,0.00000000
wdfcnd1,fully_impermeable,2,fcr,0,3F800000,0,2,0.222201891E-6
wdfcnd1,fully_impermeable,3,smcmax,1,3EE4DD2F,0,2,0.00000000
wdfcnd1,fully_impermeable,4,bexp,1,40B3851F,0,0,0.00000000
wdfcnd1,fully_impermeable,5,dwsat,1,36B98E57,0,0,0.00000000
wdfcnd1,fully_impermeable,6,dksat,1,36802D8D,0,0,0.00000000
wdfcnd1,dry_factr_clamp,1,smc,0,3A902DE0,0,0,0.00000000
wdfcnd1,dry_factr_clamp,2,fcr,0,3D8F5C29,0,2,0.877295350E-19
wdfcnd1,dry_factr_clamp,3,smcmax,1,3ED78D50,0,2,0.00000000
wdfcnd1,dry_factr_clamp,4,bexp,1,408851EC,0,2,0.385950022E-9
wdfcnd1,dry_factr_clamp,5,dwsat,1,368B403B,0,1,0.116554898E-17
wdfcnd1,dry_factr_clamp,6,dksat,1,3625167A,0,1,0.208649352E-28
wdfcnd1,saturated,1,smc,0,3EDE353F,0,2,0.520999993E-5
wdfcnd1,saturated,2,fcr,0,00000000,1,0,0.00000000
wdfcnd1,saturated,3,smcmax,1,3EDE353F,0,2,0.00000000
wdfcnd1,saturated,4,bexp,1,40AA8F5C,0,0,0.00000000
wdfcnd1,saturated,5,dwsat,1,36AED18F,0,1,0.520999993E-5
wdfcnd1,saturated,6,dksat,1,366E3C89,0,1,0.354999997E-5
wdfcnd1,sand_unfrozen,1,smc,0,3DEF9DB2,0,2,0.301538172E-7
wdfcnd1,sand_unfrozen,2,fcr,0,3E428F5C,0,2,0.707311898E-8
wdfcnd1,sand_unfrozen,3,smcmax,1,3EAD9168,0,2,0.00000000
wdfcnd1,sand_unfrozen,4,bexp,1,40328F5C,0,2,0.584530483E-6
wdfcnd1,sand_unfrozen,5,dwsat,1,36CC02CD,0,1,0.301538172E-7
wdfcnd1,sand_unfrozen,6,dksat,1,3793A3B6,0,1,0.154852742E-8
wdfcnd2,ice_free,1,smc,0,3E8FDF3B,0,2,0.220014954E-6
wdfcnd2,ice_free,2,sice,0,00000000,1,0,0.00000000
wdfcnd2,ice_free,3,smcmax,1,3EDE353F,0,2,0.00000000
wdfcnd2,ice_free,4,bexp,1,40A80000,0,2,0.193557048E-5
wdfcnd2,ice_free,5,dwsat,1,36AC8972,0,1,0.220014954E-6
wdfcnd2,ice_free,6,dksat,1,3668DE25,0,1,0.981190151E-8
wdfcnd2,trace_ice_vkwgt_high,1,smc,0,3E872B02,0,2,0.112399164E-6
wdfcnd2,trace_ice_vkwgt_high,2,sice,0,3B09A027,0,1,0.130112255E-6
wdfcnd2,trace_ice_vkwgt_high,3,smcmax,1,3ED2F1AA,0,2,0.00000000
wdfcnd2,trace_ice_vkwgt_high,4,bexp,1,4097AE14,0,2,0.852841879E-6
wdfcnd2,trace_ice_vkwgt_high,5,dwsat,1,36A368FB,0,1,0.112399164E-6
wdfcnd2,trace_ice_vkwgt_high,6,dksat,1,3643496B,0,1,0.112614105E-7
wdfcnd2,heavy_ice_vkwgt_low,1,smc,0,3E960419,0,2,0.940910727E-8
wdfcnd2,heavy_ice_vkwgt_low,2,sice,0,3E428F5C,0,1,0.222201308E-6
wdfcnd2,heavy_ice_vkwgt_low,3,smcmax,1,3EE4DD2F,0,2,0.00000000
wdfcnd2,heavy_ice_vkwgt_low,4,bexp,1,40B3851F,0,2,0.106642119E-5
wdfcnd2,heavy_ice_vkwgt_low,5,dwsat,1,36B98E57,0,1,0.577618574E-12
wdfcnd2,heavy_ice_vkwgt_low,6,dksat,1,36802D8D,0,1,0.940910727E-8
wdfcnd2,dry_factr_clamp,1,smc,0,3A902DE0,0,0,0.00000000
wdfcnd2,dry_factr_clamp,2,sice,0,3D23D70A,0,0,0.00000000
wdfcnd2,dry_factr_clamp,3,smcmax,1,3ED78D50,0,2,0.00000000
wdfcnd2,dry_factr_clamp,4,bexp,1,408851EC,0,2,0.415000007E-9
wdfcnd2,dry_factr_clamp,5,dwsat,1,368B403B,0,1,0.125327851E-17
wdfcnd2,dry_factr_clamp,6,dksat,1,3625167A,0,1,0.224354137E-28
wdfcnd2,saturated_ice_free,1,smc,0,3EDE353F,0,2,0.520999993E-5
wdfcnd2,saturated_ice_free,2,sice,0,00000000,1,0,0.00000000
wdfcnd2,saturated_ice_free,3,smcmax,1,3EDE353F,0,2,0.00000000
wdfcnd2,saturated_ice_free,4,bexp,1,40AA8F5C,0,0,0.00000000
wdfcnd2,saturated_ice_free,5,dwsat,1,36AED18F,0,1,0.520999993E-5
wdfcnd2,saturated_ice_free,6,dksat,1,366E3C89,0,1,0.354999997E-5
wdfcnd2,sand_moderate_ice,1,smc,0,3DEF9DB2,0,2,0.191176230E-8
wdfcnd2,sand_moderate_ice,2,sice,0,3D072B02,0,1,0.365844635E-7
wdfcnd2,sand_moderate_ice,3,smcmax,1,3EAD9168,0,2,0.00000000
wdfcnd2,sand_moderate_ice,4,bexp,1,40328F5C,0,2,0.721642550E-6
wdfcnd2,sand_moderate_ice,5,dwsat,1,36CC02CD,0,1,0.642471520E-9
wdfcnd2,sand_moderate_ice,6,dksat,1,3793A3B6,0,1,0.191176230E-8
