phase,k,z_m,p_pa,pii,w_m_s,dz_m,theta_k,temp_k,qv,qc,qr,qi,qs,qg,ni_per_kg,nr_per_kg,nc_per_kg,nwfa_per_kg,nifa_per_kg,effc_m,effi_m,effs_m,refl_dbz
before,1, 2.5000000000000000E+002, 9.6923320312500000E+004, 9.9111115932464600E-001, 1.0000000000000000E+000, 5.0000000000000000E+002, 2.8755603027343750E+002, 2.8500000000000000E+002, 9.0611297637224197E-003, 0.0000000000000000E+000, 0.0000000000000000E+000, 0.0000000000000000E+000, 0.0000000000000000E+000, 0.0000000000000000E+000, 0.0000000000000000E+000, 0.0000000000000000E+000, 0.0000000000000000E+000, 1.4789865600000000E+008, 1.2549017500000000E+006, 2.4900000425986946E-006, 4.9899999794433825E-006, 9.9899998531327583E-006,-3.5000000000000000E+001
before,2, 7.5000000000000000E+002, 9.1051039062500000E+004, 9.7356981039047241E-001, 1.0000000000000000E+000, 5.0000000000000000E+002, 2.9273709106445312E+002, 2.8500000000000000E+002, 9.6545740962028503E-003, 0.0000000000000000E+000, 0.0000000000000000E+000, 0.0000000000000000E+000, 0.0000000000000000E+000, 0.0000000000000000E+000, 0.0000000000000000E+000, 0.0000000000000000E+000, 0.0000000000000000E+000, 1.4789865600000000E+008, 1.2549017500000000E+006, 2.4900000425986946E-006, 4.9899999794433825E-006, 9.9899998531327583E-006,-3.5000000000000000E+001
before,3, 1.2500000000000000E+003, 8.5534531250000000E+004, 9.5633894205093384E-001, 1.0000000000000000E+000, 5.0000000000000000E+002, 2.9801150512695312E+002, 2.8500000000000000E+002, 1.0287518613040447E-002, 0.0000000000000000E+000, 0.0000000000000000E+000, 0.0000000000000000E+000, 0.0000000000000000E+000, 0.0000000000000000E+000, 0.0000000000000000E+000, 0.0000000000000000E+000, 0.0000000000000000E+000, 8.1947152000000000E+007, 8.7991787500000000E+005, 2.4900000425986946E-006, 4.9899999794433825E-006, 9.9899998531327583E-006,-3.5000000000000000E+001
before,4, 1.7500000000000000E+003, 8.0352257812500000E+004, 9.3941307067871094E-001, 1.0000000000000000E+000, 5.0000000000000000E+002, 3.0338092041015625E+002, 2.8500000000000000E+002, 1.0962677188217640E-002, 0.0000000000000000E+000, 0.0000000000000000E+000, 0.0000000000000000E+000, 0.0000000000000000E+000, 0.0000000000000000E+000, 0.0000000000000000E+000, 0.0000000000000000E+000, 0.0000000000000000E+000, 6.0425280000000000E+007, 6.9120043750000000E+005, 2.4900000425986946E-006, 4.9899999794433825E-006, 9.9899998531327583E-006,-3.5000000000000000E+001
before,5, 2.2500000000000000E+003, 7.5483960937500000E+004, 9.2278671264648438E-001, 1.0000000000000000E+000, 5.0000000000000000E+002, 3.0884710693359375E+002, 2.8500000000000000E+002, 1.1682962998747826E-002, 0.0000000000000000E+000, 0.0000000000000000E+000, 0.0000000000000000E+000, 0.0000000000000000E+000, 0.0000000000000000E+000, 0.0000000000000000E+000, 0.0000000000000000E+000, 0.0000000000000000E+000, 5.3402068000000000E+007, 5.9622506250000000E+005, 2.4900000425986946E-006, 4.9899999794433825E-006, 9.9899998531327583E-006,-3.5000000000000000E+001
before,6, 2.7500000000000000E+003, 7.0910617187500000E+004, 9.0645462274551392E-001, 1.0000000000000000E+000, 5.0000000000000000E+002, 3.1441177368164062E+002, 2.8500000000000000E+002, 1.2451503425836563E-002, 0.0000000000000000E+000, 0.0000000000000000E+000, 0.0000000000000000E+000, 0.0000000000000000E+000, 0.0000000000000000E+000, 0.0000000000000000E+000, 0.0000000000000000E+000, 0.0000000000000000E+000, 5.1110192000000000E+007, 5.4842700000000000E+005, 2.4900000425986946E-006, 4.9899999794433825E-006, 9.9899998531327583E-006,-3.5000000000000000E+001
before,7, 3.2500000000000000E+003, 6.6614359375000000E+004, 8.9041161537170410E-001, 1.0000000000000000E+000, 5.0000000000000000E+002, 3.2007669067382812E+002, 2.8500000000000000E+002, 1.3271655887365341E-002, 0.0000000000000000E+000, 0.0000000000000000E+000, 0.0000000000000000E+000, 0.0000000000000000E+000, 0.0000000000000000E+000, 0.0000000000000000E+000, 0.0000000000000000E+000, 0.0000000000000000E+000, 5.0362288000000000E+007, 5.2437175000000000E+005, 2.4900000425986946E-006, 4.9899999794433825E-006, 9.9899998531327583E-006,-3.5000000000000000E+001
before,8, 3.7500000000000000E+003, 6.2578398437500000E+004, 8.7465250492095947E-001, 1.0000000000000000E+000, 5.0000000000000000E+002, 3.2584368896484375E+002, 2.8500000000000000E+002, 1.4147033914923668E-002, 0.0000000000000000E+000, 0.0000000000000000E+000, 0.0000000000000000E+000, 0.0000000000000000E+000, 0.0000000000000000E+000, 0.0000000000000000E+000, 0.0000000000000000E+000, 0.0000000000000000E+000, 5.0118224000000000E+007, 5.1226550000000000E+005, 2.4900000425986946E-006, 4.9899999794433825E-006, 9.9899998531327583E-006,-3.5000000000000000E+001
before,9, 4.2500000000000000E+003, 5.8786964843750000E+004, 8.5917234420776367E-001, 1.0000000000000000E+000, 5.0000000000000000E+002, 3.3171459960937500E+002, 2.8500000000000000E+002, 1.5081518329679966E-002, 0.0000000000000000E+000, 0.0000000000000000E+000, 0.0000000000000000E+000, 0.0000000000000000E+000, 0.0000000000000000E+000, 0.0000000000000000E+000, 0.0000000000000000E+000, 0.0000000000000000E+000, 5.0038580000000000E+007, 5.0617284375000000E+005, 2.4900000425986946E-006, 4.9899999794433825E-006, 9.9899998531327583E-006,-3.5000000000000000E+001
before,10, 4.7500000000000000E+003, 5.5225246093750000E+004, 8.4396618604660034E-001, 1.0000000000000000E+000, 5.0000000000000000E+002, 3.3769125366210938E+002, 2.8500000000000000E+002, 1.6079286113381386E-002, 0.0000000000000000E+000, 0.0000000000000000E+000, 0.0000000000000000E+000, 0.0000000000000000E+000, 0.0000000000000000E+000, 0.0000000000000000E+000, 0.0000000000000000E+000, 0.0000000000000000E+000, 5.0012588000000000E+007, 5.0310659375000000E+005, 2.4900000425986946E-006, 4.9899999794433825E-006, 9.9899998531327583E-006,-3.5000000000000000E+001
before,11, 5.2500000000000000E+003, 5.1879316406250000E+004, 8.2902908325195312E-001, 1.0000000000000000E+000, 5.0000000000000000E+002, 3.4377563476562500E+002, 2.8500000000000000E+002, 1.7144838348031044E-002, 0.0000000000000000E+000, 0.0000000000000000E+000, 0.0000000000000000E+000, 0.0000000000000000E+000, 0.0000000000000000E+000, 0.0000000000000000E+000, 0.0000000000000000E+000, 0.0000000000000000E+000, 5.0004108000000000E+007, 5.0156343750000000E+005, 2.4900000425986946E-006, 4.9899999794433825E-006, 9.9899998531327583E-006,-3.5000000000000000E+001
before,12, 5.7500000000000000E+003, 4.8736105468750000E+004, 8.1435638666152954E-001, 1.0000000000000000E+000, 5.0000000000000000E+002, 3.4996963500976562E+002, 2.8500000000000000E+002, 1.8283024430274963E-002, 0.0000000000000000E+000, 0.0000000000000000E+000, 0.0000000000000000E+000, 0.0000000000000000E+000, 0.0000000000000000E+000, 0.0000000000000000E+000, 0.0000000000000000E+000, 0.0000000000000000E+000, 5.0001340000000000E+007, 5.0078684375000000E+005, 2.4900000425986946E-006, 4.9899999794433825E-006, 9.9899998531327583E-006,-3.5000000000000000E+001
before,13, 6.2500000000000000E+003, 4.5783335937500000E+004, 7.9994338750839233E-001, 1.0000000000000000E+000, 5.0000000000000000E+002, 3.5627520751953125E+002, 2.8500000000000000E+002, 1.9499069079756737E-002, 0.0000000000000000E+000, 0.0000000000000000E+000, 0.0000000000000000E+000, 0.0000000000000000E+000, 0.0000000000000000E+000, 0.0000000000000000E+000, 0.0000000000000000E+000, 0.0000000000000000E+000, 5.0000436000000000E+007, 5.0039600000000000E+005, 2.4900000425986946E-006, 4.9899999794433825E-006, 9.9899998531327583E-006,-3.5000000000000000E+001
before,14, 6.7500000000000000E+003, 4.3009464843750000E+004, 7.8578549623489380E-001, 1.0000000000000000E+000, 5.0000000000000000E+002, 3.6269439697265625E+002, 2.8500000000000000E+002, 2.0798616111278534E-002, 0.0000000000000000E+000, 0.0000000000000000E+000, 0.0000000000000000E+000, 0.0000000000000000E+000, 0.0000000000000000E+000, 0.0000000000000000E+000, 0.0000000000000000E+000, 0.0000000000000000E+000, 5.0000144000000000E+007, 5.0019928125000000E+005, 2.4900000425986946E-006, 4.9899999794433825E-006, 9.9899998531327583E-006,-3.5000000000000000E+001
before,15, 7.2500000000000000E+003, 4.0403652343750000E+004, 7.7187812328338623E-001, 1.0000000000000000E+000, 5.0000000000000000E+002, 3.6922927856445312E+002, 2.8500000000000000E+002, 2.2187767550349236E-002, 0.0000000000000000E+000, 0.0000000000000000E+000, 0.0000000000000000E+000, 0.0000000000000000E+000, 0.0000000000000000E+000, 0.0000000000000000E+000, 0.0000000000000000E+000, 0.0000000000000000E+000, 5.0000048000000000E+007, 5.0010028125000000E+005, 2.4900000425986946E-006, 4.9899999794433825E-006, 9.9899998531327583E-006,-3.5000000000000000E+001
before,16, 7.7500000000000000E+003, 3.7955718750000000E+004, 7.5821697711944580E-001, 1.0000000000000000E+000, 5.0000000000000000E+002, 3.7588183593750000E+002, 2.8500000000000000E+002, 2.3673109710216522E-002, 0.0000000000000000E+000, 0.0000000000000000E+000, 0.0000000000000000E+000, 0.0000000000000000E+000, 0.0000000000000000E+000, 0.0000000000000000E+000, 0.0000000000000000E+000, 0.0000000000000000E+000, 5.0000016000000000E+007, 5.0005046875000000E+005, 2.4900000425986946E-006, 4.9899999794433825E-006, 9.9899998531327583E-006,-3.5000000000000000E+001
before,17, 8.2500000000000000E+003, 3.5656097656250000E+004, 7.4479752779006958E-001, 1.0000000000000000E+000, 5.0000000000000000E+002, 3.8265432739257812E+002, 2.8500000000000000E+002, 2.5261778384447098E-002, 0.0000000000000000E+000, 0.0000000000000000E+000, 0.0000000000000000E+000, 0.0000000000000000E+000, 0.0000000000000000E+000, 0.0000000000000000E+000, 0.0000000000000000E+000, 0.0000000000000000E+000, 5.0000004000000000E+007, 5.0002540625000000E+005, 2.4900000425986946E-006, 4.9899999794433825E-006, 9.9899998531327583E-006,-3.5000000000000000E+001
before,18, 8.7500000000000000E+003, 3.3495804687500000E+004, 7.3161560297012329E-001, 1.0000000000000000E+000, 5.0000000000000000E+002, 3.8954882812500000E+002, 2.8500000000000000E+002, 2.6961505413055420E-002, 0.0000000000000000E+000, 0.0000000000000000E+000, 0.0000000000000000E+000, 0.0000000000000000E+000, 0.0000000000000000E+000, 0.0000000000000000E+000, 0.0000000000000000E+000, 0.0000000000000000E+000, 5.0000000000000000E+007, 5.0001278125000000E+005, 2.4900000425986946E-006, 4.9899999794433825E-006, 9.9899998531327583E-006,-3.5000000000000000E+001
before,19, 9.2500000000000000E+003, 3.1466394531250000E+004, 7.1866703033447266E-001, 1.0000000000000000E+000, 5.0000000000000000E+002, 3.9656750488281250E+002, 2.8500000000000000E+002, 2.8780672699213028E-002, 0.0000000000000000E+000, 0.0000000000000000E+000, 0.0000000000000000E+000, 0.0000000000000000E+000, 0.0000000000000000E+000, 0.0000000000000000E+000, 0.0000000000000000E+000, 0.0000000000000000E+000, 5.0000000000000000E+007, 5.0000643750000000E+005, 2.4900000425986946E-006, 4.9899999794433825E-006, 9.9899998531327583E-006,-3.5000000000000000E+001
before,20, 9.7500000000000000E+003, 2.9559943359375000E+004, 7.0594757795333862E-001, 1.0000000000000000E+000, 5.0000000000000000E+002, 4.0371270751953125E+002, 2.8500000000000000E+002, 3.0728382989764214E-002, 0.0000000000000000E+000, 0.0000000000000000E+000, 0.0000000000000000E+000, 0.0000000000000000E+000, 0.0000000000000000E+000, 0.0000000000000000E+000, 0.0000000000000000E+000, 0.0000000000000000E+000, 5.0000000000000000E+007, 5.0000325000000000E+005, 2.4900000425986946E-006, 4.9899999794433825E-006, 9.9899998531327583E-006,-3.5000000000000000E+001
before,21, 1.0250000000000000E+004, 2.7768996093750000E+004, 6.9345325231552124E-001, 1.0000000000000000E+000, 5.0000000000000000E+002, 4.1098660278320312E+002, 2.8500000000000000E+002, 3.2814539968967438E-002, 0.0000000000000000E+000, 0.0000000000000000E+000, 0.0000000000000000E+000, 0.0000000000000000E+000, 0.0000000000000000E+000, 0.0000000000000000E+000, 0.0000000000000000E+000, 0.0000000000000000E+000, 5.0000000000000000E+007, 5.0000162500000000E+005, 2.4900000425986946E-006, 4.9899999794433825E-006, 9.9899998531327583E-006,-3.5000000000000000E+001
before,22, 1.0750000000000000E+004, 2.6086560546875000E+004, 6.8118005990982056E-001, 1.0000000000000000E+000, 5.0000000000000000E+002, 4.1839157104492188E+002, 2.8500000000000000E+002, 3.5049907863140106E-002, 0.0000000000000000E+000, 0.0000000000000000E+000, 0.0000000000000000E+000, 0.0000000000000000E+000, 0.0000000000000000E+000, 0.0000000000000000E+000, 0.0000000000000000E+000, 0.0000000000000000E+000, 5.0000000000000000E+007, 5.0000081250000000E+005, 2.4900000425986946E-006, 4.9899999794433825E-006, 9.9899998531327583E-006,-3.5000000000000000E+001
before,23, 1.1250000000000000E+004, 2.4506052734375000E+004, 6.6912412643432617E-001, 1.0000000000000000E+000, 5.0000000000000000E+002, 4.2592993164062500E+002, 2.8500000000000000E+002, 3.7446256726980209E-002, 0.0000000000000000E+000, 0.0000000000000000E+000, 0.0000000000000000E+000, 0.0000000000000000E+000, 0.0000000000000000E+000, 0.0000000000000000E+000, 0.0000000000000000E+000, 0.0000000000000000E+000, 5.0000000000000000E+007, 5.0000040625000000E+005, 2.4900000425986946E-006, 4.9899999794433825E-006, 9.9899998531327583E-006,-3.5000000000000000E+001
before,24, 1.1750000000000000E+004, 2.3021306640625000E+004, 6.5728151798248291E-001, 1.0000000000000000E+000, 5.0000000000000000E+002, 4.3360415649414062E+002, 2.8500000000000000E+002, 4.0016394108533859E-002, 0.0000000000000000E+000, 0.0000000000000000E+000, 0.0000000000000000E+000, 0.0000000000000000E+000, 0.0000000000000000E+000, 0.0000000000000000E+000, 0.0000000000000000E+000, 0.0000000000000000E+000, 5.0000000000000000E+007, 5.0000021875000000E+005, 2.4900000425986946E-006, 4.9899999794433825E-006, 9.9899998531327583E-006,-3.5000000000000000E+001
after,1, 2.5000000000000000E+002, 9.6923320312500000E+004, 9.9111115932464600E-001, 1.0000000000000000E+000, 5.0000000000000000E+002, 2.8757418823242188E+002, 2.8501797485351562E+002, 9.0537806972861290E-003, 7.3491128205205314E-006, 0.0000000000000000E+000, 0.0000000000000000E+000, 0.0000000000000000E+000, 0.0000000000000000E+000, 0.0000000000000000E+000, 0.0000000000000000E+000, 1.1407426400000000E+008, 3.3853548000000000E+007, 1.2549017500000000E+006, 2.7003720788343344E-006, 4.9899999794433825E-006, 9.9899998531327583E-006,-3.5000000000000000E+001
after,2, 7.5000000000000000E+002, 9.1051039062500000E+004, 9.7356981039047241E-001, 1.0000000000000000E+000, 5.0000000000000000E+002, 2.9275604248046875E+002, 2.8501843261718750E+002, 9.6470341086387634E-003, 7.5396151260065380E-006, 0.0000000000000000E+000, 0.0000000000000000E+000, 0.0000000000000000E+000, 0.0000000000000000E+000, 0.0000000000000000E+000, 0.0000000000000000E+000, 1.1490784800000000E+008, 3.2990960000000000E+007, 1.2549017500000000E+006, 2.7169044187758118E-006, 4.9899999794433825E-006, 9.9899998531327583E-006,-3.5000000000000000E+001
after,3, 1.2500000000000000E+003, 8.5534531250000000E+004, 9.5633894205093384E-001, 1.0000000000000000E+000, 5.0000000000000000E+002, 2.9803125000000000E+002, 2.8501889038085938E+002, 1.0279790498316288E-002, 7.7282029451453127E-006, 0.0000000000000000E+000, 0.0000000000000000E+000, 0.0000000000000000E+000, 0.0000000000000000E+000, 0.0000000000000000E+000, 0.0000000000000000E+000, 6.8372544000000000E+007, 1.3574704000000000E+007, 8.7991787500000000E+005, 3.1795177619642345E-006, 4.9899999794433825E-006, 9.9899998531327583E-006,-3.5000000000000000E+001
after,4, 1.7500000000000000E+003, 8.0352257812500000E+004, 9.3941307067871094E-001, 1.0000000000000000E+000, 5.0000000000000000E+002, 3.0340148925781250E+002, 2.8501931762695312E+002, 1.0954762808978558E-002, 7.9144510891637765E-006, 0.0000000000000000E+000, 0.0000000000000000E+000, 0.0000000000000000E+000, 0.0000000000000000E+000, 0.0000000000000000E+000, 0.0000000000000000E+000, 5.2303128000000000E+007, 1.1100000000000000E+007, 6.9120043750000000E+005, 3.5042357922066003E-006, 4.9899999794433825E-006, 9.9899998531327583E-006,-3.5000000000000000E+001
after,5, 2.2500000000000000E+003, 7.5483960937500000E+004, 9.2278671264648438E-001, 1.0000000000000000E+000, 5.0000000000000000E+002, 3.0886849975585938E+002, 2.8501974487304688E+002, 1.1674865148961544E-002, 8.0981581049854867E-006, 0.0000000000000000E+000, 0.0000000000000000E+000, 0.0000000000000000E+000, 0.0000000000000000E+000, 0.0000000000000000E+000, 0.0000000000000000E+000, 4.7071888000000000E+007, 1.1100000000000000E+007, 5.9622506250000000E+005, 3.6573835586750647E-006, 4.9899999794433825E-006, 9.9899998531327583E-006,-3.5000000000000000E+001
after,6, 2.7500000000000000E+003, 7.0910617187500000E+004, 9.0645462274551392E-001, 1.0000000000000000E+000, 5.0000000000000000E+002, 3.1443402099609375E+002, 2.8502017211914062E+002, 1.2443223968148232E-002, 8.2794522313633934E-006, 0.0000000000000000E+000, 0.0000000000000000E+000, 0.0000000000000000E+000, 0.0000000000000000E+000, 0.0000000000000000E+000, 0.0000000000000000E+000, 4.5518060000000000E+007, 1.1100000000000000E+007, 5.4842700000000000E+005, 3.7259319469740149E-006, 4.9899999794433825E-006, 9.9899998531327583E-006,-3.5000000000000000E+001
after,7, 3.2500000000000000E+003, 6.6614359375000000E+004, 8.9041161537170410E-001, 1.0000000000000000E+000, 5.0000000000000000E+002, 3.2009982299804688E+002, 2.8502059936523438E+002, 1.3263198547065258E-002, 8.4572448031394742E-006, 0.0000000000000000E+000, 0.0000000000000000E+000, 0.0000000000000000E+000, 0.0000000000000000E+000, 0.0000000000000000E+000, 0.0000000000000000E+000, 4.5187472000000000E+007, 1.1100000000000000E+007, 5.2437175000000000E+005, 3.7615420751535567E-006, 4.9899999794433825E-006, 9.9899998531327583E-006,-3.5000000000000000E+001
after,8, 3.7500000000000000E+003, 6.2578398437500000E+004, 8.7465250492095947E-001, 1.0000000000000000E+000, 5.0000000000000000E+002, 3.2586773681640625E+002, 2.8502102661132812E+002, 1.4138401485979557E-002, 8.6322670540539548E-006, 0.0000000000000000E+000, 0.0000000000000000E+000, 0.0000000000000000E+000, 0.0000000000000000E+000, 0.0000000000000000E+000, 0.0000000000000000E+000, 4.5260676000000000E+007, 1.1100000000000000E+007, 5.1226550000000000E+005, 3.7852701098017860E-006, 4.9899999794433825E-006, 9.9899998531327583E-006,-3.5000000000000000E+001
after,9, 4.2500000000000000E+003, 5.8786964843750000E+004, 8.5917234420776367E-001, 1.0000000000000000E+000, 5.0000000000000000E+002, 3.3173953247070312E+002, 2.8502142333984375E+002, 1.5072714537382126E-002, 8.8039478214341216E-006, 0.0000000000000000E+000, 0.0000000000000000E+000, 0.0000000000000000E+000, 0.0000000000000000E+000, 0.0000000000000000E+000, 0.0000000000000000E+000, 4.5467012000000000E+007, 1.1100000000000000E+007, 5.0617284375000000E+005, 3.8044274788262555E-006, 4.9899999794433825E-006, 9.9899998531327583E-006,-3.5000000000000000E+001
after,10, 4.7500000000000000E+003, 5.5225246093750000E+004, 8.4396618604660034E-001, 1.0000000000000000E+000, 5.0000000000000000E+002, 3.3771710205078125E+002, 2.8502182006835938E+002, 1.6070313751697540E-002, 8.9721725089475513E-006, 0.0000000000000000E+000, 0.0000000000000000E+000, 0.0000000000000000E+000, 0.0000000000000000E+000, 0.0000000000000000E+000, 0.0000000000000000E+000, 4.5717380000000000E+007, 1.1100000000000000E+007, 5.0310659375000000E+005, 3.8215048334677704E-006, 4.9899999794433825E-006, 9.9899998531327583E-006,-3.5000000000000000E+001
after,11, 5.2500000000000000E+003, 5.1879316406250000E+004, 8.2902908325195312E-001, 1.0000000000000000E+000, 5.0000000000000000E+002, 3.4380239868164062E+002, 2.8502218627929688E+002, 1.7135702073574066E-002, 9.1370502559584565E-006, 0.0000000000000000E+000, 0.0000000000000000E+000, 0.0000000000000000E+000, 0.0000000000000000E+000, 0.0000000000000000E+000, 0.0000000000000000E+000, 4.5939236000000000E+007, 1.1100000000000000E+007, 5.0156343750000000E+005, 3.8385724110412411E-006, 4.9899999794433825E-006, 9.9899998531327583E-006,-3.5000000000000000E+001
after,12, 5.7500000000000000E+003, 4.8736105468750000E+004, 8.1435638666152954E-001, 1.0000000000000000E+000, 5.0000000000000000E+002, 3.4999731445312500E+002, 2.8502255249023438E+002, 1.8273726105690002E-002, 9.2984546427032910E-006, 0.0000000000000000E+000, 0.0000000000000000E+000, 0.0000000000000000E+000, 0.0000000000000000E+000, 0.0000000000000000E+000, 0.0000000000000000E+000, 4.6092028000000000E+007, 1.1100000000000000E+007, 5.0078684375000000E+005, 3.8567718547710683E-006, 4.9899999794433825E-006, 9.9899998531327583E-006,-3.5000000000000000E+001
after,13, 6.2500000000000000E+003, 4.5783335937500000E+004, 7.9994338750839233E-001, 1.0000000000000000E+000, 5.0000000000000000E+002, 3.5630386352539062E+002, 2.8502291870117188E+002, 1.9489612430334091E-002, 9.4564611572423019E-006, 0.0000000000000000E+000, 0.0000000000000000E+000, 0.0000000000000000E+000, 0.0000000000000000E+000, 0.0000000000000000E+000, 0.0000000000000000E+000, 4.6246704000000000E+007, 1.1100000000000000E+007, 5.0039600000000000E+005, 3.8741663956898265E-006, 4.9899999794433825E-006, 9.9899998531327583E-006,-3.5000000000000000E+001
after,14, 6.7500000000000000E+003, 4.3009464843750000E+004, 7.8578549623489380E-001, 1.0000000000000000E+000, 5.0000000000000000E+002, 3.6272399902343750E+002, 2.8502325439453125E+002, 2.0789006724953651E-002, 9.6096800916711800E-006, 0.0000000000000000E+000, 0.0000000000000000E+000, 0.0000000000000000E+000, 0.0000000000000000E+000, 0.0000000000000000E+000, 0.0000000000000000E+000, 4.6402216000000000E+007, 1.1100000000000000E+007, 5.0019928125000000E+005, 3.8906218833290040E-006, 4.9899999794433825E-006, 9.9899998531327583E-006,-3.5000000000000000E+001
after,15, 7.2500000000000000E+003, 4.0403652343750000E+004, 7.7187812328338623E-001, 1.0000000000000000E+000, 5.0000000000000000E+002, 3.6925982666015625E+002, 2.8502359008789062E+002, 2.2178007289767265E-002, 9.7603951871860772E-006, 0.0000000000000000E+000, 0.0000000000000000E+000, 0.0000000000000000E+000, 0.0000000000000000E+000, 0.0000000000000000E+000, 0.0000000000000000E+000, 4.6558228000000000E+007, 1.1100000000000000E+007, 5.0010028125000000E+005, 3.9064830161805730E-006, 4.9899999794433825E-006, 9.9899998531327583E-006,-3.5000000000000000E+001
after,16, 7.7500000000000000E+003, 3.7955718750000000E+004, 7.5821697711944580E-001, 1.0000000000000000E+000, 5.0000000000000000E+002, 3.7591339111328125E+002, 2.8502392578125000E+002, 2.3663202300667763E-002, 9.9073131423210725E-006, 0.0000000000000000E+000, 0.0000000000000000E+000, 0.0000000000000000E+000, 0.0000000000000000E+000, 0.0000000000000000E+000, 0.0000000000000000E+000, 4.6714636000000000E+007, 1.1100000000000000E+007, 5.0005046875000000E+005, 3.9215997276187409E-006, 4.9899999794433825E-006, 9.9899998531327583E-006,-3.5000000000000000E+001
after,17, 8.2500000000000000E+003, 3.5656097656250000E+004, 7.4479752779006958E-001, 1.0000000000000000E+000, 5.0000000000000000E+002, 3.8268685913085938E+002, 2.8502423095703125E+002, 2.5251727551221848E-002, 1.0050394848803990E-005, 0.0000000000000000E+000, 0.0000000000000000E+000, 0.0000000000000000E+000, 0.0000000000000000E+000, 0.0000000000000000E+000, 0.0000000000000000E+000, 4.6871456000000000E+007, 1.1100000000000000E+007, 5.0002540625000000E+005, 3.9359888432954904E-006, 4.9899999794433825E-006, 9.9899998531327583E-006,-3.5000000000000000E+001
after,18, 8.7500000000000000E+003, 3.3495804687500000E+004, 7.3161560297012329E-001, 1.0000000000000000E+000, 5.0000000000000000E+002, 3.8958236694335938E+002, 2.8502453613281250E+002, 2.6951314881443977E-002, 1.0190847206104081E-005, 0.0000000000000000E+000, 0.0000000000000000E+000, 0.0000000000000000E+000, 0.0000000000000000E+000, 0.0000000000000000E+000, 0.0000000000000000E+000, 4.7028652000000000E+007, 1.1100000000000000E+007, 5.0001278125000000E+005, 3.9498286241723690E-006, 4.9899999794433825E-006, 9.9899998531327583E-006,-3.5000000000000000E+001
after,19, 9.2500000000000000E+003, 3.1466394531250000E+004, 7.1866703033447266E-001, 1.0000000000000000E+000, 5.0000000000000000E+002, 3.9660205078125000E+002, 2.8502481079101562E+002, 2.8770346194505692E-002, 1.0327365998819005E-005, 0.0000000000000000E+000, 0.0000000000000000E+000, 0.0000000000000000E+000, 0.0000000000000000E+000, 0.0000000000000000E+000, 0.0000000000000000E+000, 4.7186292000000000E+007, 1.1100000000000000E+007, 5.0000643750000000E+005, 3.9629649108974263E-006, 4.9899999794433825E-006, 9.9899998531327583E-006,-3.5000000000000000E+001
after,20, 9.7500000000000000E+003, 2.9559943359375000E+004, 7.0594757795333862E-001, 1.0000000000000000E+000, 5.0000000000000000E+002, 4.0374826049804688E+002, 2.8502511596679688E+002, 3.0717922374606133E-002, 1.0461157216923311E-005, 0.0000000000000000E+000, 0.0000000000000000E+000, 0.0000000000000000E+000, 0.0000000000000000E+000, 0.0000000000000000E+000, 0.0000000000000000E+000, 4.7344408000000000E+007, 1.1100000000000000E+007, 5.0000325000000000E+005, 3.9755691432219464E-006, 4.9899999794433825E-006, 9.9899998531327583E-006,-3.5000000000000000E+001
after,21, 1.0250000000000000E+004, 2.7768996093750000E+004, 6.9345325231552124E-001, 1.0000000000000000E+000, 5.0000000000000000E+002, 4.1102319335937500E+002, 2.8502536010742188E+002, 3.2803948968648911E-002, 1.0591675163595937E-005, 0.0000000000000000E+000, 0.0000000000000000E+000, 0.0000000000000000E+000, 0.0000000000000000E+000, 0.0000000000000000E+000, 0.0000000000000000E+000, 4.7502980000000000E+007, 1.1100000000000000E+007, 5.0000162500000000E+005, 3.9875876609585248E-006, 4.9899999794433825E-006, 9.9899998531327583E-006,-3.5000000000000000E+001
after,22, 1.0750000000000000E+004, 2.6086560546875000E+004, 6.8118005990982056E-001, 1.0000000000000000E+000, 5.0000000000000000E+002, 4.1842919921875000E+002, 2.8502563476562500E+002, 3.5039190202951431E-002, 1.0718787052610423E-005, 0.0000000000000000E+000, 0.0000000000000000E+000, 0.0000000000000000E+000, 0.0000000000000000E+000, 0.0000000000000000E+000, 0.0000000000000000E+000, 4.7662088000000000E+007, 1.1100000000000000E+007, 5.0000081250000000E+005, 3.9990163713810034E-006, 4.9899999794433825E-006, 9.9899998531327583E-006,-3.5000000000000000E+001
after,23, 1.1250000000000000E+004, 2.4506052734375000E+004, 6.6912412643432617E-001, 1.0000000000000000E+000, 5.0000000000000000E+002, 4.2596862792968750E+002, 2.8502587890625000E+002, 3.7435412406921387E-002, 1.0844137250387575E-005, 0.0000000000000000E+000, 0.0000000000000000E+000, 0.0000000000000000E+000, 0.0000000000000000E+000, 0.0000000000000000E+000, 0.0000000000000000E+000, 4.7821764000000000E+007, 1.1100000000000000E+007, 5.0000040625000000E+005, 4.0100717342284042E-006, 4.9899999794433825E-006, 9.9899998531327583E-006,-3.5000000000000000E+001
after,24, 1.1750000000000000E+004, 2.3021306640625000E+004, 6.5728151798248291E-001, 1.0000000000000000E+000, 5.0000000000000000E+002, 4.3364389038085938E+002, 2.8502612304687500E+002, 4.0005426853895187E-002, 1.0967132766381837E-005, 0.0000000000000000E+000, 0.0000000000000000E+000, 0.0000000000000000E+000, 0.0000000000000000E+000, 0.0000000000000000E+000, 0.0000000000000000E+000, 4.7982036000000000E+007, 1.1100000000000000E+007, 5.0000021875000000E+005, 4.0206887206295505E-006, 4.9899999794433825E-006, 9.9899998531327583E-006,-3.5000000000000000E+001
