kind,column,lwp,iwp,reliq,dgice,band,tau,ssa,g
lw,0, 1.2000000000000000E+001, 0.0000000000000000E+000, 7.1250000000000000E+000, 5.0000000000000000E+001,0, 1.2309063188731670E+000, 2.2880562208592892E-001, 2.5788832455873489E-001
lw,0, 1.2000000000000000E+001, 0.0000000000000000E+000, 7.1250000000000000E+000, 5.0000000000000000E+001,1, 2.3899875730276108E+000, 3.8056314736604691E-001, 6.0814217478036892E-001
lw,0, 1.2000000000000000E+001, 0.0000000000000000E+000, 7.1250000000000000E+000, 5.0000000000000000E+001,2, 2.7727063894271851E+000, 3.9208924770355225E-001, 7.4083277583122253E-001
lw,0, 1.2000000000000000E+001, 0.0000000000000000E+000, 7.1250000000000000E+000, 5.0000000000000000E+001,3, 2.6104031726717949E+000, 3.7761529907584190E-001, 7.9042648524045944E-001
lw,0, 1.2000000000000000E+001, 0.0000000000000000E+000, 7.1250000000000000E+000, 5.0000000000000000E+001,4, 2.2707439363002777E+000, 3.5185701027512550E-001, 8.2971049845218658E-001
lw,0, 1.2000000000000000E+001, 0.0000000000000000E+000, 7.1250000000000000E+000, 5.0000000000000000E+001,5, 1.7988996058702469E+000, 4.2909836024045944E-001, 8.8014547526836395E-001
lw,0, 1.2000000000000000E+001, 0.0000000000000000E+000, 7.1250000000000000E+000, 5.0000000000000000E+001,6, 2.3723473772406578E+000, 6.8794656544923782E-001, 8.8687650859355927E-001
lw,0, 1.2000000000000000E+001, 0.0000000000000000E+000, 7.1250000000000000E+000, 5.0000000000000000E+001,7, 2.9697741419076920E+000, 7.6215893030166626E-001, 8.8387870043516159E-001
lw,0, 1.2000000000000000E+001, 0.0000000000000000E+000, 7.1250000000000000E+000, 5.0000000000000000E+001,8, 3.4917170405387878E+000, 7.8786206245422363E-001, 8.7748290598392498E-001
lw,0, 1.2000000000000000E+001, 0.0000000000000000E+000, 7.1250000000000000E+000, 5.0000000000000000E+001,9, 3.7011513859033585E+000, 7.7891080081462871E-001, 8.7164349108934414E-001
lw,0, 1.2000000000000000E+001, 0.0000000000000000E+000, 7.1250000000000000E+000, 5.0000000000000000E+001,10, 3.5402152687311172E+000, 7.1402005851268779E-001, 8.8669591397047032E-001
lw,0, 1.2000000000000000E+001, 0.0000000000000000E+000, 7.1250000000000000E+000, 5.0000000000000000E+001,11, 3.6896644234657288E+000, 8.7450476735830307E-001, 8.4079372882843018E-001
lw,0, 1.2000000000000000E+001, 0.0000000000000000E+000, 7.1250000000000000E+000, 5.0000000000000000E+001,12, 3.4764326065778732E+000, 8.2926475256681442E-001, 8.2713787257671356E-001
lw,0, 1.2000000000000000E+001, 0.0000000000000000E+000, 7.1250000000000000E+000, 5.0000000000000000E+001,13, 3.3684124946594238E+000, 8.7242806702852249E-001, 8.0412970483303059E-001
lw,0, 1.2000000000000000E+001, 0.0000000000000000E+000, 7.1250000000000000E+000, 5.0000000000000000E+001,14, 3.2168921604752541E+000, 9.1820494830608368E-001, 7.7456221729516994E-001
lw,0, 1.2000000000000000E+001, 0.0000000000000000E+000, 7.1250000000000000E+000, 5.0000000000000000E+001,15, 3.0443249791860580E+000, 6.8940474092960369E-001, 8.2832208275794983E-001
lw,1, 0.0000000000000000E+000, 8.5000000000000000E+000, 1.0000000000000000E+001, 5.7500000000000000E+001,0, 5.2313942229375243E-001, 3.3272221684455872E-001, 7.7622328698635101E-001
lw,1, 0.0000000000000000E+000, 8.5000000000000000E+000, 1.0000000000000000E+001, 5.7500000000000000E+001,1, 4.9648409010842443E-001, 6.7244666814804088E-001, 8.5214316844940186E-001
lw,1, 0.0000000000000000E+000, 8.5000000000000000E+000, 1.0000000000000000E+001, 5.7500000000000000E+001,2, 4.8533896356821060E-001, 5.7265570759773254E-001, 9.1908164322376262E-001
lw,1, 0.0000000000000000E+000, 8.5000000000000000E+000, 1.0000000000000000E+001, 5.7500000000000000E+001,3, 4.7856612782925367E-001, 5.3040872514247894E-001, 9.3372917175292969E-001
lw,1, 0.0000000000000000E+000, 8.5000000000000000E+000, 1.0000000000000000E+001, 5.7500000000000000E+001,4, 4.7236516932025552E-001, 5.2372443675994873E-001, 9.3294055759906769E-001
lw,1, 0.0000000000000000E+000, 8.5000000000000000E+000, 1.0000000000000000E+001, 5.7500000000000000E+001,5, 4.4429865619167686E-001, 5.1894448697566986E-001, 9.5929118990898132E-001
lw,1, 0.0000000000000000E+000, 8.5000000000000000E+000, 1.0000000000000000E+001, 5.7500000000000000E+001,6, 4.7750718798488379E-001, 5.9201309084892262E-001, 9.5441463589668274E-001
lw,1, 0.0000000000000000E+000, 8.5000000000000000E+000, 1.0000000000000000E+001, 5.7500000000000000E+001,7, 4.7506880341097713E-001, 5.9300579130649567E-001, 9.4715671241283417E-001
lw,1, 0.0000000000000000E+000, 8.5000000000000000E+000, 1.0000000000000000E+001, 5.7500000000000000E+001,8, 4.7402401780709624E-001, 5.7270465791225433E-001, 9.5399340987205505E-001
lw,1, 0.0000000000000000E+000, 8.5000000000000000E+000, 1.0000000000000000E+001, 5.7500000000000000E+001,9, 4.7129019908607006E-001, 5.4774530231952678E-001, 9.6335370838642120E-001
lw,1, 0.0000000000000000E+000, 8.5000000000000000E+000, 1.0000000000000000E+001, 5.7500000000000000E+001,10, 4.7029614867642522E-001, 5.4550738632678986E-001, 9.6564333140850067E-001
lw,1, 0.0000000000000000E+000, 8.5000000000000000E+000, 1.0000000000000000E+001, 5.7500000000000000E+001,11, 4.7091509588062763E-001, 6.2205880880355835E-001, 9.2875853180885326E-001
lw,1, 0.0000000000000000E+000, 8.5000000000000000E+000, 1.0000000000000000E+001, 5.7500000000000000E+001,12, 4.7434997698292136E-001, 5.7123982906341553E-001, 9.5494888722896576E-001
lw,1, 0.0000000000000000E+000, 8.5000000000000000E+000, 1.0000000000000000E+001, 5.7500000000000000E+001,13, 4.7463422548025846E-001, 5.7017686963081371E-001, 9.5591920614242543E-001
lw,1, 0.0000000000000000E+000, 8.5000000000000000E+000, 1.0000000000000000E+001, 5.7500000000000000E+001,14, 4.8014449980109930E-001, 6.3118521869182587E-001, 9.2096540331840515E-001
lw,1, 0.0000000000000000E+000, 8.5000000000000000E+000, 1.0000000000000000E+001, 5.7500000000000000E+001,15, 4.7453921474516392E-001, 5.6806248426437378E-001, 9.3345391750335682E-001
lw,2, 4.2500000000000000E+000, 6.7500000000000000E+000, 1.4375000000000000E+001, 1.2375000000000000E+002,0, 6.7282048496417701E-001, 3.7599313614778324E-001, 5.8499244629828107E-001
lw,2, 4.2500000000000000E+000, 6.7500000000000000E+000, 1.4375000000000000E+001, 1.2375000000000000E+002,1, 7.3839529103133827E-001, 4.8944843380035630E-001, 8.3142152351772602E-001
lw,2, 4.2500000000000000E+000, 6.7500000000000000E+000, 1.4375000000000000E+001, 1.2375000000000000E+002,2, 7.1676689921878278E-001, 4.7934566236478809E-001, 8.8699690143303744E-001
lw,2, 4.2500000000000000E+000, 6.7500000000000000E+000, 1.4375000000000000E+001, 1.2375000000000000E+002,3, 6.8641417461913079E-001, 4.7336809745134723E-001, 9.0578458511320981E-001
lw,2, 4.2500000000000000E+000, 6.7500000000000000E+000, 1.4375000000000000E+001, 1.2375000000000000E+002,4, 6.4492514223093167E-001, 4.6599827348051398E-001, 9.2296231998821765E-001
lw,2, 4.2500000000000000E+000, 6.7500000000000000E+000, 1.4375000000000000E+001, 1.2375000000000000E+002,5, 6.3445265655172989E-001, 5.1733434091809205E-001, 9.4972388289196863E-001
lw,2, 4.2500000000000000E+000, 6.7500000000000000E+000, 1.4375000000000000E+001, 1.2375000000000000E+002,6, 7.5677658256608993E-001, 6.3835912141248918E-001, 9.3705031282528806E-001
lw,2, 4.2500000000000000E+000, 6.7500000000000000E+000, 1.4375000000000000E+001, 1.2375000000000000E+002,7, 7.7294491947395727E-001, 6.5263856173315282E-001, 9.1978082291535534E-001
lw,2, 4.2500000000000000E+000, 6.7500000000000000E+000, 1.4375000000000000E+001, 1.2375000000000000E+002,8, 7.4438496830407530E-001, 6.3183954672181120E-001, 9.0504685028063026E-001
lw,2, 4.2500000000000000E+000, 6.7500000000000000E+000, 1.4375000000000000E+001, 1.2375000000000000E+002,9, 7.1897520386846736E-001, 6.0311550491914234E-001, 9.0311887539268310E-001
lw,2, 4.2500000000000000E+000, 6.7500000000000000E+000, 1.4375000000000000E+001, 1.2375000000000000E+002,10, 7.0241449750028551E-001, 5.7408278326984241E-001, 9.2279103150594233E-001
lw,2, 4.2500000000000000E+000, 6.7500000000000000E+000, 1.4375000000000000E+001, 1.2375000000000000E+002,11, 6.9122393388533965E-001, 7.0144554398518888E-001, 8.7599794080374360E-001
lw,2, 4.2500000000000000E+000, 6.7500000000000000E+000, 1.4375000000000000E+001, 1.2375000000000000E+002,12, 6.8449256301391870E-001, 6.5739676854635221E-001, 8.9328068610614930E-001
lw,2, 4.2500000000000000E+000, 6.7500000000000000E+000, 1.4375000000000000E+001, 1.2375000000000000E+002,13, 6.8160818808246404E-001, 7.0866931791995735E-001, 8.7971329381746100E-001
lw,2, 4.2500000000000000E+000, 6.7500000000000000E+000, 1.4375000000000000E+001, 1.2375000000000000E+002,14, 6.7859983973903582E-001, 7.7548578626677422E-001, 8.6202144408816261E-001
lw,2, 4.2500000000000000E+000, 6.7500000000000000E+000, 1.4375000000000000E+001, 1.2375000000000000E+002,15, 6.6899190173717216E-001, 6.1543575213311863E-001, 9.0799623191465950E-001
lw,3, 0.0000000000000000E+000, 0.0000000000000000E+000, 1.0000000000000000E+001, 5.0000000000000000E+001,0, 0.0000000000000000E+000, 0.0000000000000000E+000, 0.0000000000000000E+000
lw,3, 0.0000000000000000E+000, 0.0000000000000000E+000, 1.0000000000000000E+001, 5.0000000000000000E+001,1, 0.0000000000000000E+000, 0.0000000000000000E+000, 0.0000000000000000E+000
lw,3, 0.0000000000000000E+000, 0.0000000000000000E+000, 1.0000000000000000E+001, 5.0000000000000000E+001,2, 0.0000000000000000E+000, 0.0000000000000000E+000, 0.0000000000000000E+000
lw,3, 0.0000000000000000E+000, 0.0000000000000000E+000, 1.0000000000000000E+001, 5.0000000000000000E+001,3, 0.0000000000000000E+000, 0.0000000000000000E+000, 0.0000000000000000E+000
lw,3, 0.0000000000000000E+000, 0.0000000000000000E+000, 1.0000000000000000E+001, 5.0000000000000000E+001,4, 0.0000000000000000E+000, 0.0000000000000000E+000, 0.0000000000000000E+000
lw,3, 0.0000000000000000E+000, 0.0000000000000000E+000, 1.0000000000000000E+001, 5.0000000000000000E+001,5, 0.0000000000000000E+000, 0.0000000000000000E+000, 0.0000000000000000E+000
lw,3, 0.0000000000000000E+000, 0.0000000000000000E+000, 1.0000000000000000E+001, 5.0000000000000000E+001,6, 0.0000000000000000E+000, 0.0000000000000000E+000, 0.0000000000000000E+000
lw,3, 0.0000000000000000E+000, 0.0000000000000000E+000, 1.0000000000000000E+001, 5.0000000000000000E+001,7, 0.0000000000000000E+000, 0.0000000000000000E+000, 0.0000000000000000E+000
lw,3, 0.0000000000000000E+000, 0.0000000000000000E+000, 1.0000000000000000E+001, 5.0000000000000000E+001,8, 0.0000000000000000E+000, 0.0000000000000000E+000, 0.0000000000000000E+000
lw,3, 0.0000000000000000E+000, 0.0000000000000000E+000, 1.0000000000000000E+001, 5.0000000000000000E+001,9, 0.0000000000000000E+000, 0.0000000000000000E+000, 0.0000000000000000E+000
lw,3, 0.0000000000000000E+000, 0.0000000000000000E+000, 1.0000000000000000E+001, 5.0000000000000000E+001,10, 0.0000000000000000E+000, 0.0000000000000000E+000, 0.0000000000000000E+000
lw,3, 0.0000000000000000E+000, 0.0000000000000000E+000, 1.0000000000000000E+001, 5.0000000000000000E+001,11, 0.0000000000000000E+000, 0.0000000000000000E+000, 0.0000000000000000E+000
lw,3, 0.0000000000000000E+000, 0.0000000000000000E+000, 1.0000000000000000E+001, 5.0000000000000000E+001,12, 0.0000000000000000E+000, 0.0000000000000000E+000, 0.0000000000000000E+000
lw,3, 0.0000000000000000E+000, 0.0000000000000000E+000, 1.0000000000000000E+001, 5.0000000000000000E+001,13, 0.0000000000000000E+000, 0.0000000000000000E+000, 0.0000000000000000E+000
lw,3, 0.0000000000000000E+000, 0.0000000000000000E+000, 1.0000000000000000E+001, 5.0000000000000000E+001,14, 0.0000000000000000E+000, 0.0000000000000000E+000, 0.0000000000000000E+000
lw,3, 0.0000000000000000E+000, 0.0000000000000000E+000, 1.0000000000000000E+001, 5.0000000000000000E+001,15, 0.0000000000000000E+000, 0.0000000000000000E+000, 0.0000000000000000E+000
