case,k,dz,zw,zw_next,xland,dx,pblh,hfx,rmo,spp_pbl,th,thl,qw,qv,qc,qi,qs,p,exner,tsq,qsq,cov,sh,el,vt_before,vq_before,sgm_before,rstoch,qc_bl,qi_bl,cldfra,vt_after,vq_after,sgm_after
dry_land,1,420.000000,0.00000000,420.000000,1.00000000,3000.00000,850.000000,-18.0000000,0.800000038E-2,0,291.900055,291.900055,0.634985091E-2,0.634985091E-2,0.00000000,0.00000000,0.00000000,97409.1562,0.992528081,0.188352913E-2,0.489038463E-7,-0.143962359E-5,0.349999994,24.7999992,0.00000000,0.00000000,0.00000000,0.00000000,0.00000000,0.00000000,0.00000000,0.387346745E-2,-4.44969177,0.307141891E-3
dry_land,2,444.000000,420.000000,864.000000,1.00000000,3000.00000,850.000000,-18.0000000,0.800000038E-2,0,293.742279,293.742279,0.557559775E-2,0.557559775E-2,0.00000000,0.00000000,0.00000000,92288.5625,0.977332294,0.166482280E-2,0.386685279E-7,-0.120352229E-5,0.349999994,59.3600006,0.00000000,0.00000000,0.00000000,0.00000000,0.00000000,0.00000000,0.00000000,0.340116024E-2,-3.32592773,0.402899954E-3
dry_land,3,468.000000,864.000000,1332.00000,1.00000000,3000.00000,850.000000,-18.0000000,0.800000038E-2,0,295.672363,295.672363,0.484170998E-2,0.484170998E-2,0.00000000,0.00000000,0.00000000,87175.2266,0.961544633,0.146145560E-2,0.299565563E-7,-0.992498940E-6,0.349999994,95.8399963,0.00000000,0.00000000,0.00000000,0.00000000,0.00000000,0.00000000,0.00000000,0.295341015E-2,-2.14857483,0.359236350E-3
dry_land,4,492.000000,1332.00000,1824.00000,1.00000000,3000.00000,850.000000,-18.0000000,0.800000038E-2,0,297.687012,297.687012,0.415477576E-2,0.415477576E-2,0.00000000,0.00000000,0.00000000,82098.5391,0.945201516,0.127416383E-2,0.227038282E-7,-0.806776882E-6,0.349999994,134.239990,0.00000000,0.00000000,0.00000000,0.00000000,0.00000000,0.00000000,0.00000000,0.253438950E-2,-0.919647217,0.316758407E-3
dry_land,5,516.000000,1824.00000,2340.00000,1.00000000,3000.00000,850.000000,-18.0000000,0.800000038E-2,0,299.782166,299.782166,0.352012902E-2,0.352012902E-2,0.00000000,0.00000000,0.00000000,77085.8828,0.928340077,0.110328279E-2,0.168055632E-7,-0.645893920E-6,0.349999994,174.559998,0.00000000,0.00000000,0.00000000,0.00000000,0.00000000,0.00000000,0.00000000,0.214731693E-2,0.358398438,0.275981263E-3
dry_land,6,540.000000,2340.00000,2880.00000,1.00000000,3000.00000,850.000000,-18.0000000,0.800000038E-2,0,301.953369,301.953369,0.294181099E-2,0.294181099E-2,0.00000000,0.00000000,0.00000000,72162.4766,0.910998285,0.948790635E-3,0.121270549E-7,-0.508808228E-6,0.349999994,180.000000,0.00000000,0.00000000,0.00000000,0.00000000,0.00000000,0.00000000,0.00000000,0.179445744E-2,1.68283081,0.237376065E-3
dry_land,7,564.000000,2880.00000,3444.00000,1.00000000,3000.00000,850.000000,-18.0000000,0.800000038E-2,0,304.195465,304.195465,0.242243684E-2,0.242243684E-2,0.00000000,0.00000000,0.00000000,67351.1641,0.893214464,0.810356229E-3,0.851368576E-8,-0.393992622E-6,0.349999994,180.000000,0.00000000,0.00000000,0.00000000,0.00000000,0.00000000,0.00000000,0.00000000,0.147771835E-2,3.05050659,0.201352872E-3
dry_land,8,588.000000,3444.00000,4032.00000,1.00000000,3000.00000,850.000000,-18.0000000,0.800000038E-2,0,306.502625,306.502625,0.196318841E-2,0.196318841E-2,0.00000000,0.00000000,0.00000000,62672.3398,0.875027478,0.687390508E-3,0.580181769E-8,-0.299553960E-6,0.349999994,180.000000,0.00000000,0.00000000,0.00000000,0.00000000,0.00000000,0.00000000,0.00000000,0.119757652E-2,4.45787048,0.168250335E-3
dry_land,9,612.000000,4032.00000,4644.00000,1.00000000,3000.00000,850.000000,-18.0000000,0.800000038E-2,0,308.868073,308.868073,0.155167782E-2,0.155167782E-2,0.00000000,0.00000000,0.00000000,58143.8555,0.856476367,0.579099345E-3,0.376928488E-8,-0.221614059E-6,0.349999994,180.000000,0.00000000,0.00000000,0.00000000,0.00000000,0.00000000,0.00000000,0.00000000,0.946521759E-3,5.90080261,0.136432223E-3
dry_land,10,636.000000,4644.00000,5280.00000,1.00000000,3000.00000,850.000000,-18.0000000,0.800000038E-2,0,311.284302,311.284302,0.118973840E-2,0.118973840E-2,0.00000000,0.00000000,0.00000000,53780.9961,0.837600291,0.484534306E-3,0.231002151E-8,-0.158694391E-6,0.349999994,180.000000,0.00000000,0.00000000,0.00000000,0.00000000,0.00000000,0.00000000,0.00000000,0.725746155E-3,7.37469482,0.106805972E-3
dry_land,11,660.000000,5280.00000,5940.00000,1.00000000,3000.00000,850.000000,-18.0000000,0.800000038E-2,0,313.742584,313.742584,0.883958128E-3,0.883958128E-3,0.00000000,0.00000000,0.00000000,49596.4961,0.818438411,0.402641017E-3,0.133270617E-8,-0.109879707E-6,0.349999994,180.000000,0.00000000,0.00000000,0.00000000,0.00000000,0.00000000,0.00000000,0.00000000,0.539183617E-3,8.87425232,0.811249920E-4
dry_land,12,684.000000,5940.00000,6624.00000,1.00000000,3000.00000,850.000000,-18.0000000,0.800000038E-2,0,316.233307,316.233307,0.634166354E-3,0.634166354E-3,0.00000000,0.00000000,0.00000000,45600.5703,0.799029708,0.332302385E-3,0.718788862E-9,-0.733092307E-7,0.349999994,180.000000,0.00000000,0.00000000,0.00000000,0.00000000,0.00000000,0.00000000,0.00000000,0.386834145E-3,10.3936005,0.595783058E-4
dry_land,13,708.000000,6624.00000,7332.00000,1.00000000,3000.00000,850.000000,-18.0000000,0.800000038E-2,0,318.745300,318.745300,0.437390205E-3,0.437390205E-3,0.00000000,0.00000000,0.00000000,41800.9961,0.779412925,0.272377307E-3,0.359332480E-9,-0.469272337E-7,0.349999994,180.000000,0.00000000,0.00000000,0.00000000,0.00000000,0.00000000,0.00000000,0.00000000,0.266790390E-3,11.9259033,0.421245932E-4
dry_land,14,732.000000,7332.00000,8064.00000,1.00000000,3000.00000,850.000000,-18.0000000,0.800000038E-2,0,321.266113,321.266113,0.288425450E-3,0.288425450E-3,0.00000000,0.00000000,0.00000000,38203.2344,0.759626389,0.221733004E-3,0.164706457E-9,-0.286656494E-7,0.349999994,180.000000,0.00000000,0.00000000,0.00000000,0.00000000,0.00000000,0.00000000,0.00000000,0.175952911E-3,13.4636078,0.285196038E-4
dry_land,15,756.000000,8064.00000,8820.00000,1.00000000,3000.00000,850.000000,-18.0000000,0.800000038E-2,0,323.781647,323.781647,0.181830066E-3,0.181830066E-3,0.00000000,0.00000000,0.00000000,34810.5352,0.739707768,0.179271708E-3,0.692267632E-10,-0.167102971E-7,0.349999994,180.000000,0.00000000,0.00000000,0.00000000,0.00000000,0.00000000,0.00000000,0.00000000,0.110864639E-3,14.9980774,0.184894707E-4
dry_land,16,780.000000,8820.00000,9600.00000,1.00000000,3000.00000,850.000000,-18.0000000,0.800000038E-2,0,326.276001,326.276001,0.116374198E-3,0.116374198E-3,0.00000000,0.00000000,0.00000000,31624.1211,0.719694376,0.143951154E-3,0.300935041E-10,-0.987268312E-8,0.349999994,180.000000,0.00000000,0.00000000,0.00000000,0.00000000,0.00000000,0.00000000,0.00000000,0.709295273E-4,16.5196381,0.121905659E-4
dry_land,17,804.000000,9600.00000,10404.0000,1.00000000,3000.00000,850.000000,-18.0000000,0.800000038E-2,0,328.731232,328.731232,0.718304873E-4,0.718304873E-4,0.00000000,0.00000000,0.00000000,28643.3184,0.699622571,0.114799637E-3,0.122132061E-10,-0.561663693E-8,0.349999994,180.000000,0.00000000,0.00000000,0.00000000,0.00000000,0.00000000,0.00000000,0.00000000,0.438690186E-4,18.0173340,0.776608886E-5
dry_land,18,828.000000,10404.0000,11232.0000,1.00000000,3000.00000,850.000000,-18.0000000,0.800000038E-2,0,331.127289,331.127289,0.425923135E-4,0.425923135E-4,0.00000000,0.00000000,0.00000000,25865.7637,0.679527760,0.909259543E-4,0.459300306E-11,-0.306537484E-8,0.349999994,180.000000,0.00000000,0.00000000,0.00000000,0.00000000,0.00000000,0.00000000,0.00000000,0.259876251E-4,19.4789276,0.476250989E-5
dry_land,19,852.000000,11232.0000,12084.0000,1.00000000,3000.00000,850.000000,-18.0000000,0.800000038E-2,0,340.525909,340.525909,0.432023808E-4,0.432023808E-4,0.00000000,0.00000000,0.00000000,23287.5801,0.659444690,0.715248825E-4,0.507685777E-11,-0.285836266E-8,0.349999994,180.000000,0.00000000,0.00000000,0.00000000,0.00000000,0.00000000,0.00000000,0.00000000,0.263452530E-4,25.2120819,0.500708529E-5
dry_land,20,876.000000,12084.0000,12960.0000,1.00000000,3000.00000,850.000000,-18.0000000,0.800000038E-2,0,352.548615,352.548615,0.514432068E-4,0.514432068E-4,0.00000000,0.00000000,0.00000000,20903.5742,0.639406860,0.558789798E-4,0.777106070E-11,-0.312576032E-8,0.349999994,180.000000,0.00000000,0.00000000,0.00000000,0.00000000,0.00000000,0.00000000,0.00000000,0.263452530E-4,25.2120819,0.00000000
humid_land,1,420.000000,0.00000000,420.000000,1.00000000,3000.00000,1200.00000,145.000000,-0.600000005E-2,0,291.900055,291.900055,0.119785331E-1,0.119785331E-1,0.00000000,0.00000000,0.00000000,97409.1562,0.992528081,0.188352913E-2,0.489038463E-7,-0.143962359E-5,0.349999994,24.7999992,0.00000000,0.00000000,0.00000000,0.00000000,0.340322986E-4,0.00000000,0.164587989,-0.176340461,232.644714,0.307141891E-3
humid_land,2,444.000000,420.000000,864.000000,1.00000000,3000.00000,1200.00000,145.000000,-0.600000005E-2,0,293.742279,293.742279,0.106515046E-1,0.106515046E-1,0.00000000,0.00000000,0.00000000,92288.5625,0.977332294,0.166482280E-2,0.386685279E-7,-0.120352229E-5,0.349999994,59.3600006,0.00000000,0.00000000,0.00000000,0.00000000,0.657093042E-4,0.00000000,0.279411197,-0.242941082,356.894409,0.402899954E-3
humid_land,3,468.000000,864.000000,1332.00000,1.00000000,3000.00000,1200.00000,145.000000,-0.600000005E-2,0,295.672363,295.672363,0.937514659E-2,0.937514659E-2,0.00000000,0.00000000,0.00000000,87175.2266,0.961544633,0.146145560E-2,0.299565563E-7,-0.992498940E-6,0.349999994,95.8399963,0.00000000,0.00000000,0.00000000,0.00000000,0.592036195E-4,0.00000000,0.283149928,-0.236833334,393.502869,0.359236350E-3
humid_land,4,492.000000,1332.00000,1824.00000,1.00000000,3000.00000,1200.00000,145.000000,-0.600000005E-2,0,297.687012,297.687012,0.816171989E-2,0.816171989E-2,0.00000000,0.00000000,0.00000000,82098.5391,0.945201516,0.127416383E-2,0.227038282E-7,-0.806776882E-6,0.349999994,134.239990,0.00000000,0.00000000,0.00000000,0.00000000,0.527375632E-4,0.00000000,0.286850512,-0.229370475,435.412781,0.316758407E-3
humid_land,5,516.000000,1824.00000,2340.00000,1.00000000,3000.00000,1200.00000,145.000000,-0.600000005E-2,0,299.782166,299.782166,0.702196546E-2,0.702196546E-2,0.00000000,0.00000000,0.00000000,77085.8828,0.928340077,0.110328279E-2,0.168055632E-7,-0.645893920E-6,0.349999994,174.559998,0.00000000,0.00000000,0.00000000,0.00000000,0.464071018E-4,0.00000000,0.290512115,-0.220430017,483.329468,0.275981263E-3
humid_land,6,540.000000,2340.00000,2880.00000,1.00000000,3000.00000,1200.00000,145.000000,-0.600000005E-2,0,301.953369,301.953369,0.477199256E-2,0.477199256E-2,0.00000000,0.00000000,0.00000000,72162.4766,0.910998285,0.948790635E-3,0.121270549E-7,-0.508808228E-6,0.349999994,180.000000,0.00000000,0.00000000,0.00000000,0.00000000,0.00000000,0.00000000,0.00000000,0.291097164E-2,1.68283081,0.237376065E-3
humid_land,7,564.000000,2880.00000,3444.00000,1.00000000,3000.00000,1200.00000,145.000000,-0.600000005E-2,0,304.195465,304.195465,0.399835082E-2,0.399835082E-2,0.00000000,0.00000000,0.00000000,67351.1641,0.893214464,0.810356229E-3,0.851368576E-8,-0.393992622E-6,0.349999994,180.000000,0.00000000,0.00000000,0.00000000,0.00000000,0.00000000,0.00000000,0.00000000,0.243902206E-2,3.05050659,0.201352872E-3
humid_land,8,588.000000,3444.00000,4032.00000,1.00000000,3000.00000,1200.00000,145.000000,-0.600000005E-2,0,306.502625,306.502625,0.330068544E-2,0.330068544E-2,0.00000000,0.00000000,0.00000000,62672.3398,0.875027478,0.687390508E-3,0.580181769E-8,-0.299553960E-6,0.349999994,180.000000,0.00000000,0.00000000,0.00000000,0.00000000,0.00000000,0.00000000,0.00000000,0.201344490E-2,4.45787048,0.168250335E-3
humid_land,9,612.000000,4032.00000,4644.00000,1.00000000,3000.00000,1200.00000,145.000000,-0.600000005E-2,0,308.868073,308.868073,0.266042841E-2,0.266042841E-2,0.00000000,0.00000000,0.00000000,58143.8555,0.856476367,0.579099345E-3,0.376928488E-8,-0.221614059E-6,0.349999994,180.000000,0.00000000,0.00000000,0.00000000,0.00000000,0.00000000,0.00000000,0.00000000,0.162291527E-2,5.90080261,0.136432223E-3
humid_land,10,636.000000,4644.00000,5280.00000,1.00000000,3000.00000,1200.00000,145.000000,-0.600000005E-2,0,311.284302,311.284302,0.208271644E-2,0.208271644E-2,0.00000000,0.00000000,0.00000000,53780.9961,0.837600291,0.484534306E-3,0.231002151E-8,-0.158694391E-6,0.349999994,180.000000,0.00000000,0.00000000,0.00000000,0.00000000,0.00000000,0.00000000,0.00000000,0.127041340E-2,7.37469482,0.106805972E-3
humid_land,11,660.000000,5280.00000,5940.00000,1.00000000,3000.00000,1200.00000,145.000000,-0.600000005E-2,0,313.742584,313.742584,0.158193731E-2,0.158193731E-2,0.00000000,0.00000000,0.00000000,49596.4961,0.818438411,0.402641017E-3,0.133270617E-8,-0.109879707E-6,0.349999994,180.000000,0.00000000,0.00000000,0.00000000,0.00000000,0.00000000,0.00000000,0.00000000,0.964999199E-3,8.87425232,0.811249920E-4
humid_land,12,684.000000,5940.00000,6624.00000,1.00000000,3000.00000,1200.00000,145.000000,-0.600000005E-2,0,316.233307,316.233307,0.116177695E-2,0.116177695E-2,0.00000000,0.00000000,0.00000000,45600.5703,0.799029708,0.332302385E-3,0.718788862E-9,-0.733092307E-7,0.349999994,180.000000,0.00000000,0.00000000,0.00000000,0.00000000,0.00000000,0.00000000,0.00000000,0.708699226E-3,10.3936005,0.595783058E-4
humid_land,13,708.000000,6624.00000,7332.00000,1.00000000,3000.00000,1200.00000,145.000000,-0.600000005E-2,0,318.745300,318.745300,0.821429596E-3,0.821429596E-3,0.00000000,0.00000000,0.00000000,41800.9961,0.779412925,0.272377307E-3,0.359332480E-9,-0.469272337E-7,0.349999994,180.000000,0.00000000,0.00000000,0.00000000,0.00000000,0.00000000,0.00000000,0.00000000,0.501036644E-3,11.9259033,0.421245932E-4
humid_land,14,732.000000,7332.00000,8064.00000,1.00000000,3000.00000,1200.00000,145.000000,-0.600000005E-2,0,321.266113,321.266113,0.556131417E-3,0.556131417E-3,0.00000000,0.00000000,0.00000000,38203.2344,0.759626389,0.221733004E-3,0.164706457E-9,-0.286656494E-7,0.349999994,180.000000,0.00000000,0.00000000,0.00000000,0.00000000,0.00000000,0.00000000,0.00000000,0.339269638E-3,13.4636078,0.285196038E-4
humid_land,15,756.000000,8064.00000,8820.00000,1.00000000,3000.00000,1200.00000,145.000000,-0.600000005E-2,0,323.781647,323.781647,0.360544684E-3,0.360544684E-3,0.00000000,0.00000000,0.00000000,34810.5352,0.739707768,0.179271708E-3,0.692267632E-10,-0.167102971E-7,0.349999994,180.000000,0.00000000,0.00000000,0.00000000,0.00000000,0.00000000,0.00000000,0.00000000,0.219941139E-3,14.9980774,0.184894707E-4
humid_land,16,780.000000,8820.00000,9600.00000,1.00000000,3000.00000,1200.00000,145.000000,-0.600000005E-2,0,326.276001,326.276001,0.237716042E-3,0.237716042E-3,0.00000000,0.00000000,0.00000000,31624.1211,0.719694376,0.143951154E-3,0.300935041E-10,-0.987268312E-8,0.349999994,180.000000,0.00000000,0.00000000,0.00000000,0.00000000,0.00000000,0.00000000,0.00000000,0.144958496E-3,16.5196381,0.121905659E-4
humid_land,17,804.000000,9600.00000,10404.0000,1.00000000,3000.00000,1200.00000,145.000000,-0.600000005E-2,0,328.731232,328.731232,0.151438726E-3,0.151438726E-3,0.00000000,0.00000000,0.00000000,28643.3184,0.699622571,0.114799637E-3,0.122132061E-10,-0.561663693E-8,0.349999994,180.000000,0.00000000,0.00000000,0.00000000,0.00000000,0.00000000,0.00000000,0.00000000,0.923871994E-4,18.0173340,0.776608886E-5
humid_land,18,828.000000,10404.0000,11232.0000,1.00000000,3000.00000,1200.00000,145.000000,-0.600000005E-2,0,331.127289,331.127289,0.928689406E-4,0.928689406E-4,0.00000000,0.00000000,0.00000000,25865.7637,0.679527760,0.909259543E-4,0.459300306E-11,-0.306537484E-8,0.349999994,180.000000,0.00000000,0.00000000,0.00000000,0.00000000,0.00000000,0.00000000,0.00000000,0.566244125E-4,19.4789276,0.476250989E-5
humid_land,19,852.000000,11232.0000,12084.0000,1.00000000,3000.00000,1200.00000,145.000000,-0.600000005E-2,0,340.525909,340.525909,0.976381561E-4,0.976381561E-4,0.00000000,0.00000000,0.00000000,23287.5801,0.659444690,0.715248825E-4,0.507685777E-11,-0.285836266E-8,0.349999994,180.000000,0.00000000,0.00000000,0.00000000,0.00000000,0.00000000,0.00000000,0.00000000,0.596046448E-4,25.2120819,0.500708529E-5
humid_land,20,876.000000,12084.0000,12960.0000,1.00000000,3000.00000,1200.00000,145.000000,-0.600000005E-2,0,352.548615,352.548615,0.120798693E-3,0.120798693E-3,0.00000000,0.00000000,0.00000000,20903.5742,0.639406860,0.558789798E-4,0.777106070E-11,-0.312576032E-8,0.349999994,180.000000,0.00000000,0.00000000,0.00000000,0.00000000,0.00000000,0.00000000,0.00000000,0.596046448E-4,25.2120819,0.00000000
liquid_cloud,1,420.000000,0.00000000,420.000000,1.00000000,3000.00000,900.000000,85.0000000,-0.300000003E-2,0,291.900055,291.900055,0.115485340E-1,0.115485340E-1,0.00000000,0.00000000,0.00000000,97409.1562,0.992528081,0.188352913E-2,0.489038463E-7,-0.143962359E-5,0.349999994,24.7999992,0.00000000,0.00000000,0.00000000,0.00000000,0.634272510E-5,0.00000000,0.237960294E-1,-0.707548857E-1,95.9917297,0.307141891E-3
liquid_cloud,2,444.000000,420.000000,864.000000,1.00000000,3000.00000,900.000000,85.0000000,-0.300000003E-2,0,293.742279,293.742279,0.102691427E-1,0.102691427E-1,0.00000000,0.00000000,0.00000000,92288.5625,0.977332294,0.166482280E-2,0.386685279E-7,-0.120352229E-5,0.349999994,59.3600006,0.00000000,0.00000000,0.00000000,0.00000000,0.210396993E-4,0.00000000,0.694738701E-1,-0.954563618E-1,143.571350,0.402899954E-3
liquid_cloud,3,468.000000,864.000000,1332.00000,1.00000000,3000.00000,900.000000,85.0000000,-0.300000003E-2,0,295.672363,295.672363,0.903860293E-2,0.903860293E-2,0.00000000,0.00000000,0.00000000,87175.2266,0.961544633,0.146145560E-2,0.299565563E-7,-0.992498940E-6,0.349999994,95.8399963,0.00000000,0.00000000,0.00000000,0.00000000,0.192360458E-4,0.00000000,0.713141263E-1,-0.941973329E-1,160.499878,0.359236350E-3
liquid_cloud,4,492.000000,1332.00000,1824.00000,1.00000000,3000.00000,900.000000,85.0000000,-0.300000003E-2,0,297.687012,297.316589,0.800941512E-2,0.786873512E-2,0.140680000E-3,0.00000000,0.00000000,82098.5391,0.945201516,0.127416383E-2,0.227038282E-7,-0.806776882E-6,0.349999994,134.239990,0.00000000,0.00000000,0.00000000,0.00000000,0.00000000,0.00000000,0.847733200,-0.419929028,790.039001,0.316758407E-3
liquid_cloud,5,516.000000,1824.00000,2340.00000,1.00000000,3000.00000,900.000000,85.0000000,-0.300000003E-2,0,299.782166,299.323944,0.694081467E-2,0.676989462E-2,0.170920001E-3,0.00000000,0.00000000,77085.8828,0.928340077,0.110328279E-2,0.168055632E-7,-0.645893920E-6,0.349999994,174.559998,0.00000000,0.00000000,0.00000000,0.00000000,0.00000000,0.00000000,0.963651478,-0.380526543,827.314758,0.275981263E-3
liquid_cloud,6,540.000000,2340.00000,2880.00000,1.00000000,3000.00000,900.000000,85.0000000,-0.300000003E-2,0,301.953369,301.399872,0.595346279E-2,0.575086288E-2,0.202600000E-3,0.00000000,0.00000000,72162.4766,0.910998285,0.948790635E-3,0.121270549E-7,-0.508808228E-6,0.349999994,180.000000,0.00000000,0.00000000,0.00000000,0.00000000,0.00000000,0.00000000,1.00000000,-0.343903184,874.457825,0.237376065E-3
liquid_cloud,7,564.000000,2880.00000,3444.00000,1.00000000,3000.00000,900.000000,85.0000000,-0.300000003E-2,0,304.195465,303.626282,0.502280565E-2,0.481852563E-2,0.204280004E-3,0.00000000,0.00000000,67351.1641,0.893214464,0.810356229E-3,0.851368576E-8,-0.393992622E-6,0.349999994,180.000000,0.00000000,0.00000000,0.00000000,0.00000000,0.00000000,0.00000000,1.00000000,-0.322577357,965.440491,0.201352872E-3
liquid_cloud,8,588.000000,3444.00000,4032.00000,1.00000000,3000.00000,900.000000,85.0000000,-0.300000003E-2,0,306.502625,306.019897,0.414746907E-2,0.397774903E-2,0.169720006E-3,0.00000000,0.00000000,62672.3398,0.875027478,0.687390508E-3,0.580181769E-8,-0.299553960E-6,0.349999994,180.000000,0.00000000,0.00000000,0.00000000,0.00000000,0.00000000,0.217398178E-5,0.960906982,-0.317083836,1122.95361,0.168250335E-3
liquid_cloud,9,612.000000,4032.00000,4644.00000,1.00000000,3000.00000,900.000000,85.0000000,-0.300000003E-2,0,308.868073,308.868073,0.320615736E-2,0.320615736E-2,0.00000000,0.00000000,0.00000000,58143.8555,0.856476367,0.579099345E-3,0.376928488E-8,-0.221614059E-6,0.349999994,180.000000,0.00000000,0.00000000,0.00000000,0.00000000,0.702000125E-5,0.127644967E-5,0.814229771E-1,-0.738627911E-1,327.560913,0.136432223E-3
liquid_cloud,10,636.000000,4644.00000,5280.00000,1.00000000,3000.00000,900.000000,85.0000000,-0.300000003E-2,0,311.284302,311.284302,0.192250754E-2,0.192250754E-2,0.00000000,0.00000000,0.00000000,53780.9961,0.837600291,0.484534306E-3,0.231002151E-8,-0.158694391E-6,0.349999994,180.000000,0.00000000,0.00000000,0.00000000,0.00000000,0.00000000,0.00000000,0.00000000,0.117278099E-2,7.37469482,0.106805972E-3
liquid_cloud,11,660.000000,5280.00000,5940.00000,1.00000000,3000.00000,900.000000,85.0000000,-0.300000003E-2,0,313.742584,313.742584,0.146025000E-2,0.146025000E-2,0.00000000,0.00000000,0.00000000,49596.4961,0.818438411,0.402641017E-3,0.133270617E-8,-0.109879707E-6,0.349999994,180.000000,0.00000000,0.00000000,0.00000000,0.00000000,0.00000000,0.00000000,0.00000000,0.890731812E-3,8.87425232,0.811249920E-4
liquid_cloud,12,684.000000,5940.00000,6624.00000,1.00000000,3000.00000,900.000000,85.0000000,-0.300000003E-2,0,316.233307,316.233307,0.107240956E-2,0.107240956E-2,0.00000000,0.00000000,0.00000000,45600.5703,0.799029708,0.332302385E-3,0.718788862E-9,-0.733092307E-7,0.349999994,180.000000,0.00000000,0.00000000,0.00000000,0.00000000,0.00000000,0.00000000,0.00000000,0.654220581E-3,10.3936005,0.595783058E-4
liquid_cloud,13,708.000000,6624.00000,7332.00000,1.00000000,3000.00000,900.000000,85.0000000,-0.300000003E-2,0,318.745300,318.745300,0.758242735E-3,0.758242735E-3,0.00000000,0.00000000,0.00000000,41800.9961,0.779412925,0.272377307E-3,0.359332480E-9,-0.469272337E-7,0.349999994,180.000000,0.00000000,0.00000000,0.00000000,0.00000000,0.00000000,0.00000000,0.00000000,0.462532043E-3,11.9259033,0.421245932E-4
liquid_cloud,14,732.000000,7332.00000,8064.00000,1.00000000,3000.00000,900.000000,85.0000000,-0.300000003E-2,0,321.266113,321.266113,0.513352104E-3,0.513352104E-3,0.00000000,0.00000000,0.00000000,38203.2344,0.759626389,0.221733004E-3,0.164706457E-9,-0.286656494E-7,0.349999994,180.000000,0.00000000,0.00000000,0.00000000,0.00000000,0.00000000,0.00000000,0.00000000,0.313162804E-3,13.4636078,0.285196038E-4
liquid_cloud,15,756.000000,8064.00000,8820.00000,1.00000000,3000.00000,900.000000,85.0000000,-0.300000003E-2,0,323.781647,323.781647,0.332810509E-3,0.332810509E-3,0.00000000,0.00000000,0.00000000,34810.5352,0.739707768,0.179271708E-3,0.692267632E-10,-0.167102971E-7,0.349999994,180.000000,0.00000000,0.00000000,0.00000000,0.00000000,0.00000000,0.00000000,0.00000000,0.203013420E-3,14.9980774,0.184894707E-4
liquid_cloud,16,780.000000,8820.00000,9600.00000,1.00000000,3000.00000,900.000000,85.0000000,-0.300000003E-2,0,326.276001,326.276001,0.219430207E-3,0.219430207E-3,0.00000000,0.00000000,0.00000000,31624.1211,0.719694376,0.143951154E-3,0.300935041E-10,-0.987268312E-8,0.349999994,180.000000,0.00000000,0.00000000,0.00000000,0.00000000,0.00000000,0.00000000,0.00000000,0.133872032E-3,16.5196381,0.121905659E-4
liquid_cloud,17,804.000000,9600.00000,10404.0000,1.00000000,3000.00000,900.000000,85.0000000,-0.300000003E-2,0,328.731232,328.731232,0.139789598E-3,0.139789598E-3,0.00000000,0.00000000,0.00000000,28643.3184,0.699622571,0.114799637E-3,0.122132061E-10,-0.561663693E-8,0.349999994,180.000000,0.00000000,0.00000000,0.00000000,0.00000000,0.00000000,0.00000000,0.00000000,0.852346420E-4,18.0173340,0.776608886E-5
liquid_cloud,18,828.000000,10404.0000,11232.0000,1.00000000,3000.00000,900.000000,85.0000000,-0.300000003E-2,0,331.127289,331.127289,0.857251798E-4,0.857251798E-4,0.00000000,0.00000000,0.00000000,25865.7637,0.679527760,0.909259543E-4,0.459300306E-11,-0.306537484E-8,0.349999994,180.000000,0.00000000,0.00000000,0.00000000,0.00000000,0.00000000,0.00000000,0.00000000,0.523328781E-4,19.4789276,0.476250989E-5
liquid_cloud,19,852.000000,11232.0000,12084.0000,1.00000000,3000.00000,900.000000,85.0000000,-0.300000003E-2,0,340.525909,340.525909,0.901275416E-4,0.901275416E-4,0.00000000,0.00000000,0.00000000,23287.5801,0.659444690,0.715248825E-4,0.507685777E-11,-0.285836266E-8,0.349999994,180.000000,0.00000000,0.00000000,0.00000000,0.00000000,0.00000000,0.00000000,0.00000000,0.549554825E-4,25.2120819,0.500708529E-5
liquid_cloud,20,876.000000,12084.0000,12960.0000,1.00000000,3000.00000,900.000000,85.0000000,-0.300000003E-2,0,352.548615,352.548615,0.111506495E-3,0.111506495E-3,0.00000000,0.00000000,0.00000000,20903.5742,0.639406860,0.558789798E-4,0.777106070E-11,-0.312576032E-8,0.349999994,180.000000,0.00000000,0.00000000,0.00000000,0.00000000,0.00000000,0.00000000,0.00000000,0.549554825E-4,25.2120819,0.00000000
ice_anvil_water,1,420.000000,0.00000000,420.000000,2.00000000,3000.00000,700.000000,30.0000000,-0.100000005E-2,0,291.900055,291.900055,0.100742532E-1,0.100742532E-1,0.00000000,0.00000000,0.00000000,97409.1562,0.992528081,0.188352913E-2,0.489038463E-7,-0.143962359E-5,0.349999994,24.7999992,0.00000000,0.00000000,0.00000000,0.00000000,0.00000000,0.00000000,0.00000000,0.614523888E-2,-4.44969177,0.307141891E-3
ice_anvil_water,2,444.000000,420.000000,864.000000,2.00000000,3000.00000,700.000000,30.0000000,-0.100000005E-2,0,293.742279,293.742279,0.895818789E-2,0.895818789E-2,0.00000000,0.00000000,0.00000000,92288.5625,0.977332294,0.166482280E-2,0.386685279E-7,-0.120352229E-5,0.349999994,59.3600006,0.00000000,0.00000000,0.00000000,0.00000000,0.00000000,0.00000000,0.00000000,0.546455383E-2,-3.32592773,0.402899954E-3
ice_anvil_water,3,468.000000,864.000000,1332.00000,2.00000000,3000.00000,700.000000,30.0000000,-0.100000005E-2,0,295.672363,295.672363,0.788473897E-2,0.788473897E-2,0.00000000,0.00000000,0.00000000,87175.2266,0.961544633,0.146145560E-2,0.299565563E-7,-0.992498940E-6,0.349999994,95.8399963,0.00000000,0.00000000,0.00000000,0.00000000,0.00000000,0.00000000,0.00000000,0.480973721E-2,-2.14857483,0.359236350E-3
ice_anvil_water,4,492.000000,1332.00000,1824.00000,2.00000000,3000.00000,700.000000,30.0000000,-0.100000005E-2,0,297.687012,297.687012,0.686421571E-2,0.686421571E-2,0.00000000,0.00000000,0.00000000,82098.5391,0.945201516,0.127416383E-2,0.227038282E-7,-0.806776882E-6,0.349999994,134.239990,0.00000000,0.00000000,0.00000000,0.00000000,0.00000000,0.00000000,0.00000000,0.418722630E-2,-0.919647217,0.316758407E-3
ice_anvil_water,5,516.000000,1824.00000,2340.00000,2.00000000,3000.00000,700.000000,30.0000000,-0.100000005E-2,0,299.782166,299.782166,0.590565288E-2,0.590565288E-2,0.00000000,0.00000000,0.00000000,77085.8828,0.928340077,0.110328279E-2,0.168055632E-7,-0.645893920E-6,0.349999994,174.559998,0.00000000,0.00000000,0.00000000,0.00000000,0.00000000,0.00000000,0.00000000,0.360250473E-2,0.358398438,0.275981263E-3
ice_anvil_water,6,540.000000,2340.00000,2880.00000,2.00000000,3000.00000,700.000000,30.0000000,-0.100000005E-2,0,301.953369,301.953369,0.501671014E-2,0.501671014E-2,0.00000000,0.00000000,0.00000000,72162.4766,0.910998285,0.948790635E-3,0.121270549E-7,-0.508808228E-6,0.349999994,180.000000,0.00000000,0.00000000,0.00000000,0.00000000,0.00000000,0.00000000,0.00000000,0.306022167E-2,1.68283081,0.237376065E-3
ice_anvil_water,7,564.000000,2880.00000,3444.00000,2.00000000,3000.00000,700.000000,30.0000000,-0.100000005E-2,0,304.195465,304.195465,0.420339452E-2,0.420339452E-2,0.00000000,0.00000000,0.00000000,67351.1641,0.893214464,0.810356229E-3,0.851368576E-8,-0.393992622E-6,0.349999994,180.000000,0.00000000,0.00000000,0.00000000,0.00000000,0.00000000,0.00000000,0.00000000,0.256407261E-2,3.05050659,0.201352872E-3
ice_anvil_water,8,588.000000,3444.00000,4032.00000,2.00000000,3000.00000,700.000000,30.0000000,-0.100000005E-2,0,306.502625,306.502625,0.346995145E-2,0.346995145E-2,0.00000000,0.00000000,0.00000000,62672.3398,0.875027478,0.687390508E-3,0.580181769E-8,-0.299553960E-6,0.349999994,180.000000,0.00000000,0.00000000,0.00000000,0.00000000,0.00000000,0.00000000,0.00000000,0.211668015E-2,4.45787048,0.168250335E-3
ice_anvil_water,9,612.000000,4032.00000,4644.00000,2.00000000,3000.00000,700.000000,30.0000000,-0.100000005E-2,0,308.868073,308.868073,0.279686064E-2,0.279686064E-2,0.00000000,0.00000000,0.00000000,58143.8555,0.856476367,0.579099345E-3,0.376928488E-8,-0.221614059E-6,0.349999994,180.000000,0.00000000,0.00000000,0.00000000,0.00000000,0.00000000,0.00000000,0.00000000,0.170612335E-2,5.90080261,0.136432223E-3
ice_anvil_water,10,636.000000,4644.00000,5280.00000,2.00000000,3000.00000,700.000000,30.0000000,-0.100000005E-2,0,311.284302,311.284302,0.218952238E-2,0.218952238E-2,0.00000000,0.00000000,0.00000000,53780.9961,0.837600291,0.484534306E-3,0.231002151E-8,-0.158694391E-6,0.349999994,180.000000,0.00000000,0.00000000,0.00000000,0.00000000,0.00000000,0.00000000,0.00000000,0.133562088E-2,7.37469482,0.106805972E-3
ice_anvil_water,11,660.000000,5280.00000,5940.00000,2.00000000,3000.00000,700.000000,30.0000000,-0.100000005E-2,0,313.742584,313.668671,0.144100736E-2,0.141968741E-2,0.00000000,0.213199983E-4,0.149239986E-4,49596.4961,0.818438411,0.402641017E-3,0.133270617E-8,-0.109879707E-6,0.349999994,180.000000,0.00000000,0.00000000,0.00000000,0.00000000,0.00000000,0.209066184E-4,1.00000000,-0.213006437,1464.43066,0.811249920E-4
ice_anvil_water,12,684.000000,5940.00000,6624.00000,2.00000000,3000.00000,700.000000,30.0000000,-0.100000005E-2,0,316.233307,316.128967,0.107200444E-2,0.104262040E-2,0.00000000,0.293839985E-4,0.205687993E-4,45600.5703,0.799029708,0.332302385E-3,0.718788862E-9,-0.733092307E-7,0.349999994,180.000000,0.00000000,0.00000000,0.00000000,0.00000000,0.00000000,0.205038505E-4,1.00000000,-0.180513740,1649.10181,0.595783058E-4
ice_anvil_water,13,708.000000,6624.00000,7332.00000,2.00000000,3000.00000,700.000000,30.0000000,-0.100000005E-2,0,318.745300,318.607941,0.774916378E-3,0.737180409E-3,0.00000000,0.377359975E-4,0.264151986E-4,41800.9961,0.779412925,0.272377307E-3,0.359332480E-9,-0.469272337E-7,0.349999994,180.000000,0.00000000,0.00000000,0.00000000,0.00000000,0.00000000,0.182685162E-4,1.00000000,-0.146845281,1850.92847,0.421245932E-4
ice_anvil_water,14,732.000000,7332.00000,8064.00000,2.00000000,3000.00000,700.000000,30.0000000,-0.100000005E-2,0,321.266113,321.092896,0.545468298E-3,0.499092275E-3,0.00000000,0.463759970E-4,0.324631983E-4,38203.2344,0.759626389,0.221733004E-3,0.164706457E-9,-0.286656494E-7,0.349999994,180.000000,0.00000000,0.00000000,0.00000000,0.00000000,0.00000000,0.150096812E-4,1.00000000,-0.113724530,2064.79395,0.285196038E-4
ice_anvil_water,15,756.000000,8064.00000,8820.00000,2.00000000,3000.00000,700.000000,30.0000000,-0.100000005E-2,0,323.781647,323.610199,0.368261739E-3,0.323565735E-3,0.00000000,0.446960003E-4,0.312871998E-4,34810.5352,0.739707768,0.179271708E-3,0.692267632E-10,-0.167102971E-7,0.349999994,180.000000,0.00000000,0.00000000,0.00000000,0.00000000,0.00000000,0.113069254E-4,1.00000000,-0.833467841E-1,2278.85840,0.184894707E-4
ice_anvil_water,16,780.000000,8820.00000,9600.00000,2.00000000,3000.00000,700.000000,30.0000000,-0.100000005E-2,0,326.276001,326.136139,0.248814933E-3,0.213334919E-3,0.00000000,0.354799995E-4,0.248359993E-4,31624.1211,0.719694376,0.143951154E-3,0.300935041E-10,-0.987268312E-8,0.349999994,180.000000,0.00000000,0.00000000,0.00000000,0.00000000,0.00000000,0.745493617E-5,1.00000000,-0.597302318E-1,2446.24780,0.121905659E-4
ice_anvil_water,17,804.000000,9600.00000,10404.0000,2.00000000,3000.00000,700.000000,30.0000000,-0.100000005E-2,0,328.731232,328.625885,0.161882548E-3,0.135906550E-3,0.00000000,0.259759981E-4,0.181831983E-4,28643.3184,0.699622571,0.114799637E-3,0.122132061E-10,-0.561663693E-8,0.349999994,180.000000,0.00000000,0.00000000,0.00000000,0.00000000,0.00000000,0.474922126E-5,1.00000000,-0.410570502E-1,2603.55347,0.776608886E-5
ice_anvil_water,18,828.000000,10404.0000,11232.0000,2.00000000,3000.00000,700.000000,30.0000000,-0.100000005E-2,0,331.127289,331.127289,0.833439190E-4,0.833439190E-4,0.00000000,0.00000000,0.00000000,25865.7637,0.679527760,0.909259543E-4,0.459300306E-11,-0.306537484E-8,0.349999994,180.000000,0.00000000,0.00000000,0.00000000,0.00000000,0.00000000,0.00000000,0.00000000,0.507831573E-4,19.4789276,0.476250989E-5
ice_anvil_water,19,852.000000,11232.0000,12084.0000,2.00000000,3000.00000,700.000000,30.0000000,-0.100000005E-2,0,340.525909,340.525909,0.876239937E-4,0.876239937E-4,0.00000000,0.00000000,0.00000000,23287.5801,0.659444690,0.715248825E-4,0.507685777E-11,-0.285836266E-8,0.349999994,180.000000,0.00000000,0.00000000,0.00000000,0.00000000,0.00000000,0.00000000,0.00000000,0.534057617E-4,25.2120819,0.500708529E-5
ice_anvil_water,20,876.000000,12084.0000,12960.0000,2.00000000,3000.00000,700.000000,30.0000000,-0.100000005E-2,0,352.548615,352.548615,0.108409084E-3,0.108409084E-3,0.00000000,0.00000000,0.00000000,20903.5742,0.639406860,0.558789798E-4,0.777106070E-11,-0.312576032E-8,0.349999994,180.000000,0.00000000,0.00000000,0.00000000,0.00000000,0.00000000,0.00000000,0.00000000,0.534057617E-4,25.2120819,0.00000000
high_variance_fine_grid,1,60.0000000,0.00000000,60.0000000,2.00000000,750.000000,600.000000,60.0000000,-0.400000019E-2,0,291.128754,291.128754,0.116001470E-1,0.116001470E-1,0.00000000,0.00000000,0.00000000,99625.7031,0.998929143,0.198293058E-2,0.325610221E-3,-0.120529694E-3,0.349999994,10.3999996,0.00000000,0.00000000,0.00000000,0.00000000,0.263723871E-2,0.00000000,0.532216370,-0.222890854,278.694031,0.858410913E-2
high_variance_fine_grid,2,60.0000000,60.0000000,120.000000,2.00000000,750.000000,600.000000,60.0000000,-0.400000019E-2,0,291.386078,291.386078,0.114169512E-1,0.114169512E-1,0.00000000,0.00000000,0.00000000,98881.3047,0.996790886,0.194922707E-2,0.215694701E-3,-0.972617854E-4,0.349999994,15.1999998,0.00000000,0.00000000,0.00000000,0.00000000,0.259558996E-2,0.00000000,0.532216370,-0.451056719,568.754211,0.844854396E-2
high_variance_fine_grid,3,60.0000000,120.000000,180.000000,2.00000000,750.000000,600.000000,60.0000000,-0.400000019E-2,0,291.643188,291.643188,0.112359440E-1,0.112359440E-1,0.00000000,0.00000000,0.00000000,98142.4688,0.994657159,0.191609655E-2,0.142865189E-3,-0.784807562E-4,0.349999994,20.0000000,0.00000000,0.00000000,0.00000000,0.00000000,0.00000000,0.00000000,0.00000000,0.685393810E-2,-4.60638428,0.831459928E-2
high_variance_fine_grid,4,60.0000000,180.000000,240.000000,2.00000000,750.000000,600.000000,60.0000000,-0.400000019E-2,0,291.900055,291.900055,0.110571068E-1,0.110571068E-1,0.00000000,0.00000000,0.00000000,97409.1562,0.992528081,0.188352913E-2,0.946146611E-4,-0.633223026E-4,0.349999994,24.7999992,0.00000000,0.00000000,0.00000000,0.00000000,0.00000000,0.00000000,0.00000000,0.674486160E-2,-4.44969177,0.818225928E-2
high_variance_fine_grid,5,60.0000000,240.000000,300.000000,2.00000000,750.000000,600.000000,60.0000000,-0.400000019E-2,0,292.156677,292.156677,0.108804265E-1,0.108804265E-1,0.00000000,0.00000000,0.00000000,96681.3125,0.990403473,0.185151526E-2,0.626520559E-4,-0.510884347E-4,0.349999994,29.6000004,0.00000000,0.00000000,0.00000000,0.00000000,0.00000000,0.00000000,0.00000000,0.663709641E-2,-4.29315186,0.791530497E-2
high_variance_fine_grid,6,60.0000000,300.000000,360.000000,2.00000000,750.000000,600.000000,60.0000000,-0.400000019E-2,0,292.413055,292.413055,0.107058836E-1,0.107058836E-1,0.00000000,0.00000000,0.00000000,95958.9219,0.988283455,0.182004552E-2,0.414817041E-4,-0.412155132E-4,0.349999994,34.4000015,0.00000000,0.00000000,0.00000000,0.00000000,0.00000000,0.00000000,0.00000000,0.653064251E-2,-4.13676453,0.644062925E-2
high_variance_fine_grid,7,60.0000000,360.000000,420.000000,2.00000000,750.000000,600.000000,60.0000000,-0.400000019E-2,0,292.669220,292.669220,0.105334660E-1,0.105334660E-1,0.00000000,0.00000000,0.00000000,95241.9219,0.986167967,0.178911060E-2,0.274613758E-4,-0.332484196E-4,0.349999994,39.1999969,0.00000000,0.00000000,0.00000000,0.00000000,0.00000000,0.00000000,0.00000000,0.642538071E-2,-3.98049927,0.524036027E-2
high_variance_fine_grid,8,60.0000000,420.000000,480.000000,2.00000000,750.000000,600.000000,60.0000000,-0.400000019E-2,0,292.925110,292.925110,0.103631578E-1,0.103631578E-1,0.00000000,0.00000000,0.00000000,94530.2812,0.984057009,0.175870152E-2,0.181774103E-4,-0.268196654E-4,0.349999994,44.0000000,0.00000000,0.00000000,0.00000000,0.00000000,0.00000000,0.00000000,0.00000000,0.632154942E-2,-3.82440186,0.426349742E-2
high_variance_fine_grid,9,60.0000000,480.000000,540.000000,2.00000000,750.000000,600.000000,60.0000000,-0.400000019E-2,0,293.180756,293.180756,0.101949442E-1,0.101949442E-1,0.00000000,0.00000000,0.00000000,93823.9531,0.981950581,0.172880932E-2,0.120305549E-4,-0.216325461E-4,0.349999994,48.7999992,0.00000000,0.00000000,0.00000000,0.00000000,0.00000000,0.00000000,0.00000000,0.621891022E-2,-3.66845703,0.346850906E-2
high_variance_fine_grid,10,60.0000000,540.000000,600.000000,2.00000000,750.000000,600.000000,60.0000000,-0.400000019E-2,0,293.436127,293.436127,0.100288074E-1,0.100288074E-1,0.00000000,0.00000000,0.00000000,93122.9062,0.979848683,0.169942516E-2,0.796127279E-5,-0.174475135E-4,0.349999994,53.5999985,0.00000000,0.00000000,0.00000000,0.00000000,0.00000000,0.00000000,0.00000000,0.611758232E-2,-3.51268005,0.282157282E-2
high_variance_fine_grid,11,60.0000000,600.000000,660.000000,2.00000000,750.000000,600.000000,60.0000000,-0.400000019E-2,0,293.691284,293.691284,0.986473262E-2,0.986473262E-2,0.00000000,0.00000000,0.00000000,92427.1016,0.977751255,0.167054054E-2,0.526771964E-5,-0.140711991E-4,0.349999994,58.3999977,0.00000000,0.00000000,0.00000000,0.00000000,0.00000000,0.00000000,0.00000000,0.601744652E-2,-3.35704041,0.229515135E-2
high_variance_fine_grid,12,60.0000000,660.000000,720.000000,2.00000000,750.000000,600.000000,60.0000000,-0.400000019E-2,0,293.946136,293.946136,0.970268901E-2,0.970268901E-2,0.00000000,0.00000000,0.00000000,91736.4844,0.975658298,0.164214673E-2,0.348501271E-5,-0.113474798E-4,0.349999994,63.1999969,0.00000000,0.00000000,0.00000000,0.00000000,0.00000000,0.00000000,0.00000000,0.591862202E-2,-3.20158386,0.186681887E-2
high_variance_fine_grid,13,60.0000000,720.000000,780.000000,2.00000000,750.000000,600.000000,60.0000000,-0.400000019E-2,0,294.200775,294.200775,0.699797459E-2,0.699797459E-2,0.00000000,0.00000000,0.00000000,91051.0391,0.973569810,0.161423557E-2,0.230531373E-5,-0.915039345E-5,0.349999994,68.0000000,0.00000000,0.00000000,0.00000000,0.00000000,0.00000000,0.00000000,0.00000000,0.426876545E-2,-3.04624939,0.151832600E-2
high_variance_fine_grid,14,60.0000000,780.000000,840.000000,2.00000000,750.000000,600.000000,60.0000000,-0.400000019E-2,0,294.455139,294.455139,0.688212318E-2,0.688212318E-2,0.00000000,0.00000000,0.00000000,90370.7109,0.971485853,0.158679869E-2,0.152474877E-5,-0.737821529E-5,0.349999994,72.7999954,0.00000000,0.00000000,0.00000000,0.00000000,0.00000000,0.00000000,0.00000000,0.419807434E-2,-2.89108276,0.123480719E-2
high_variance_fine_grid,15,60.0000000,840.000000,900.000000,2.00000000,750.000000,600.000000,60.0000000,-0.400000019E-2,0,294.709229,294.709229,0.676774001E-2,0.676774001E-2,0.00000000,0.00000000,0.00000000,89695.4688,0.969406366,0.155982841E-2,0.100834461E-5,-0.594886569E-5,0.349999994,77.5999985,0.00000000,0.00000000,0.00000000,0.00000000,0.00000000,0.00000000,0.00000000,0.412833691E-2,-2.73609924,0.100416364E-2
high_variance_fine_grid,16,60.0000000,900.000000,960.000000,2.00000000,750.000000,600.000000,60.0000000,-0.400000019E-2,0,294.963074,294.963074,0.665481295E-2,0.665481295E-2,0.00000000,0.00000000,0.00000000,89025.2656,0.967331231,0.153331633E-2,0.666747439E-6,-0.479609571E-5,0.349999994,82.4000015,0.00000000,0.00000000,0.00000000,0.00000000,0.00000000,0.00000000,0.00000000,0.405943394E-2,-2.58125305,0.816546031E-3
high_variance_fine_grid,17,60.0000000,960.000000,1020.00000,2.00000000,750.000000,600.000000,60.0000000,-0.400000019E-2,0,295.216644,295.216644,0.654332899E-2,0.654332899E-2,0.00000000,0.00000000,0.00000000,88360.0703,0.965260625,0.150725490E-2,0.440813892E-6,-0.386644888E-5,0.349999994,87.1999969,0.00000000,0.00000000,0.00000000,0.00000000,0.00000000,0.00000000,0.00000000,0.399148464E-2,-2.42657471,0.663938175E-3
high_variance_fine_grid,18,60.0000000,1020.00000,1080.00000,2.00000000,750.000000,600.000000,60.0000000,-0.400000019E-2,0,295.469940,295.469940,0.643327786E-2,0.643327786E-2,0.00000000,0.00000000,0.00000000,87699.8516,0.963194430,0.148163643E-2,0.291400596E-6,-0.311678855E-5,0.349999994,92.0000000,0.00000000,0.00000000,0.00000000,0.00000000,0.00000000,0.00000000,0.00000000,0.392425060E-2,-2.27206421,0.539815344E-3
high_variance_fine_grid,19,60.0000000,1080.00000,1140.00000,2.00000000,750.000000,600.000000,60.0000000,-0.400000019E-2,0,295.722961,295.722961,0.632464886E-2,0.632464886E-2,0.00000000,0.00000000,0.00000000,87044.5625,0.961132646,0.145645346E-2,0.192604617E-6,-0.251230836E-5,0.349999994,96.7999954,0.00000000,0.00000000,0.00000000,0.00000000,0.00000000,0.00000000,0.00000000,0.385808945E-2,-2.11772156,0.438867428E-3
high_variance_fine_grid,20,60.0000000,1140.00000,1200.00000,2.00000000,750.000000,600.000000,60.0000000,-0.400000019E-2,0,295.975739,295.975739,0.621743081E-2,0.621743081E-2,0.00000000,0.00000000,0.00000000,86394.1641,0.959075272,0.143169856E-2,0.127286995E-6,-0.202492583E-5,0.349999994,101.599998,0.00000000,0.00000000,0.750000007E-3,0.00000000,0.00000000,0.00000000,0.00000000,0.385808945E-2,-2.11772156,0.750000007E-3
high_variance_transition_grid,1,300.000000,0.00000000,300.000000,1.00000000,12000.0000,1500.00000,110.000000,-0.499999989E-2,0,291.643188,291.643188,0.107140979E-1,0.107140979E-1,0.00000000,0.00000000,0.00000000,98142.4688,0.994657159,0.191609655E-2,0.374453200E-3,-0.127057036E-3,0.349999994,20.0000000,0.00000000,0.00000000,0.00000000,0.00000000,0.260753185E-2,0.00000000,0.501852274,-0.431425750,552.222351,0.897976756E-2
high_variance_transition_grid,2,300.000000,300.000000,600.000000,1.00000000,12000.0000,1500.00000,110.000000,-0.499999989E-2,0,292.925110,292.925110,0.984039437E-2,0.984039437E-2,0.00000000,0.00000000,0.00000000,94530.2812,0.984057009,0.175870152E-2,0.205150704E-3,-0.900998057E-4,0.349999994,44.0000000,0.00000000,0.00000000,0.00000000,0.00000000,0.239058258E-2,0.00000000,0.498609036,-0.420548856,582.009705,0.828223582E-2
high_variance_transition_grid,3,300.000000,600.000000,900.000000,1.00000000,12000.0000,1500.00000,110.000000,-0.499999989E-2,0,294.200775,294.200775,0.902314577E-2,0.902314577E-2,0.00000000,0.00000000,0.00000000,91051.0391,0.973569810,0.161423557E-2,0.112031710E-3,-0.637889170E-4,0.349999994,68.0000000,0.00000000,0.00000000,0.00000000,0.00000000,0.218813517E-2,0.00000000,0.495366067,-0.409317970,613.339294,0.762651954E-2
high_variance_transition_grid,4,300.000000,900.000000,1200.00000,1.00000000,12000.0000,1500.00000,110.000000,-0.499999989E-2,0,295.469940,295.469940,0.825993903E-2,0.825993903E-2,0.00000000,0.00000000,0.00000000,87699.8516,0.963194430,0.148163643E-2,0.609777562E-4,-0.450866355E-4,0.349999994,92.0000000,0.00000000,0.00000000,0.00000000,0.00000000,0.199952000E-2,0.00000000,0.492123783,-0.397734821,646.248230,0.701110298E-2
high_variance_transition_grid,5,300.000000,1200.00000,1500.00000,1.00000000,12000.0000,1500.00000,110.000000,-0.499999989E-2,0,296.732330,296.732330,0.754833221E-2,0.754833221E-2,0.00000000,0.00000000,0.00000000,84472.0078,0.952929556,0.135992968E-2,0.330771472E-4,-0.318136517E-4,0.349999994,116.000000,0.00000000,0.00000000,0.00000000,0.00000000,0.174443505E-2,0.00000000,0.483837008,-0.382981777,675.835999,0.621137535E-2
high_variance_transition_grid,6,300.000000,1500.00000,1800.00000,1.00000000,12000.0000,1500.00000,110.000000,-0.499999989E-2,0,297.987610,297.987610,0.688592391E-2,0.688592391E-2,0.00000000,0.00000000,0.00000000,81362.9609,0.942774117,0.124822010E-2,0.178802893E-4,-0.224090836E-4,0.349999994,140.000000,0.00000000,0.00000000,0.00000000,0.00000000,0.119086169E-2,0.00000000,0.444218814,-0.350359201,672.892639,0.456678960E-2
high_variance_transition_grid,7,300.000000,1800.00000,2100.00000,1.00000000,12000.0000,1500.00000,110.000000,-0.499999989E-2,0,299.235535,299.235535,0.627039094E-2,0.627039094E-2,0.00000000,0.00000000,0.00000000,78368.3516,0.932726860,0.114568695E-2,0.963118055E-5,-0.157566556E-4,0.349999994,164.000000,0.00000000,0.00000000,0.00000000,0.00000000,0.795318279E-3,0.00000000,0.395830661,-0.312487841,654.476990,0.335168745E-2
high_variance_transition_grid,8,300.000000,2100.00000,2400.00000,1.00000000,12000.0000,1500.00000,110.000000,-0.499999989E-2,0,300.475708,300.475708,0.569939148E-2,0.569939148E-2,0.00000000,0.00000000,0.00000000,75483.9609,0.922786713,0.105157611E-2,0.516896216E-5,-0.110589353E-4,0.349999994,180.000000,0.00000000,0.00000000,0.00000000,0.00000000,0.516791246E-3,0.00000000,0.339589834,-0.269986868,618.007751,0.245541800E-2
high_variance_transition_grid,9,300.000000,2400.00000,2700.00000,1.00000000,12000.0000,1500.00000,110.000000,-0.499999989E-2,0,301.707947,301.707947,0.517068058E-2,0.517068058E-2,0.00000000,0.00000000,0.00000000,72705.7266,0.912952483,0.965195883E-3,0.276384776E-5,-0.774740147E-5,0.349999994,180.000000,0.00000000,0.00000000,0.00000000,0.00000000,0.324472989E-3,0.00000000,0.278635681,-0.224923015,564.108765,0.179548096E-2
high_variance_transition_grid,10,300.000000,2700.00000,3000.00000,1.00000000,12000.0000,1500.00000,110.000000,-0.499999989E-2,0,302.931824,302.931824,0.468200678E-2,0.468200678E-2,0.00000000,0.00000000,0.00000000,70029.7500,0.903223038,0.885911286E-3,0.147221590E-5,-0.541716599E-5,0.349999994,180.000000,0.00000000,0.00000000,0.00000000,0.00000000,0.195130066E-3,0.00000000,0.217860401,-0.180498004,497.425720,0.131041696E-2
high_variance_transition_grid,11,300.000000,3000.00000,3300.00000,1.00000000,12000.0000,1500.00000,110.000000,-0.499999989E-2,0,304.147064,304.147064,0.423121220E-2,0.423121220E-2,0.00000000,0.00000000,0.00000000,67452.2656,0.893597305,0.813139370E-3,0.781164147E-6,-0.378046252E-5,0.349999994,180.000000,0.00000000,0.00000000,0.00000000,0.00000000,0.111157271E-3,0.00000000,0.162077516,-0.140797853,425.304626,0.954541669E-3
high_variance_transition_grid,12,300.000000,3300.00000,3600.00000,1.00000000,12000.0000,1500.00000,110.000000,-0.499999989E-2,0,305.353302,305.353302,0.381615013E-2,0.381615013E-2,0.00000000,0.00000000,0.00000000,64969.6484,0.884074211,0.746345206E-3,0.412843491E-6,-0.263301808E-5,0.349999994,180.000000,0.00000000,0.00000000,0.00000000,0.00000000,0.591459320E-4,0.00000000,0.114260465,-0.106290340,352.716919,0.693931303E-3
high_variance_transition_grid,13,300.000000,3600.00000,3900.00000,1.00000000,12000.0000,1500.00000,110.000000,-0.499999989E-2,0,306.550323,306.550323,0.343476469E-2,0.343476469E-2,0.00000000,0.00000000,0.00000000,62578.3984,0.874652505,0.685037754E-3,0.217303850E-6,-0.183013117E-5,0.349999994,180.000000,0.00000000,0.00000000,0.00000000,0.00000000,0.280073873E-4,0.871340774E-6,0.751839876E-1,-0.766891837E-1,281.191315,0.503451331E-3
high_variance_transition_grid,14,300.000000,3900.00000,4200.00000,1.00000000,12000.0000,1500.00000,110.000000,-0.499999989E-2,0,307.737640,307.737640,0.307872123E-2,0.307872123E-2,0.00000000,0.00000000,0.00000000,60275.1680,0.865331292,0.628766255E-3,0.113440905E-6,-0.126683699E-5,0.349999994,180.000000,0.00000000,0.00000000,0.00000000,0.00000000,0.114479981E-4,0.117766399E-5,0.441597700E-1,-0.906864405E-1,362.135559,0.363754691E-3
high_variance_transition_grid,15,300.000000,4200.00000,4500.00000,1.00000000,12000.0000,1500.00000,110.000000,-0.499999989E-2,0,308.914948,308.914948,0.274279993E-2,0.274279993E-2,0.00000000,0.00000000,0.00000000,58056.7070,0.856109381,0.577117258E-3,0.585045967E-7,-0.871602140E-6,0.349999994,180.000000,0.00000000,0.00000000,0.00000000,0.00000000,0.404513185E-5,0.749834214E-6,0.199003518E-1,-0.407955647E-1,186.837860,0.261227426E-3
high_variance_transition_grid,16,300.000000,4500.00000,4800.00000,1.00000000,12000.0000,1500.00000,110.000000,-0.499999989E-2,0,310.082001,310.082001,0.243279594E-2,0.243279594E-2,0.00000000,0.00000000,0.00000000,55919.8906,0.846985698,0.529710727E-3,0.299090779E-7,-0.597052008E-6,0.349999994,180.000000,0.00000000,0.00000000,0.00000000,0.00000000,0.119319429E-5,0.335527574E-6,0.105690956E-2,-0.665664673E-3,16.8034210,0.186777805E-3
high_variance_transition_grid,17,300.000000,4800.00000,5100.00000,1.00000000,12000.0000,1500.00000,110.000000,-0.499999989E-2,0,311.238251,311.238251,0.214819820E-2,0.214819820E-2,0.00000000,0.00000000,0.00000000,53861.7305,0.837959349,0.486198434E-3,0.151547148E-7,-0.407166425E-6,0.349999994,180.000000,0.00000000,0.00000000,0.00000000,0.00000000,0.00000000,0.00000000,0.00000000,0.131034851E-2,7.34660339,0.132952846E-3
high_variance_transition_grid,18,300.000000,5100.00000,5400.00000,1.00000000,12000.0000,1500.00000,110.000000,-0.499999989E-2,0,312.383514,312.383514,0.188828737E-2,0.188828737E-2,0.00000000,0.00000000,0.00000000,51879.3164,0.829029083,0.446260354E-3,0.760957075E-8,-0.276417495E-6,0.349999994,180.000000,0.00000000,0.00000000,0.00000000,0.00000000,0.00000000,0.00000000,0.00000000,0.115180016E-2,8.04522705,0.942114784E-4
high_variance_transition_grid,19,300.000000,5400.00000,5700.00000,1.00000000,12000.0000,1500.00000,110.000000,-0.499999989E-2,0,313.517242,313.517242,0.165212702E-2,0.165212702E-2,0.00000000,0.00000000,0.00000000,49969.8672,0.820194066,0.409602886E-3,0.378576370E-8,-0.186788242E-6,0.349999994,180.000000,0.00000000,0.00000000,0.00000000,0.00000000,0.00000000,0.00000000,0.00000000,0.100779533E-2,8.73680115,0.707994986E-4
high_variance_transition_grid,20,300.000000,5700.00000,6000.00000,1.00000000,12000.0000,1500.00000,110.000000,-0.499999989E-2,0,314.639221,314.639221,0.143864914E-2,0.143864914E-2,0.00000000,0.00000000,0.00000000,48130.6992,0.811453223,0.375956704E-3,0.186567983E-8,-0.125625775E-6,0.349999994,180.000000,0.00000000,0.00000000,0.124999997E-2,0.00000000,0.00000000,0.00000000,0.00000000,0.100779533E-2,8.73680115,0.124999997E-2
high_variance_coarse_grid,1,900.000000,0.00000000,900.000000,1.00000000,36000.0000,1800.00000,95.0000000,-0.200000009E-2,0,292.925110,292.925110,0.101328650E-1,0.101328650E-1,0.00000000,0.00000000,0.00000000,94530.2812,0.984057009,0.175870152E-2,0.190924518E-3,-0.869196956E-4,0.349999994,44.0000000,0.00000000,0.00000000,0.00000000,0.00000000,0.282721804E-2,0.00000000,0.532216370,-0.439899981,608.831909,0.920248404E-2
high_variance_coarse_grid,2,900.000000,900.000000,1800.00000,1.00000000,36000.0000,1800.00000,95.0000000,-0.200000009E-2,0,296.732330,296.732330,0.787216425E-2,0.787216425E-2,0.00000000,0.00000000,0.00000000,84472.0078,0.952929556,0.135992968E-2,0.820210698E-4,-0.500970564E-4,0.349999994,116.000000,0.00000000,0.00000000,0.00000000,0.00000000,0.219644955E-2,0.00000000,0.532216430,-0.409114778,721.850708,0.714935642E-2
high_variance_coarse_grid,3,900.000000,1800.00000,2700.00000,1.00000000,36000.0000,1800.00000,95.0000000,-0.200000009E-2,0,300.475708,300.475708,0.602096552E-2,0.602096552E-2,0.00000000,0.00000000,0.00000000,75483.9609,0.922786713,0.105157611E-2,0.341514533E-4,-0.284260313E-4,0.349999994,180.000000,0.00000000,0.00000000,0.00000000,0.00000000,0.167993794E-2,0.00000000,0.532216430,-0.374260783,853.803894,0.546813197E-2
high_variance_coarse_grid,4,900.000000,2700.00000,3600.00000,1.00000000,36000.0000,1800.00000,95.0000000,-0.200000009E-2,0,304.147064,304.147064,0.452866312E-2,0.452866312E-2,0.00000000,0.00000000,0.00000000,67452.2656,0.893597305,0.813139370E-3,0.137517145E-4,-0.158617895E-4,0.349999994,180.000000,0.00000000,0.00000000,0.00000000,0.00000000,0.126356352E-2,0.00000000,0.532216430,-0.338059783,1006.82074,0.411284948E-2
high_variance_coarse_grid,5,900.000000,3600.00000,4500.00000,1.00000000,36000.0000,1800.00000,95.0000000,-0.200000009E-2,0,307.737640,307.737640,0.227659941E-2,0.227659941E-2,0.00000000,0.00000000,0.00000000,60275.1680,0.865331292,0.628766255E-3,0.532099375E-5,-0.867625386E-5,0.349999994,180.000000,0.00000000,0.00000000,0.00000000,0.00000000,0.478200993E-3,0.491928913E-4,0.298402727,-0.200164735,782.391785,0.276807346E-2
high_variance_coarse_grid,6,900.000000,4500.00000,5400.00000,1.00000000,36000.0000,1800.00000,95.0000000,-0.200000009E-2,0,311.238251,311.238251,0.160994125E-2,0.160994125E-2,0.00000000,0.00000000,0.00000000,53861.7305,0.837959349,0.486198434E-3,0.189399759E-5,-0.455184818E-5,0.349999994,180.000000,0.00000000,0.00000000,0.00000000,0.00000000,0.199823931E-3,0.787098834E-4,0.254947215,-0.154278159,825.586975,0.165147102E-2
high_variance_coarse_grid,7,900.000000,5400.00000,6300.00000,1.00000000,36000.0000,1800.00000,95.0000000,-0.200000009E-2,0,314.639221,314.639221,0.109292159E-2,0.109292159E-2,0.00000000,0.00000000,0.00000000,48130.6992,0.811453223,0.375956704E-3,0.621265599E-6,-0.229244461E-5,0.349999994,180.000000,0.00000000,0.00000000,0.00000000,0.00000000,0.729092353E-4,0.651492228E-4,0.212531447,-0.111619890,852.869812,0.945844804E-3
high_variance_coarse_grid,8,900.000000,6300.00000,7200.00000,1.00000000,36000.0000,1800.00000,95.0000000,-0.200000009E-2,0,317.930267,317.930267,0.710090564E-3,0.710090564E-3,0.00000000,0.00000000,0.00000000,43009.4648,0.785785496,0.290711410E-3,0.186666568E-6,-0.110498297E-5,0.349999994,180.000000,0.00000000,0.00000000,0.00000000,0.00000000,0.216023400E-4,0.421603072E-4,0.172784120,-0.752056241E-1,858.362122,0.518459128E-3
high_variance_coarse_grid,9,900.000000,7200.00000,8100.00000,1.00000000,36000.0000,1800.00000,95.0000000,-0.200000009E-2,0,321.100616,321.100616,0.439527706E-3,0.439527706E-3,0.00000000,0.00000000,0.00000000,38433.1445,0.760929704,0.224794858E-3,0.509039495E-7,-0.507411414E-6,0.349999994,180.000000,0.00000000,0.00000000,0.00000000,0.00000000,0.406275831E-5,0.231160702E-4,0.136819273,-0.467700362E-1,838.119629,0.270742836E-3
high_variance_coarse_grid,10,900.000000,8100.00000,9000.00000,1.00000000,36000.0000,1800.00000,95.0000000,-0.200000009E-2,0,324.138855,324.138855,0.261872221E-3,0.261872221E-3,0.00000000,0.00000000,0.00000000,34343.7539,0.736860156,0.173824374E-3,0.128616797E-7,-0.224282545E-6,0.349999994,180.000000,0.00000000,0.00000000,0.00000000,0.00000000,0.00000000,0.107395490E-4,0.105168164,-0.267794132E-1,786.756409,0.136091214E-3
high_variance_coarse_grid,11,900.000000,9000.00000,9900.00000,1.00000000,36000.0000,1800.00000,95.0000000,-0.200000009E-2,0,327.032928,327.032928,0.159880074E-3,0.159880074E-3,0.00000000,0.00000000,0.00000000,30689.4902,0.713551998,0.134411035E-3,0.341230111E-8,-0.101585663E-6,0.349999994,180.000000,0.00000000,0.00000000,0.00000000,0.00000000,0.00000000,0.415886961E-5,0.778744519E-1,-0.146282315E-1,697.580872,0.700978853E-4
high_variance_coarse_grid,12,900.000000,9900.00000,10800.0000,1.00000000,36000.0000,1800.00000,95.0000000,-0.200000009E-2,0,329.770264,329.770264,0.948608140E-4,0.948608140E-4,0.00000000,0.00000000,0.00000000,27424.0430,0.690981030,0.103934377E-3,0.855012172E-9,-0.447153923E-7,0.349999994,180.000000,0.00000000,0.00000000,0.00000000,0.00000000,0.00000000,0.148441313E-5,0.546586514E-1,-0.108197331E-1,852.544373,0.350887094E-4
high_variance_coarse_grid,13,900.000000,10800.0000,11700.0000,1.00000000,36000.0000,1800.00000,95.0000000,-0.200000009E-2,0,334.990143,334.990143,0.679019358E-4,0.679019358E-4,0.00000000,0.00000000,0.00000000,24506.0527,0.669124126,0.803680668E-4,0.311819154E-9,-0.237456703E-7,0.349999994,180.000000,0.00000000,0.00000000,0.00000000,0.00000000,0.00000000,0.00000000,0.00000000,0.413656235E-4,21.8352661,0.211900824E-4
high_variance_coarse_grid,14,900.000000,11700.0000,12600.0000,1.00000000,36000.0000,1800.00000,95.0000000,-0.200000009E-2,0,347.321594,347.321594,0.847904084E-4,0.847904084E-4,0.00000000,0.00000000,0.00000000,21898.5449,0.647958517,0.621452200E-4,0.346076251E-9,-0.219978897E-7,0.349999994,180.000000,0.00000000,0.00000000,0.00000000,0.00000000,0.00000000,0.00000000,0.00000000,0.517368317E-4,29.3574524,0.223237494E-4
high_variance_coarse_grid,15,900.000000,12600.0000,13500.0000,1.00000000,36000.0000,1800.00000,95.0000000,-0.200000009E-2,0,360.101227,360.101227,0.105792686E-3,0.105792686E-3,0.00000000,0.00000000,0.00000000,19568.4805,0.627462447,0.480542731E-4,0.383468313E-9,-0.203620747E-7,0.349999994,180.000000,0.00000000,0.00000000,0.00000000,0.00000000,0.00000000,0.00000000,0.00000000,0.644922256E-4,37.1530304,0.234988165E-4
high_variance_coarse_grid,16,900.000000,13500.0000,14400.0000,1.00000000,36000.0000,1800.00000,95.0000000,-0.200000009E-2,0,373.345123,373.345123,0.131882349E-3,0.131882349E-3,0.00000000,0.00000000,0.00000000,17486.3438,0.607614696,0.371583410E-4,0.424161734E-9,-0.188315123E-7,0.349999994,180.000000,0.00000000,0.00000000,0.00000000,0.00000000,0.00000000,0.00000000,0.00000000,0.804662704E-4,45.2317963,0.247142252E-4
high_variance_coarse_grid,17,900.000000,14400.0000,15300.0000,1.00000000,36000.0000,1800.00000,95.0000000,-0.200000009E-2,0,387.070068,387.070068,0.164265104E-3,0.164265104E-3,0.00000000,0.00000000,0.00000000,15625.7500,0.588394761,0.287329767E-4,0.468369510E-9,-0.174010673E-7,0.349999994,180.000000,0.00000000,0.00000000,0.00000000,0.00000000,0.00000000,0.00000000,0.00000000,0.100255013E-3,53.6040192,0.259702156E-4
high_variance_coarse_grid,18,900.000000,15300.0000,16200.0000,1.00000000,36000.0000,1800.00000,95.0000000,-0.200000009E-2,0,401.293243,401.293243,0.204436292E-3,0.204436292E-3,0.00000000,0.00000000,0.00000000,13963.1289,0.569782794,0.222179933E-4,0.516361398E-9,-0.160664744E-7,0.349999994,180.000000,0.00000000,0.00000000,0.00000000,0.00000000,0.00000000,0.00000000,0.00000000,0.124692917E-3,62.2801514,0.272683046E-4
high_variance_coarse_grid,19,900.000000,16200.0000,17100.0000,1.00000000,36000.0000,1800.00000,95.0000000,-0.200000009E-2,0,416.032623,416.032623,0.254229526E-3,0.254229526E-3,0.00000000,0.00000000,0.00000000,12477.4150,0.551759601,0.171802330E-4,0.568368297E-9,-0.148224757E-7,0.349999994,180.000000,0.00000000,0.00000000,0.00000000,0.00000000,0.00000000,0.00000000,0.00000000,0.155091286E-3,71.2711792,0.286085706E-4
high_variance_coarse_grid,20,900.000000,17100.0000,18000.0000,1.00000000,36000.0000,1800.00000,95.0000000,-0.200000009E-2,0,431.306763,431.306763,0.315896963E-3,0.315896963E-3,0.00000000,0.00000000,0.00000000,11149.7861,0.534306467,0.132847526E-4,0.624609475E-9,-0.136638247E-7,0.349999994,180.000000,0.00000000,0.00000000,0.300000003E-2,0.00000000,0.00000000,0.00000000,0.00000000,0.155091286E-3,71.2711792,0.300000003E-2
